JAHR MO TG 224 221
1981 1 1 40 9
1981 1 2 24 0
1981 1 3 51 32
1981 1 4 1 0
1981 1 5 22 0
1981 1 6 6 0
1981 1 7 41 0
1981 1 8 73 273
1981 1 9 53 0
1981 1 10 51 0
1981 1 11 93 338
1981 1 12 84 389
1981 1 13 48 0
1981 1 14 81 313
1981 1 15 36 0
1981 1 16 42 0
1981 1 17 54 0
1981 1 18 19 0
1981 1 19 18 0
1981 1 20 28 0
1981 1 21 77 199
1981 1 22 107 417
1981 1 23 100 408
1981 1 24 103 416
1981 1 25 94 322
1981 1 26 51 44
1981 1 27 106 422
1981 1 28 102 335
1981 1 29 106 429
1981 1 30 108 432
1981 1 31 109 436
1981 2 1 109 439
1981 2 2 112 441
1981 2 3 87 165
1981 2 4 52 4
1981 2 5 95 138
1981 2 6 25 0
1981 2 7 58 0
1981 2 8 132 457
1981 2 9 127 459
1981 2 10 59 0
1981 2 11 129 366
1981 2 12 139 464
1981 2 13 139 467
1981 2 14 141 471
1981 2 15 142 473
1981 2 16 146 476
1981 2 17 154 500
1981 2 18 144 389
1981 2 19 148 478
1981 2 20 152 496
1981 2 21 126 109
1981 2 22 160 510
1981 2 23 148 379
1981 2 24 160 520
1981 2 25 161 487
1981 2 26 170 541
1981 2 27 175 546
1981 2 28 135 92
1981 3 1 114 32
1981 3 2 167 368
1981 3 3 106 101
1981 3 4 102 0
1981 3 5 177 453
1981 3 6 141 82
1981 3 7 183 510
1981 3 8 90 0
1981 3 9 160 333
1981 3 10 84 0
1981 3 11 85 16
1981 3 12 70 71
1981 3 13 109 103
1981 3 14 217 565
1981 3 15 101 0
1981 3 16 173 117
1981 3 17 34 0
1981 3 18 28 44
1981 3 19 228 594
1981 3 20 216 382
1981 3 21 209 480
1981 3 22 209 477
1981 3 23 174 86
1981 3 24 214 437
1981 3 25 191 332
1981 3 26 49 5
1981 3 27 234 535
1981 3 28 238 592
1981 3 29 178 162
1981 3 30 90 13
1981 3 31 81 0
1981 4 1 140 0
1981 4 2 238 558
1981 4 3 217 237
1981 4 4 247 558
1981 4 5 146 0
1981 4 6 213 311
1981 4 7 254 627
1981 4 8 165 138
1981 4 9 216 257
1981 4 10 263 624
1981 4 11 262 557
1981 4 12 265 613
1981 4 13 280 630
1981 4 14 278 630
1981 4 15 204 307
1981 4 16 255 445
1981 4 17 291 565
1981 4 18 213 180
1981 4 19 221 152
1981 4 20 194 0
1981 4 21 214 217
1981 4 22 305 636
1981 4 23 248 205
1981 4 24 190 90
1981 4 25 163 5
1981 4 26 247 281
1981 4 27 205 0
1981 4 28 146 0
1981 4 29 147 0
1981 4 30 259 170
1981 5 1 137 0
1981 5 2 142 0
1981 5 3 120 0
1981 5 4 177 44
1981 5 5 129 0
1981 5 6 147 0
1981 5 7 316 553
1981 5 8 174 7
1981 5 9 317 645
1981 5 10 274 322
1981 5 11 199 170
1981 5 12 202 89
1981 5 13 82 0
1981 5 14 199 50
1981 5 15 216 213
1981 5 16 195 201
1981 5 17 157 138
1981 5 18 235 248
1981 5 19 293 371
1981 5 20 282 341
1981 5 21 318 558
1981 5 22 84 23
1981 5 23 338 637
1981 5 24 110 0
1981 5 25 67 18
1981 5 26 56 0
1981 5 27 115 0
1981 5 28 330 483
1981 5 29 251 144
1981 5 30 227 251
1981 5 31 311 515
1981 6 1 324 546
1981 6 2 335 717
1981 6 3 282 330
1981 6 4 61 0
1981 6 5 204 49
1981 6 6 330 598
1981 6 7 274 257
1981 6 8 83 0
1981 6 9 297 497
1981 6 10 310 459
1981 6 11 343 710
1981 6 12 304 499
1981 6 13 310 490
1981 6 14 349 729
1981 6 15 350 728
1981 6 16 165 76
1981 6 17 272 236
1981 6 18 108 0
1981 6 19 207 39
1981 6 20 294 84
1981 6 21 86 0
1981 6 22 175 0
1981 6 23 262 211
1981 6 24 189 14
1981 6 25 220 92
1981 6 26 133 8
1981 6 27 313 445
1981 6 28 193 116
1981 6 29 238 31
1981 6 30 311 298
1981 7 1 346 686
1981 7 2 332 682
1981 7 3 121 12
1981 7 4 256 270
1981 7 5 321 562
1981 7 6 175 78
1981 7 7 295 492
1981 7 8 270 403
1981 7 9 261 375
1981 7 10 203 160
1981 7 11 226 210
1981 7 12 109 0
1981 7 13 213 96
1981 7 14 236 130
1981 7 15 150 17
1981 7 16 261 175
1981 7 17 219 128
1981 7 18 44 0
1981 7 19 84 0
1981 7 20 70 0
1981 7 21 142 61
1981 7 22 264 153
1981 7 23 101 67
1981 7 24 43 1
1981 7 25 153 2
1981 7 26 116 8
1981 7 27 86 0
1981 7 28 196 116
1981 7 29 319 651
1981 7 30 312 673
1981 7 31 212 180
1981 8 1 276 483
1981 8 2 222 24
1981 8 3 259 450
1981 8 4 300 596
1981 8 5 308 636
1981 8 6 210 347
1981 8 7 206 212
1981 8 8 264 466
1981 8 9 118 72
1981 8 10 126 13
1981 8 11 109 0
1981 8 12 246 344
1981 8 13 288 598
1981 8 14 267 579
1981 8 15 284 640
1981 8 16 269 559
1981 8 17 169 117
1981 8 18 284 637
1981 8 19 274 629
1981 8 20 219 375
1981 8 21 100 14
1981 8 22 268 635
1981 8 23 93 29
1981 8 24 131 57
1981 8 25 268 613
1981 8 26 255 522
1981 8 27 168 125
1981 8 28 193 275
1981 8 29 264 630
1981 8 30 258 630
1981 8 31 226 444
1981 9 1 53 0
1981 9 2 105 5
1981 9 3 84 0
1981 9 4 159 117
1981 9 5 227 542
1981 9 6 233 550
1981 9 7 231 613
1981 9 8 202 348
1981 9 9 73 0
1981 9 10 175 352
1981 9 11 135 153
1981 9 12 159 220
1981 9 13 33 0
1981 9 14 79 31
1981 9 15 134 167
1981 9 16 73 12
1981 9 17 205 549
1981 9 18 206 584
1981 9 19 78 10
1981 9 20 157 309
1981 9 21 114 165
1981 9 22 54 22
1981 9 23 50 0
1981 9 24 80 114
1981 9 25 168 376
1981 9 26 89 48
1981 9 27 98 73
1981 9 28 34 0
1981 9 29 56 0
1981 9 30 164 288
1981 10 1 187 579
1981 10 2 85 1
1981 10 3 97 18
1981 10 4 163 438
1981 10 5 148 357
1981 10 6 150 506
1981 10 7 86 159
1981 10 8 168 561
1981 10 9 129 349
1981 10 10 48 0
1981 10 11 86 38
1981 10 12 41 0
1981 10 13 82 49
1981 10 14 102 132
1981 10 15 65 36
1981 10 16 135 294
1981 10 17 89 24
1981 10 18 131 480
1981 10 19 136 296
1981 10 20 137 496
1981 10 21 29 8
1981 10 22 59 0
1981 10 23 139 428
1981 10 24 76 65
1981 10 25 106 88
1981 10 26 49 0
1981 10 27 30 0
1981 10 28 97 162
1981 10 29 104 252
1981 10 30 59 0
1981 10 31 57 10
1981 11 1 116 438
1981 11 2 109 434
1981 11 3 112 460
1981 11 4 109 458
1981 11 5 99 336
1981 11 6 106 413
1981 11 7 66 93
1981 11 8 109 442
1981 11 9 89 295
1981 11 10 90 384
1981 11 11 60 23
1981 11 12 35 0
1981 11 13 37 0
1981 11 14 43 0
1981 11 15 92 330
1981 11 16 101 419
1981 11 17 97 417
1981 11 18 87 318
1981 11 19 41 0
1981 11 20 56 135
1981 11 21 87 406
1981 11 22 80 374
1981 11 23 83 403
1981 11 24 44 61
1981 11 25 72 184
1981 11 26 38 0
1981 11 27 52 127
1981 11 28 36 0
1981 11 29 43 0
1981 11 30 31 0
1981 12 1 27 0
1981 12 2 55 43
1981 12 3 65 227
1981 12 4 44 39
1981 12 5 46 15
1981 12 6 51 0
1981 12 7 42 0
1981 12 8 65 254
1981 12 9 38 27
1981 12 10 52 0
1981 12 11 41 24
1981 12 12 46 32
1981 12 13 67 278
1981 12 14 32 0
1981 12 15 20 0
1981 12 16 12 0
1981 12 17 48 146
1981 12 18 43 25
1981 12 19 31 0
1981 12 20 73 333
1981 12 21 45 0
1981 12 22 42 24
1981 12 23 46 52
1981 12 24 41 58
1981 12 25 34 0
1981 12 26 69 295
1981 12 27 46 5
1981 12 28 46 66
1981 12 29 21 4
1981 12 30 40 0
1981 12 31 36 0
1982 1 1 25 0
1982 1 2 77 375
1982 1 3 70 350
1982 1 4 47 48
1982 1 5 40 0
1982 1 6 28 0
1982 1 7 71 243
1982 1 8 37 0
1982 1 9 43 0
1982 1 10 32 0
1982 1 11 60 52
1982 1 12 40 0
1982 1 13 79 390
1982 1 14 80 388
1982 1 15 82 336
1982 1 16 63 190
1982 1 17 74 296
1982 1 18 87 401
1982 1 19 87 402
1982 1 20 88 405
1982 1 21 89 406
1982 1 22 82 381
1982 1 23 68 57
1982 1 24 60 0
1982 1 25 68 62
1982 1 26 71 125
1982 1 27 50 0
1982 1 28 73 99
1982 1 29 14 0
1982 1 30 57 1
1982 1 31 57 0
1982 2 1 110 438
1982 2 2 106 417
1982 2 3 117 443
1982 2 4 108 364
1982 2 5 118 448
1982 2 6 82 0
1982 2 7 114 412
1982 2 8 96 70
1982 2 9 44 0
1982 2 10 123 460
1982 2 11 125 461
1982 2 12 127 463
1982 2 13 123 434
1982 2 14 112 160
1982 2 15 101 158
1982 2 16 95 108
1982 2 17 128 104
1982 2 18 140 458
1982 2 19 81 1
1982 2 20 66 0
1982 2 21 155 502
1982 2 22 141 331
1982 2 23 109 32
1982 2 24 130 227
1982 2 25 155 501
1982 2 26 144 192
1982 2 27 172 545
1982 2 28 137 256
1982 3 1 169 502
1982 3 2 67 0
1982 3 3 139 153
1982 3 4 136 289
1982 3 5 121 40
1982 3 6 149 158
1982 3 7 171 446
1982 3 8 144 202
1982 3 9 192 492
1982 3 10 166 347
1982 3 11 78 0
1982 3 12 144 166
1982 3 13 133 0
1982 3 14 212 333
1982 3 15 212 583
1982 3 16 194 334
1982 3 17 95 110
1982 3 18 103 0
1982 3 19 132 53
1982 3 20 115 0
1982 3 21 203 186
1982 3 22 132 0
1982 3 23 157 51
1982 3 24 235 606
1982 3 25 226 435
1982 3 26 238 612
1982 3 27 242 603
1982 3 28 217 177
1982 3 29 222 350
1982 3 30 237 358
1982 3 31 174 144
1982 4 1 253 621
1982 4 2 243 493
1982 4 3 159 1
1982 4 4 253 563
1982 4 5 247 581
1982 4 6 237 437
1982 4 7 159 148
1982 4 8 199 216
1982 4 9 276 453
1982 4 10 280 455
1982 4 11 296 626
1982 4 12 258 401
1982 4 13 135 0
1982 4 14 219 48
1982 4 15 216 186
1982 4 16 249 376
1982 4 17 174 11
1982 4 18 279 555
1982 4 19 295 628
1982 4 20 225 64
1982 4 21 211 99
1982 4 22 225 130
1982 4 23 284 537
1982 4 24 183 5
1982 4 25 287 423
1982 4 26 285 443
1982 4 27 204 67
1982 4 28 218 164
1982 4 29 165 10
1982 4 30 235 98
1982 5 1 158 135
1982 5 2 261 272
1982 5 3 307 566
1982 5 4 149 0
1982 5 5 133 63
1982 5 6 248 196
1982 5 7 353 491
1982 5 8 147 0
1982 5 9 237 82
1982 5 10 303 470
1982 5 11 335 648
1982 5 12 330 646
1982 5 13 333 651
1982 5 14 331 653
1982 5 15 325 655
1982 5 16 260 388
1982 5 17 196 23
1982 5 18 210 315
1982 5 19 235 130
1982 5 20 220 39
1982 5 21 138 2
1982 5 22 209 182
1982 5 23 221 196
1982 5 24 194 13
1982 5 25 352 704
1982 5 26 351 705
1982 5 27 302 579
1982 5 28 234 11
1982 5 29 321 547
1982 5 30 337 712
1982 5 31 288 455
1982 6 1 333 704
1982 6 2 334 667
1982 6 3 331 640
1982 6 4 262 349
1982 6 5 324 584
1982 6 6 229 210
1982 6 7 223 75
1982 6 8 155 278
1982 6 9 242 214
1982 6 10 312 482
1982 6 11 97 60
1982 6 12 75 0
1982 6 13 118 0
1982 6 14 92 0
1982 6 15 191 27
1982 6 16 113 40
1982 6 17 277 380
1982 6 18 109 0
1982 6 19 242 218
1982 6 20 343 656
1982 6 21 149 2
1982 6 22 271 265
1982 6 23 58 0
1982 6 24 324 539
1982 6 25 201 30
1982 6 26 63 0
1982 6 27 141 33
1982 6 28 264 124
1982 6 29 243 249
1982 6 30 321 456
1982 7 1 311 576
1982 7 2 285 427
1982 7 3 227 143
1982 7 4 235 300
1982 7 5 337 645
1982 7 6 261 278
1982 7 7 261 403
1982 7 8 334 717
1982 7 9 338 719
1982 7 10 284 287
1982 7 11 321 680
1982 7 12 320 680
1982 7 13 294 631
1982 7 14 246 356
1982 7 15 272 496
1982 7 16 294 510
1982 7 17 176 102
1982 7 18 319 594
1982 7 19 237 349
1982 7 20 177 75
1982 7 21 223 361
1982 7 22 235 341
1982 7 23 197 72
1982 7 24 140 0
1982 7 25 89 0
1982 7 26 43 0
1982 7 27 62 0
1982 7 28 70 7
1982 7 29 294 499
1982 7 30 205 106
1982 7 31 88 9
1982 8 1 300 648
1982 8 2 175 119
1982 8 3 128 18
1982 8 4 142 19
1982 8 5 237 179
1982 8 6 150 164
1982 8 7 145 9
1982 8 8 119 0
1982 8 9 132 0
1982 8 10 209 153
1982 8 11 285 633
1982 8 12 280 576
1982 8 13 207 414
1982 8 14 237 417
1982 8 15 211 396
1982 8 16 182 326
1982 8 17 82 9
1982 8 18 277 626
1982 8 19 212 356
1982 8 20 32 0
1982 8 21 158 125
1982 8 22 278 633
1982 8 23 266 634
1982 8 24 151 210
1982 8 25 131 38
1982 8 26 213 391
1982 8 27 68 0
1982 8 28 43 0
1982 8 29 189 220
1982 8 30 259 627
1982 8 31 41 46
1982 9 1 182 193
1982 9 2 248 606
1982 9 3 249 628
1982 9 4 232 625
1982 9 5 211 539
1982 9 6 55 26
1982 9 7 44 0
1982 9 8 67 46
1982 9 9 228 546
1982 9 10 220 568
1982 9 11 218 456
1982 9 12 225 607
1982 9 13 224 602
1982 9 14 219 587
1982 9 15 216 601
1982 9 16 211 584
1982 9 17 207 563
1982 9 18 186 458
1982 9 19 199 535
1982 9 20 187 487
1982 9 21 80 15
1982 9 22 107 65
1982 9 23 57 13
1982 9 24 122 238
1982 9 25 79 40
1982 9 26 97 89
1982 9 27 188 584
1982 9 28 162 416
1982 9 29 187 581
1982 9 30 53 17
1982 10 1 62 13
1982 10 2 144 369
1982 10 3 149 409
1982 10 4 124 201
1982 10 5 55 0
1982 10 6 27 0
1982 10 7 181 512
1982 10 8 134 178
1982 10 9 79 13
1982 10 10 73 2
1982 10 11 143 386
1982 10 12 101 37
1982 10 13 84 37
1982 10 14 158 488
1982 10 15 70 31
1982 10 16 150 534
1982 10 17 92 182
1982 10 18 110 286
1982 10 19 50 12
1982 10 20 141 509
1982 10 21 143 502
1982 10 22 108 291
1982 10 23 53 53
1982 10 24 45 0
1982 10 25 68 28
1982 10 26 124 480
1982 10 27 140 472
1982 10 28 125 469
1982 10 29 121 450
1982 10 30 121 462
1982 10 31 114 457
1982 11 1 108 348
1982 11 2 79 74
1982 11 3 111 438
1982 11 4 95 360
1982 11 5 86 300
1982 11 6 108 448
1982 11 7 90 278
1982 11 8 44 19
1982 11 9 19 0
1982 11 10 52 16
1982 11 11 99 424
1982 11 12 97 387
1982 11 13 19 0
1982 11 14 60 60
1982 11 15 67 6
1982 11 16 96 411
1982 11 17 43 0
1982 11 18 18 0
1982 11 19 73 137
1982 11 20 87 408
1982 11 21 86 405
1982 11 22 85 404
1982 11 23 81 401
1982 11 24 70 114
1982 11 25 59 98
1982 11 26 74 209
1982 11 27 53 61
1982 11 28 24 0
1982 11 29 32 0
1982 11 30 71 329
1982 12 1 68 299
1982 12 2 59 161
1982 12 3 64 280
1982 12 4 71 382
1982 12 5 72 381
1982 12 6 36 4
1982 12 7 40 38
1982 12 8 51 132
1982 12 9 46 51
1982 12 10 56 140
1982 12 11 52 27
1982 12 12 37 58
1982 12 13 67 171
1982 12 14 44 0
1982 12 15 41 0
1982 12 16 17 0
1982 12 17 46 98
1982 12 18 27 0
1982 12 19 59 263
1982 12 20 38 0
1982 12 21 46 123
1982 12 22 68 370
1982 12 23 61 243
1982 12 24 58 165
1982 12 25 28 0
1982 12 26 68 370
1982 12 27 62 348
1982 12 28 36 0
1982 12 29 65 318
1982 12 30 69 372
1982 12 31 67 361
1983 1 1 69 373
1983 1 2 41 15
1983 1 3 39 0
1983 1 4 56 83
1983 1 5 16 0
1983 1 6 73 379
1983 1 7 49 0
1983 1 8 61 114
1983 1 9 76 382
1983 1 10 77 384
1983 1 11 77 386
1983 1 12 78 387
1983 1 13 71 224
1983 1 14 67 183
1983 1 15 11 0
1983 1 16 8 0
1983 1 17 42 71
1983 1 18 87 400
1983 1 19 44 0
1983 1 20 33 0
1983 1 21 77 267
1983 1 22 87 407
1983 1 23 93 410
1983 1 24 97 414
1983 1 25 91 247
1983 1 26 26 0
1983 1 27 46 0
1983 1 28 88 332
1983 1 29 62 122
1983 1 30 59 46
1983 1 31 62 0
1983 2 1 101 384
1983 2 2 48 0
1983 2 3 70 0
1983 2 4 100 193
1983 2 5 66 0
1983 2 6 66 0
1983 2 7 102 254
1983 2 8 115 288
1983 2 9 107 342
1983 2 10 117 301
1983 2 11 91 0
1983 2 12 126 460
1983 2 13 121 400
1983 2 14 128 426
1983 2 15 137 469
1983 2 16 142 475
1983 2 17 141 476
1983 2 18 143 478
1983 2 19 147 487
1983 2 20 149 492
1983 2 21 152 498
1983 2 22 158 507
1983 2 23 160 514
1983 2 24 162 519
1983 2 25 95 0
1983 2 26 114 88
1983 2 27 85 0
1983 2 28 71 0
1983 3 1 121 0
1983 3 2 123 3
1983 3 3 181 555
1983 3 4 186 557
1983 3 5 164 393
1983 3 6 172 471
1983 3 7 114 67
1983 3 8 192 569
1983 3 9 197 572
1983 3 10 187 547
1983 3 11 192 576
1983 3 12 180 441
1983 3 13 197 579
1983 3 14 164 117
1983 3 15 151 0
1983 3 16 140 7
1983 3 17 78 0
1983 3 18 94 0
1983 3 19 117 0
1983 3 20 204 428
1983 3 21 212 512
1983 3 22 73 3
1983 3 23 171 73
1983 3 24 163 109
1983 3 25 76 0
1983 3 26 107 0
1983 3 27 242 505
1983 3 28 159 6
1983 3 29 153 0
1983 3 30 243 530
1983 3 31 236 475
1983 4 1 154 0
1983 4 2 95 31
1983 4 3 196 0
1983 4 4 196 148
1983 4 5 192 22
1983 4 6 107 0
1983 4 7 167 24
1983 4 8 206 89
1983 4 9 181 28
1983 4 10 259 458
1983 4 11 235 156
1983 4 12 176 9
1983 4 13 217 0
1983 4 14 194 0
1983 4 15 112 0
1983 4 16 292 631
1983 4 17 276 387
1983 4 18 188 112
1983 4 19 197 177
1983 4 20 267 314
1983 4 21 200 108
1983 4 22 257 452
1983 4 23 285 515
1983 4 24 229 224
1983 4 25 235 254
1983 4 26 168 73
1983 4 27 244 291
1983 4 28 172 6
1983 4 29 161 4
1983 4 30 155 22
1983 5 1 94 46
1983 5 2 317 343
1983 5 3 254 248
1983 5 4 152 101
1983 5 5 184 29
1983 5 6 272 105
1983 5 7 153 103
1983 5 8 75 0
1983 5 9 176 7
1983 5 10 205 187
1983 5 11 138 7
1983 5 12 201 150
1983 5 13 189 57
1983 5 14 228 223
1983 5 15 125 30
1983 5 16 206 323
1983 5 17 334 659
1983 5 18 211 112
1983 5 19 188 99
1983 5 20 293 418
1983 5 21 115 86
1983 5 22 93 0
1983 5 23 109 0
1983 5 24 145 0
1983 5 25 98 0
1983 5 26 148 0
1983 5 27 218 0
1983 5 28 243 10
1983 5 29 317 187
1983 5 30 311 402
1983 5 31 296 386
1983 6 1 258 207
1983 6 2 200 146
1983 6 3 299 321
1983 6 4 315 559
1983 6 5 294 455
1983 6 6 88 48
1983 6 7 353 723
1983 6 8 353 724
1983 6 9 250 326
1983 6 10 191 77
1983 6 11 316 334
1983 6 12 346 635
1983 6 13 148 0
1983 6 14 62 0
1983 6 15 137 48
1983 6 16 147 13
1983 6 17 255 21
1983 6 18 203 18
1983 6 19 264 340
1983 6 20 208 190
1983 6 21 260 171
1983 6 22 272 170
1983 6 23 262 346
1983 6 24 231 290
1983 6 25 242 320
1983 6 26 239 166
1983 6 27 102 15
1983 6 28 115 0
1983 6 29 339 727
1983 6 30 279 234
1983 7 1 152 37
1983 7 2 338 625
1983 7 3 340 716
1983 7 4 279 339
1983 7 5 196 294
1983 7 6 186 187
1983 7 7 129 0
1983 7 8 199 29
1983 7 9 252 432
1983 7 10 216 256
1983 7 11 309 594
1983 7 12 195 342
1983 7 13 181 203
1983 7 14 259 328
1983 7 15 331 711
1983 7 16 325 709
1983 7 17 291 538
1983 7 18 281 546
1983 7 19 254 421
1983 7 20 278 544
1983 7 21 248 443
1983 7 22 289 655
1983 7 23 199 399
1983 7 24 202 398
1983 7 25 302 652
1983 7 26 240 499
1983 7 27 274 595
1983 7 28 236 492
1983 7 29 145 135
1983 7 30 298 653
1983 7 31 291 651
1983 8 1 227 436
1983 8 2 103 48
1983 8 3 62 0
1983 8 4 77 16
1983 8 5 57 0
1983 8 6 66 0
1983 8 7 193 168
1983 8 8 292 643
1983 8 9 262 559
1983 8 10 110 25
1983 8 11 120 28
1983 8 12 93 3
1983 8 13 94 59
1983 8 14 283 640
1983 8 15 275 640
1983 8 16 255 483
1983 8 17 209 218
1983 8 18 268 579
1983 8 19 224 424
1983 8 20 178 253
1983 8 21 242 484
1983 8 22 185 360
1983 8 23 176 338
1983 8 24 55 0
1983 8 25 136 101
1983 8 26 180 225
1983 8 27 248 588
1983 8 28 199 419
1983 8 29 88 2
1983 8 30 222 429
1983 8 31 225 480
1983 9 1 187 406
1983 9 2 120 83
1983 9 3 50 11
1983 9 4 207 405
1983 9 5 112 68
1983 9 6 183 299
1983 9 7 173 283
1983 9 8 233 624
1983 9 9 164 269
1983 9 10 51 21
1983 9 11 97 53
1983 9 12 104 0
1983 9 13 236 610
1983 9 14 213 582
1983 9 15 202 601
1983 9 16 26 0
1983 9 17 123 85
1983 9 18 194 400
1983 9 19 214 608
1983 9 20 188 355
1983 9 21 120 122
1983 9 22 186 524
1983 9 23 201 596
1983 9 24 199 594
1983 9 25 87 119
1983 9 26 190 590
1983 9 27 192 588
1983 9 28 189 586
1983 9 29 171 509
1983 9 30 138 305
1983 10 1 173 542
1983 10 2 71 1
1983 10 3 160 410
1983 10 4 173 574
1983 10 5 174 572
1983 10 6 58 136
1983 10 7 165 567
1983 10 8 145 353
1983 10 9 35 0
1983 10 10 155 555
1983 10 11 44 1
1983 10 12 163 523
1983 10 13 154 548
1983 10 14 134 448
1983 10 15 88 252
1983 10 16 85 112
1983 10 17 66 3
1983 10 18 128 291
1983 10 19 125 381
1983 10 20 140 485
1983 10 21 96 104
1983 10 22 135 493
1983 10 23 134 489
1983 10 24 132 483
1983 10 25 132 477
1983 10 26 124 405
1983 10 27 121 472
1983 10 28 119 469
1983 10 29 101 291
1983 10 30 83 199
1983 10 31 56 31
1983 11 1 115 460
1983 11 2 107 458
1983 11 3 96 348
1983 11 4 64 29
1983 11 5 91 244
1983 11 6 94 409
1983 11 7 99 423
1983 11 8 101 443
1983 11 9 99 441
1983 11 10 99 439
1983 11 11 96 435
1983 11 12 95 431
1983 11 13 95 428
1983 11 14 31 3
1983 11 15 90 421
1983 11 16 88 413
1983 11 17 90 417
1983 11 18 88 415
1983 11 19 88 414
1983 11 20 84 341
1983 11 21 86 407
1983 11 22 85 405
1983 11 23 71 297
1983 11 24 78 389
1983 11 25 31 0
1983 11 26 18 0
1983 11 27 10 0
1983 11 28 20 0
1983 11 29 32 8
1983 11 30 27 0
1983 12 1 81 387
1983 12 2 80 386
1983 12 3 78 384
1983 12 4 72 382
1983 12 5 73 381
1983 12 6 45 13
1983 12 7 38 7
1983 12 8 71 371
1983 12 9 53 131
1983 12 10 61 209
1983 12 11 50 131
1983 12 12 60 155
1983 12 13 56 222
1983 12 14 69 373
1983 12 15 69 372
1983 12 16 58 89
1983 12 17 45 21
1983 12 18 43 70
1983 12 19 19 0
1983 12 20 64 340
1983 12 21 29 0
1983 12 22 35 20
1983 12 23 23 0
1983 12 24 60 298
1983 12 25 48 169
1983 12 26 44 85
1983 12 27 64 306
1983 12 28 64 370
1983 12 29 65 372
1983 12 30 66 293
1983 12 31 56 265
1984 1 1 53 220
1984 1 2 61 251
1984 1 3 55 160
1984 1 4 43 27
1984 1 5 35 85
1984 1 6 39 0
1984 1 7 67 235
1984 1 8 48 96
1984 1 9 42 5
1984 1 10 59 139
1984 1 11 78 386
1984 1 12 40 0
1984 1 13 58 169
1984 1 14 63 121
1984 1 15 35 0
1984 1 16 56 130
1984 1 17 61 44
1984 1 18 69 214
1984 1 19 41 0
1984 1 20 40 4
1984 1 21 59 20
1984 1 22 70 210
1984 1 23 66 122
1984 1 24 42 0
1984 1 25 34 0
1984 1 26 71 129
1984 1 27 83 237
1984 1 28 71 179
1984 1 29 98 360
1984 1 30 60 0
1984 1 31 70 136
1984 2 1 109 422
1984 2 2 52 0
1984 2 3 108 406
1984 2 4 89 177
1984 2 5 88 188
1984 2 6 47 0
1984 2 7 24 0
1984 2 8 22 0
1984 2 9 38 0
1984 2 10 102 274
1984 2 11 38 0
1984 2 12 131 461
1984 2 13 128 385
1984 2 14 132 467
1984 2 15 133 470
1984 2 16 132 449
1984 2 17 140 476
1984 2 18 144 478
1984 2 19 144 486
1984 2 20 120 184
1984 2 21 130 276
1984 2 22 113 242
1984 2 23 109 27
1984 2 24 139 360
1984 2 25 122 308
1984 2 26 56 0
1984 2 27 103 38
1984 2 28 169 428
1984 2 29 158 463
1984 3 1 171 504
1984 3 2 107 52
1984 3 3 87 0
1984 3 4 147 106
1984 3 5 186 542
1984 3 6 186 565
1984 3 7 170 457
1984 3 8 145 144
1984 3 9 174 451
1984 3 10 192 574
1984 3 11 200 577
1984 3 12 201 579
1984 3 13 203 579
1984 3 14 209 581
1984 3 15 212 585
1984 3 16 210 587
1984 3 17 208 576
1984 3 18 144 136
1984 3 19 197 453
1984 3 20 180 402
1984 3 21 200 513
1984 3 22 192 454
1984 3 23 166 206
1984 3 24 188 361
1984 3 25 55 0
1984 3 26 231 468
1984 3 27 255 504
1984 3 28 151 70
1984 3 29 40 0
1984 3 30 175 0
1984 3 31 254 614
1984 4 1 144 0
1984 4 2 59 0
1984 4 3 203 16
1984 4 4 245 178
1984 4 5 196 157
1984 4 6 165 0
1984 4 7 239 420
1984 4 8 95 0
1984 4 9 194 6
1984 4 10 188 200
1984 4 11 147 0
1984 4 12 163 9
1984 4 13 284 526
1984 4 14 283 631
1984 4 15 286 631
1984 4 16 218 23
1984 4 17 175 0
1984 4 18 217 47
1984 4 19 301 634
1984 4 20 306 635
1984 4 21 240 333
1984 4 22 274 626
1984 4 23 284 589
1984 4 24 282 590
1984 4 25 300 638
1984 4 26 291 579
1984 4 27 277 479
1984 4 28 243 338
1984 4 29 168 164
1984 4 30 175 0
1984 5 1 254 263
1984 5 2 233 290
1984 5 3 181 62
1984 5 4 211 41
1984 5 5 228 314
1984 5 6 231 341
1984 5 7 91 0
1984 5 8 109 0
1984 5 9 324 633
1984 5 10 161 23
1984 5 11 234 147
1984 5 12 234 314
1984 5 13 265 304
1984 5 14 152 19
1984 5 15 247 220
1984 5 16 206 210
1984 5 17 185 106
1984 5 18 177 124
1984 5 19 185 175
1984 5 20 154 51
1984 5 21 104 0
1984 5 22 242 220
1984 5 23 198 32
1984 5 24 185 63
1984 5 25 164 140
1984 5 26 228 273
1984 5 27 104 0
1984 5 28 138 32
1984 5 29 193 179
1984 5 30 195 61
1984 5 31 171 67
1984 6 1 344 668
1984 6 2 236 320
1984 6 3 224 117
1984 6 4 237 264
1984 6 5 97 0
1984 6 6 194 64
1984 6 7 261 233
1984 6 8 222 252
1984 6 9 269 351
1984 6 10 354 720
1984 6 11 209 212
1984 6 12 231 201
1984 6 13 343 717
1984 6 14 260 327
1984 6 15 156 100
1984 6 16 350 688
1984 6 17 349 695
1984 6 18 355 725
1984 6 19 351 726
1984 6 20 246 465
1984 6 21 179 111
1984 6 22 87 27
1984 6 23 171 74
1984 6 24 92 3
1984 6 25 261 255
1984 6 26 133 76
1984 6 27 352 689
1984 6 28 139 85
1984 6 29 207 217
1984 6 30 274 379
1984 7 1 305 585
1984 7 2 140 54
1984 7 3 188 150
1984 7 4 152 28
1984 7 5 275 452
1984 7 6 342 721
1984 7 7 345 720
1984 7 8 328 713
1984 7 9 304 606
1984 7 10 315 692
1984 7 11 235 403
1984 7 12 315 711
1984 7 13 265 456
1984 7 14 317 587
1984 7 15 178 140
1984 7 16 145 54
1984 7 17 106 5
1984 7 18 326 676
1984 7 19 213 151
1984 7 20 299 540
1984 7 21 299 660
1984 7 22 290 545
1984 7 23 209 288
1984 7 24 241 426
1984 7 25 207 355
1984 7 26 117 80
1984 7 27 74 6
1984 7 28 52 0
1984 7 29 219 235
1984 7 30 299 614
1984 7 31 302 650
1984 8 1 93 12
1984 8 2 304 634
1984 8 3 300 647
1984 8 4 283 619
1984 8 5 115 94
1984 8 6 98 0
1984 8 7 95 0
1984 8 8 145 84
1984 8 9 119 50
1984 8 10 93 37
1984 8 11 50 0
1984 8 12 208 241
1984 8 13 166 218
1984 8 14 148 99
1984 8 15 188 289
1984 8 16 135 109
1984 8 17 267 539
1984 8 18 274 611
1984 8 19 203 287
1984 8 20 252 550
1984 8 21 268 626
1984 8 22 226 400
1984 8 23 212 381
1984 8 24 80 20
1984 8 25 96 0
1984 8 26 28 0
1984 8 27 172 255
1984 8 28 226 484
1984 8 29 246 529
1984 8 30 237 565
1984 8 31 244 628
1984 9 1 238 600
1984 9 2 248 628
1984 9 3 198 472
1984 9 4 234 562
1984 9 5 23 0
1984 9 6 109 0
1984 9 7 228 432
1984 9 8 111 11
1984 9 9 197 315
1984 9 10 123 112
1984 9 11 197 389
1984 9 12 183 352
1984 9 13 227 616
1984 9 14 190 457
1984 9 15 30 0
1984 9 16 79 0
1984 9 17 62 40
1984 9 18 106 26
1984 9 19 176 377
1984 9 20 208 582
1984 9 21 181 424
1984 9 22 155 227
1984 9 23 52 45
1984 9 24 150 227
1984 9 25 80 16
1984 9 26 94 5
1984 9 27 107 93
1984 9 28 176 560
1984 9 29 182 566
1984 9 30 145 309
1984 10 1 116 163
1984 10 2 63 3
1984 10 3 107 92
1984 10 4 124 174
1984 10 5 107 150
1984 10 6 66 12
1984 10 7 75 18
1984 10 8 155 388
1984 10 9 113 190
1984 10 10 154 490
1984 10 11 70 62
1984 10 12 60 0
1984 10 13 153 547
1984 10 14 156 546
1984 10 15 156 543
1984 10 16 152 532
1984 10 17 149 522
1984 10 18 139 517
1984 10 19 129 408
1984 10 20 89 183
1984 10 21 137 426
1984 10 22 128 438
1984 10 23 117 382
1984 10 24 116 386
1984 10 25 121 400
1984 10 26 35 5
1984 10 27 88 100
1984 10 28 122 467
1984 10 29 123 464
1984 10 30 117 462
1984 10 31 116 460
1984 11 1 114 459
1984 11 2 114 457
1984 11 3 71 195
1984 11 4 106 452
1984 11 5 100 377
1984 11 6 76 180
1984 11 7 54 77
1984 11 8 78 253
1984 11 9 92 389
1984 11 10 89 416
1984 11 11 90 430
1984 11 12 82 248
1984 11 13 92 407
1984 11 14 50 45
1984 11 15 53 77
1984 11 16 53 78
1984 11 17 92 294
1984 11 18 83 339
1984 11 19 65 99
1984 11 20 39 2
1984 11 21 46 0
1984 11 22 34 0
1984 11 23 70 142
1984 11 24 56 40
1984 11 25 52 15
1984 11 26 39 0
1984 11 27 84 195
1984 11 28 79 391
1984 11 29 78 389
1984 11 30 78 388
1984 12 1 46 179
1984 12 2 17 0
1984 12 3 62 158
1984 12 4 69 381
1984 12 5 70 381
1984 12 6 71 379
1984 12 7 76 378
1984 12 8 71 377
1984 12 9 70 314
1984 12 10 43 17
1984 12 11 32 4
1984 12 12 64 374
1984 12 13 66 368
1984 12 14 23 0
1984 12 15 63 103
1984 12 16 54 99
1984 12 17 39 44
1984 12 18 44 1
1984 12 19 45 0
1984 12 20 64 314
1984 12 21 31 1
1984 12 22 67 370
1984 12 23 68 371
1984 12 24 58 215
1984 12 25 32 0
1984 12 26 67 363
1984 12 27 37 0
1984 12 28 58 105
1984 12 29 29 0
1984 12 30 28 0
1984 12 31 70 214
1985 1 1 34 0
1985 1 2 35 0
1985 1 3 35 0
1985 1 4 17 0
1985 1 5 59 340
1985 1 6 90 380
1985 1 7 75 300
1985 1 8 64 279
1985 1 9 79 380
1985 1 10 75 335
1985 1 11 81 387
1985 1 12 69 214
1985 1 13 70 203
1985 1 14 46 0
1985 1 15 35 0
1985 1 16 47 0
1985 1 17 67 67
1985 1 18 60 80
1985 1 19 33 0
1985 1 20 73 216
1985 1 21 71 186
1985 1 22 42 0
1985 1 23 40 0
1985 1 24 54 0
1985 1 25 81 249
1985 1 26 33 0
1985 1 27 52 11
1985 1 28 72 115
1985 1 29 104 420
1985 1 30 45 0
1985 1 31 94 280
1985 2 1 65 16
1985 2 2 39 0
1985 2 3 66 90
1985 2 4 108 439
1985 2 5 109 430
1985 2 6 48 11
1985 2 7 102 373
1985 2 8 48 0
1985 2 9 54 0
1985 2 10 86 122
1985 2 11 61 9
1985 2 12 133 464
1985 2 13 76 6
1985 2 14 69 0
1985 2 15 68 0
1985 2 16 137 461
1985 2 17 88 64
1985 2 18 149 485
1985 2 19 148 490
1985 2 20 150 496
1985 2 21 157 506
1985 2 22 159 512
1985 2 23 159 518
1985 2 24 86 34
1985 2 25 142 444
1985 2 26 116 191
1985 2 27 105 212
1985 2 28 95 0
1985 3 1 161 478
1985 3 2 44 0
1985 3 3 168 453
1985 3 4 132 58
1985 3 5 120 112
1985 3 6 104 62
1985 3 7 125 6
1985 3 8 117 14
1985 3 9 102 31
1985 3 10 191 476
1985 3 11 156 293
1985 3 12 199 489
1985 3 13 197 579
1985 3 14 199 564
1985 3 15 172 301
1985 3 16 153 120
1985 3 17 107 2
1985 3 18 95 0
1985 3 19 202 535
1985 3 20 222 597
1985 3 21 142 96
1985 3 22 144 141
1985 3 23 161 144
1985 3 24 186 374
1985 3 25 228 571
1985 3 26 220 507
1985 3 27 62 0
1985 3 28 214 214
1985 3 29 255 617
1985 3 30 198 305
1985 3 31 216 434
1985 4 1 218 393
1985 4 2 184 261
1985 4 3 254 624
1985 4 4 243 625
1985 4 5 225 490
1985 4 6 148 98
1985 4 7 269 627
1985 4 8 96 38
1985 4 9 113 13
1985 4 10 149 65
1985 4 11 263 509
1985 4 12 115 4
1985 4 13 240 214
1985 4 14 260 426
1985 4 15 241 282
1985 4 16 156 23
1985 4 17 261 469
1985 4 18 286 634
1985 4 19 291 635
1985 4 20 296 635
1985 4 21 289 635
1985 4 22 172 43
1985 4 23 108 4
1985 4 24 196 201
1985 4 25 306 639
1985 4 26 263 484
1985 4 27 274 485
1985 4 28 203 159
1985 4 29 221 57
1985 4 30 139 0
1985 5 1 229 149
1985 5 2 126 30
1985 5 3 206 93
1985 5 4 213 252
1985 5 5 207 163
1985 5 6 299 465
1985 5 7 167 24
1985 5 8 117 0
1985 5 9 149 0
1985 5 10 222 218
1985 5 11 299 508
1985 5 12 265 321
1985 5 13 219 160
1985 5 14 311 568
1985 5 15 261 376
1985 5 16 252 377
1985 5 17 324 644
1985 5 18 146 29
1985 5 19 288 554
1985 5 20 166 64
1985 5 21 162 45
1985 5 22 143 85
1985 5 23 209 242
1985 5 24 323 644
1985 5 25 217 315
1985 5 26 272 486
1985 5 27 230 342
1985 5 28 215 275
1985 5 29 212 148
1985 5 30 253 279
1985 5 31 330 669
1985 6 1 319 606
1985 6 2 344 643
1985 6 3 329 676
1985 6 4 226 366
1985 6 5 199 216
1985 6 6 260 438
1985 6 7 43 0
1985 6 8 159 130
1985 6 9 361 666
1985 6 10 214 262
1985 6 11 183 88
1985 6 12 256 416
1985 6 13 144 136
1985 6 14 238 363
1985 6 15 168 72
1985 6 16 237 308
1985 6 17 128 90
1985 6 18 122 25
1985 6 19 153 213
1985 6 20 240 205
1985 6 21 310 508
1985 6 22 54 0
1985 6 23 212 142
1985 6 24 191 128
1985 6 25 296 339
1985 6 26 184 301
1985 6 27 263 282
1985 6 28 279 376
1985 6 29 267 423
1985 6 30 321 625
1985 7 1 139 88
1985 7 2 150 91
1985 7 3 342 726
1985 7 4 255 419
1985 7 5 85 0
1985 7 6 144 136
1985 7 7 280 453
1985 7 8 328 600
1985 7 9 256 452
1985 7 10 239 329
1985 7 11 326 690
1985 7 12 313 655
1985 7 13 320 700
1985 7 14 315 712
1985 7 15 251 464
1985 7 16 61 75
1985 7 17 313 587
1985 7 18 317 616
1985 7 19 250 406
1985 7 20 257 455
1985 7 21 225 342
1985 7 22 329 692
1985 7 23 324 696
1985 7 24 321 684
1985 7 25 311 665
1985 7 26 277 564
1985 7 27 171 300
1985 7 28 264 497
1985 7 29 210 307
1985 7 30 174 233
1985 7 31 147 108
1985 8 1 210 278
1985 8 2 228 330
1985 8 3 235 408
1985 8 4 282 480
1985 8 5 248 474
1985 8 6 41 0
1985 8 7 100 14
1985 8 8 192 69
1985 8 9 302 642
1985 8 10 159 151
1985 8 11 265 492
1985 8 12 276 630
1985 8 13 245 524
1985 8 14 280 637
1985 8 15 287 632
1985 8 16 158 276
1985 8 17 172 188
1985 8 18 296 606
1985 8 19 231 405
1985 8 20 271 545
1985 8 21 274 636
1985 8 22 254 588
1985 8 23 252 597
1985 8 24 181 313
1985 8 25 27 2
1985 8 26 38 0
1985 8 27 124 16
1985 8 28 275 631
1985 8 29 270 630
1985 8 30 268 630
1985 8 31 259 630
1985 9 1 95 85
1985 9 2 229 508
1985 9 3 81 69
1985 9 4 152 196
1985 9 5 202 364
1985 9 6 105 48
1985 9 7 245 626
1985 9 8 167 326
1985 9 9 79 14
1985 9 10 239 623
1985 9 11 234 612
1985 9 12 228 619
1985 9 13 226 617
1985 9 14 185 380
1985 9 15 143 330
1985 9 16 117 13
1985 9 17 162 298
1985 9 18 214 610
1985 9 19 213 606
1985 9 20 194 551
1985 9 21 197 583
1985 9 22 197 598
1985 9 23 197 595
1985 9 24 193 593
1985 9 25 169 486
1985 9 26 188 588
1985 9 27 184 587
1985 9 28 189 579
1985 9 29 188 581
1985 9 30 190 580
1985 10 1 160 557
1985 10 2 151 457
1985 10 3 166 574
1985 10 4 169 573
1985 10 5 152 450
1985 10 6 136 465
1985 10 7 160 563
1985 10 8 87 190
1985 10 9 66 28
1985 10 10 132 354
1985 10 11 157 555
1985 10 12 153 508
1985 10 13 148 511
1985 10 14 119 319
1985 10 15 50 7
1985 10 16 122 461
1985 10 17 144 527
1985 10 18 129 427
1985 10 19 49 0
1985 10 20 135 507
1985 10 21 134 487
1985 10 22 133 492
1985 10 23 120 426
1985 10 24 125 480
1985 10 25 127 476
1985 10 26 124 474
1985 10 27 124 471
1985 10 28 125 468
1985 10 29 78 272
1985 10 30 65 109
1985 10 31 71 84
1985 11 1 44 56
1985 11 2 93 197
1985 11 3 101 323
1985 11 4 113 453
1985 11 5 69 124
1985 11 6 39 3
1985 11 7 106 444
1985 11 8 30 0
1985 11 9 77 310
1985 11 10 24 0
1985 11 11 80 234
1985 11 12 36 0
1985 11 13 46 7
1985 11 14 83 174
1985 11 15 96 420
1985 11 16 93 399
1985 11 17 89 301
1985 11 18 70 76
1985 11 19 82 380
1985 11 20 73 235
1985 11 21 44 0
1985 11 22 71 225
1985 11 23 60 175
1985 11 24 82 401
1985 11 25 79 398
1985 11 26 80 396
1985 11 27 82 395
1985 11 28 78 290
1985 11 29 41 0
1985 11 30 62 178
1985 12 1 72 388
1985 12 2 64 373
1985 12 3 71 357
1985 12 4 58 272
1985 12 5 69 349
1985 12 6 50 116
1985 12 7 55 103
1985 12 8 47 110
1985 12 9 46 118
1985 12 10 32 0
1985 12 11 69 377
1985 12 12 58 208
1985 12 13 67 374
1985 12 14 59 268
1985 12 15 62 374
1985 12 16 31 30
1985 12 17 37 305
1985 12 18 54 284
1985 12 19 69 372
1985 12 20 53 191
1985 12 21 64 372
1985 12 22 62 373
1985 12 23 67 372
1985 12 24 63 372
1985 12 25 49 146
1985 12 26 54 215
1985 12 27 61 325
1985 12 28 32 0
1985 12 29 18 0
1985 12 30 47 168
1985 12 31 63 364
1986 1 1 56 281
1986 1 2 38 106
1986 1 3 63 291
1986 1 4 38 158
1986 1 5 72 363
1986 1 6 27 0
1986 1 7 71 382
1986 1 8 53 92
1986 1 9 38 17
1986 1 10 72 319
1986 1 11 27 0
1986 1 12 28 0
1986 1 13 10 0
1986 1 14 68 180
1986 1 15 14 0
1986 1 16 30 3
1986 1 17 46 26
1986 1 18 39 15
1986 1 19 75 209
1986 1 20 53 65
1986 1 21 84 408
1986 1 22 76 255
1986 1 23 38 0
1986 1 24 33 0
1986 1 25 35 4
1986 1 26 81 280
1986 1 27 102 427
1986 1 28 96 354
1986 1 29 74 225
1986 1 30 50 95
1986 1 31 41 0
1986 2 1 75 158
1986 2 2 107 389
1986 2 3 109 444
1986 2 4 116 442
1986 2 5 111 449
1986 2 6 105 376
1986 2 7 93 178
1986 2 8 80 129
1986 2 9 72 2
1986 2 10 95 311
1986 2 11 104 332
1986 2 12 127 464
1986 2 13 122 440
1986 2 14 111 206
1986 2 15 130 421
1986 2 16 119 283
1986 2 17 85 74
1986 2 18 117 346
1986 2 19 59 0
1986 2 20 139 431
1986 2 21 152 502
1986 2 22 155 509
1986 2 23 76 15
1986 2 24 66 0
1986 2 25 167 525
1986 2 26 169 539
1986 2 27 164 526
1986 2 28 129 300
1986 3 1 86 0
1986 3 2 109 88
1986 3 3 92 56
1986 3 4 176 537
1986 3 5 144 317
1986 3 6 133 122
1986 3 7 100 2
1986 3 8 137 205
1986 3 9 119 38
1986 3 10 182 529
1986 3 11 146 313
1986 3 12 196 496
1986 3 13 129 144
1986 3 14 188 529
1986 3 15 178 429
1986 3 16 204 579
1986 3 17 204 588
1986 3 18 195 587
1986 3 19 139 87
1986 3 20 213 352
1986 3 21 93 0
1986 3 22 217 464
1986 3 23 98 0
1986 3 24 165 205
1986 3 25 224 447
1986 3 26 196 378
1986 3 27 193 346
1986 3 28 233 556
1986 3 29 175 211
1986 3 30 226 330
1986 3 31 230 448
1986 4 1 238 531
1986 4 2 234 513
1986 4 3 113 39
1986 4 4 158 64
1986 4 5 161 30
1986 4 6 187 145
1986 4 7 240 425
1986 4 8 220 396
1986 4 9 175 288
1986 4 10 152 12
1986 4 11 178 80
1986 4 12 119 0
1986 4 13 280 473
1986 4 14 276 508
1986 4 15 208 268
1986 4 16 225 342
1986 4 17 179 173
1986 4 18 105 0
1986 4 19 214 210
1986 4 20 143 0
1986 4 21 260 466
1986 4 22 249 341
1986 4 23 215 227
1986 4 24 206 219
1986 4 25 199 184
1986 4 26 260 419
1986 4 27 124 0
1986 4 28 143 9
1986 4 29 85 0
1986 4 30 178 142
1986 5 1 272 532
1986 5 2 240 463
1986 5 3 265 410
1986 5 4 202 219
1986 5 5 134 19
1986 5 6 280 536
1986 5 7 169 96
1986 5 8 229 293
1986 5 9 143 51
1986 5 10 235 134
1986 5 11 231 240
1986 5 12 276 530
1986 5 13 275 520
1986 5 14 259 378
1986 5 15 123 43
1986 5 16 235 279
1986 5 17 282 419
1986 5 18 303 572
1986 5 19 250 376
1986 5 20 295 622
1986 5 21 179 236
1986 5 22 291 431
1986 5 23 232 408
1986 5 24 142 66
1986 5 25 330 698
1986 5 26 257 457
1986 5 27 232 332
1986 5 28 76 6
1986 5 29 54 0
1986 5 30 158 0
1986 5 31 204 45
1986 6 1 328 530
1986 6 2 86 0
1986 6 3 175 65
1986 6 4 87 39
1986 6 5 243 217
1986 6 6 177 81
1986 6 7 145 38
1986 6 8 259 324
1986 6 9 340 725
1986 6 10 353 726
1986 6 11 98 2
1986 6 12 105 0
1986 6 13 137 7
1986 6 14 248 338
1986 6 15 232 336
1986 6 16 184 165
1986 6 17 219 282
1986 6 18 230 414
1986 6 19 202 223
1986 6 20 194 136
1986 6 21 287 494
1986 6 22 308 649
1986 6 23 281 533
1986 6 24 279 411
1986 6 25 345 731
1986 6 26 342 731
1986 6 27 342 731
1986 6 28 346 731
1986 6 29 322 665
1986 6 30 334 659
1986 7 1 346 714
1986 7 2 337 704
1986 7 3 240 357
1986 7 4 271 390
1986 7 5 318 664
1986 7 6 36 1
1986 7 7 124 44
1986 7 8 149 52
1986 7 9 121 15
1986 7 10 171 157
1986 7 11 175 134
1986 7 12 192 149
1986 7 13 183 139
1986 7 14 342 652
1986 7 15 318 651
1986 7 16 307 634
1986 7 17 315 653
1986 7 18 88 0
1986 7 19 55 0
1986 7 20 136 65
1986 7 21 317 682
1986 7 22 297 616
1986 7 23 195 356
1986 7 24 72 20
1986 7 25 308 664
1986 7 26 229 282
1986 7 27 269 557
1986 7 28 282 573
1986 7 29 183 293
1986 7 30 281 583
1986 7 31 132 124
1986 8 1 244 459
1986 8 2 276 584
1986 8 3 294 642
1986 8 4 253 485
1986 8 5 281 462
1986 8 6 289 645
1986 8 7 284 630
1986 8 8 144 120
1986 8 9 238 456
1986 8 10 216 373
1986 8 11 260 543
1986 8 12 52 0
1986 8 13 273 543
1986 8 14 196 233
1986 8 15 266 613
1986 8 16 233 479
1986 8 17 212 390
1986 8 18 180 314
1986 8 19 141 142
1986 8 20 271 571
1986 8 21 236 486
1986 8 22 257 591
1986 8 23 71 44
1986 8 24 42 0
1986 8 25 264 616
1986 8 26 251 534
1986 8 27 128 9
1986 8 28 54 0
1986 8 29 222 318
1986 8 30 194 227
1986 8 31 215 366
1986 9 1 244 530
1986 9 2 165 204
1986 9 3 245 628
1986 9 4 168 262
1986 9 5 245 628
1986 9 6 245 618
1986 9 7 222 578
1986 9 8 200 490
1986 9 9 84 62
1986 9 10 161 272
1986 9 11 221 603
1986 9 12 168 396
1986 9 13 157 267
1986 9 14 173 356
1986 9 15 199 508
1986 9 16 208 604
1986 9 17 145 306
1986 9 18 122 104
1986 9 19 147 268
1986 9 20 119 159
1986 9 21 203 525
1986 9 22 212 599
1986 9 23 193 529
1986 9 24 108 141
1986 9 25 93 176
1986 9 26 76 21
1986 9 27 175 393
1986 9 28 164 435
1986 9 29 184 581
1986 9 30 185 580
1986 10 1 184 579
1986 10 2 182 578
1986 10 3 174 576
1986 10 4 171 573
1986 10 5 165 543
1986 10 6 157 504
1986 10 7 167 566
1986 10 8 150 469
1986 10 9 166 559
1986 10 10 160 557
1986 10 11 155 554
1986 10 12 157 550
1986 10 13 148 533
1986 10 14 145 546
1986 10 15 145 537
1986 10 16 144 536
1986 10 17 144 527
1986 10 18 145 519
1986 10 19 73 97
1986 10 20 76 142
1986 10 21 129 331
1986 10 22 61 21
1986 10 23 42 3
1986 10 24 114 305
1986 10 25 45 68
1986 10 26 57 0
1986 10 27 105 271
1986 10 28 122 466
1986 10 29 34 0
1986 10 30 103 334
1986 10 31 114 458
1986 11 1 51 1
1986 11 2 38 21
1986 11 3 109 319
1986 11 4 110 423
1986 11 5 109 449
1986 11 6 42 5
1986 11 7 104 445
1986 11 8 106 442
1986 11 9 103 440
1986 11 10 103 439
1986 11 11 101 435
1986 11 12 95 430
1986 11 13 82 289
1986 11 14 44 1
1986 11 15 72 229
1986 11 16 74 343
1986 11 17 73 245
1986 11 18 49 56
1986 11 19 74 283
1986 11 20 58 103
1986 11 21 31 0
1986 11 22 52 17
1986 11 23 27 0
1986 11 24 63 149
1986 11 25 79 397
1986 11 26 82 395
1986 11 27 45 3
1986 11 28 80 392
1986 11 29 79 391
1986 11 30 78 389
1986 12 1 77 387
1986 12 2 76 386
1986 12 3 73 384
1986 12 4 74 382
1986 12 5 73 378
1986 12 6 72 318
1986 12 7 73 363
1986 12 8 67 377
1986 12 9 43 53
1986 12 10 50 83
1986 12 11 66 375
1986 12 12 67 374
1986 12 13 57 205
1986 12 14 26 0
1986 12 15 66 314
1986 12 16 58 174
1986 12 17 17 0
1986 12 18 28 0
1986 12 19 15 0
1986 12 20 17 0
1986 12 21 27 0
1986 12 22 26 0
1986 12 23 51 127
1986 12 24 41 11
1986 12 25 65 320
1986 12 26 35 0
1986 12 27 18 0
1986 12 28 27 5
1986 12 29 29 1
1986 12 30 62 353
1986 12 31 52 44
1987 1 1 30 0
1987 1 2 32 0
1987 1 3 40 28
1987 1 4 61 189
1987 1 5 62 115
1987 1 6 31 18
1987 1 7 33 0
1987 1 8 72 304
1987 1 9 71 293
1987 1 10 45 0
1987 1 11 25 0
1987 1 12 82 387
1987 1 13 56 140
1987 1 14 57 53
1987 1 15 76 267
1987 1 16 87 387
1987 1 17 84 397
1987 1 18 84 400
1987 1 19 85 399
1987 1 20 86 403
1987 1 21 92 406
1987 1 22 88 318
1987 1 23 79 201
1987 1 24 62 10
1987 1 25 97 416
1987 1 26 88 407
1987 1 27 82 273
1987 1 28 74 147
1987 1 29 101 365
1987 1 30 108 430
1987 1 31 109 434
1987 2 1 111 438
1987 2 2 112 424
1987 2 3 80 132
1987 2 4 93 328
1987 2 5 110 447
1987 2 6 117 448
1987 2 7 52 2
1987 2 8 79 93
1987 2 9 122 458
1987 2 10 47 8
1987 2 11 79 99
1987 2 12 124 304
1987 2 13 76 2
1987 2 14 105 258
1987 2 15 48 0
1987 2 16 95 49
1987 2 17 71 0
1987 2 18 106 188
1987 2 19 75 0
1987 2 20 146 466
1987 2 21 112 191
1987 2 22 135 378
1987 2 23 142 268
1987 2 24 161 519
1987 2 25 158 513
1987 2 26 68 0
1987 2 27 69 0
1987 2 28 75 0
1987 3 1 90 54
1987 3 2 55 0
1987 3 3 75 2
1987 3 4 159 292
1987 3 5 112 7
1987 3 6 145 304
1987 3 7 195 567
1987 3 8 193 569
1987 3 9 199 572
1987 3 10 197 574
1987 3 11 193 542
1987 3 12 203 578
1987 3 13 193 525
1987 3 14 187 430
1987 3 15 206 539
1987 3 16 83 6
1987 3 17 164 186
1987 3 18 207 458
1987 3 19 188 353
1987 3 20 133 93
1987 3 21 229 597
1987 3 22 175 282
1987 3 23 164 160
1987 3 24 162 91
1987 3 25 180 254
1987 3 26 148 174
1987 3 27 130 29
1987 3 28 40 0
1987 3 29 149 83
1987 3 30 175 177
1987 3 31 170 113
1987 4 1 207 258
1987 4 2 249 566
1987 4 3 180 201
1987 4 4 57 0
1987 4 5 253 537
1987 4 6 265 618
1987 4 7 240 401
1987 4 8 123 46
1987 4 9 141 122
1987 4 10 142 6
1987 4 11 290 556
1987 4 12 144 32
1987 4 13 188 45
1987 4 14 251 377
1987 4 15 246 434
1987 4 16 271 591
1987 4 17 283 632
1987 4 18 283 634
1987 4 19 210 310
1987 4 20 105 0
1987 4 21 158 57
1987 4 22 301 636
1987 4 23 300 637
1987 4 24 298 638
1987 4 25 289 625
1987 4 26 160 152
1987 4 27 164 122
1987 4 28 304 640
1987 4 29 302 640
1987 4 30 200 137
1987 5 1 275 571
1987 5 2 223 424
1987 5 3 109 101
1987 5 4 180 2
1987 5 5 319 467
1987 5 6 118 9
1987 5 7 294 334
1987 5 8 322 645
1987 5 9 324 646
1987 5 10 288 499
1987 5 11 248 279
1987 5 12 147 57
1987 5 13 150 28
1987 5 14 326 552
1987 5 15 132 3
1987 5 16 219 164
1987 5 17 196 137
1987 5 18 150 38
1987 5 19 158 114
1987 5 20 87 2
1987 5 21 126 12
1987 5 22 334 453
1987 5 23 347 697
1987 5 24 345 699
1987 5 25 142 103
1987 5 26 327 618
1987 5 27 83 5
1987 5 28 171 29
1987 5 29 124 22
1987 5 30 302 415
1987 5 31 234 245
1987 6 1 245 190
1987 6 2 324 553
1987 6 3 123 12
1987 6 4 68 15
1987 6 5 186 92
1987 6 6 254 418
1987 6 7 105 66
1987 6 8 59 5
1987 6 9 239 199
1987 6 10 317 381
1987 6 11 256 351
1987 6 12 254 407
1987 6 13 238 369
1987 6 14 233 261
1987 6 15 67 2
1987 6 16 142 0
1987 6 17 200 90
1987 6 18 155 27
1987 6 19 157 145
1987 6 20 148 214
1987 6 21 123 7
1987 6 22 148 35
1987 6 23 201 38
1987 6 24 238 157
1987 6 25 335 520
1987 6 26 62 2
1987 6 27 192 100
1987 6 28 351 729
1987 6 29 352 728
1987 6 30 356 726
1987 7 1 241 360
1987 7 2 310 461
1987 7 3 213 304
1987 7 4 320 569
1987 7 5 355 664
1987 7 6 329 575
1987 7 7 209 123
1987 7 8 141 128
1987 7 9 170 126
1987 7 10 340 717
1987 7 11 349 712
1987 7 12 290 488
1987 7 13 313 602
1987 7 14 243 355
1987 7 15 258 385
1987 7 16 138 80
1987 7 17 145 81
1987 7 18 58 0
1987 7 19 75 21
1987 7 20 302 539
1987 7 21 130 103
1987 7 22 185 222
1987 7 23 218 383
1987 7 24 299 575
1987 7 25 149 141
1987 7 26 165 122
1987 7 27 212 147
1987 7 28 130 80
1987 7 29 253 339
1987 7 30 98 42
1987 7 31 144 63
1987 8 1 171 119
1987 8 2 64 0
1987 8 3 239 370
1987 8 4 208 200
1987 8 5 125 47
1987 8 6 197 76
1987 8 7 191 166
1987 8 8 259 469
1987 8 9 123 95
1987 8 10 294 525
1987 8 11 289 603
1987 8 12 88 14
1987 8 13 235 397
1987 8 14 197 321
1987 8 15 87 29
1987 8 16 231 494
1987 8 17 272 587
1987 8 18 85 14
1987 8 19 168 180
1987 8 20 281 637
1987 8 21 280 636
1987 8 22 278 635
1987 8 23 116 223
1987 8 24 83 73
1987 8 25 94 103
1987 8 26 227 348
1987 8 27 51 6
1987 8 28 116 20
1987 8 29 242 522
1987 8 30 264 630
1987 8 31 261 630
1987 9 1 234 555
1987 9 2 179 182
1987 9 3 154 230
1987 9 4 92 19
1987 9 5 105 74
1987 9 6 106 92
1987 9 7 208 420
1987 9 8 105 119
1987 9 9 183 324
1987 9 10 217 499
1987 9 11 213 416
1987 9 12 137 246
1987 9 13 184 463
1987 9 14 200 497
1987 9 15 196 489
1987 9 16 205 594
1987 9 17 181 537
1987 9 18 205 525
1987 9 19 171 415
1987 9 20 201 570
1987 9 21 204 601
1987 9 22 180 482
1987 9 23 162 430
1987 9 24 122 5
1987 9 25 149 239
1987 9 26 29 0
1987 9 27 95 81
1987 9 28 202 507
1987 9 29 195 488
1987 9 30 197 579
1987 10 1 192 579
1987 10 2 192 573
1987 10 3 98 74
1987 10 4 101 89
1987 10 5 53 13
1987 10 6 96 128
1987 10 7 158 390
1987 10 8 76 55
1987 10 9 173 558
1987 10 10 161 498
1987 10 11 92 141
1987 10 12 44 0
1987 10 13 144 415
1987 10 14 101 192
1987 10 15 61 18
1987 10 16 126 287
1987 10 17 48 0
1987 10 18 147 366
1987 10 19 153 517
1987 10 20 137 421
1987 10 21 82 138
1987 10 22 33 10
1987 10 23 41 0
1987 10 24 120 362
1987 10 25 44 1
1987 10 26 30 0
1987 10 27 96 343
1987 10 28 82 159
1987 10 29 85 191
1987 10 30 119 436
1987 10 31 114 413
1987 11 1 99 298
1987 11 2 68 61
1987 11 3 116 456
1987 11 4 117 454
1987 11 5 115 451
1987 11 6 114 449
1987 11 7 113 445
1987 11 8 107 443
1987 11 9 75 98
1987 11 10 49 5
1987 11 11 71 210
1987 11 12 50 12
1987 11 13 52 7
1987 11 14 99 351
1987 11 15 99 421
1987 11 16 46 53
1987 11 17 40 11
1987 11 18 41 4
1987 11 19 64 37
1987 11 20 27 0
1987 11 21 35 0
1987 11 22 55 25
1987 11 23 57 60
1987 11 24 42 11
1987 11 25 72 255
1987 11 26 82 367
1987 11 27 31 0
1987 11 28 52 12
1987 11 29 57 121
1987 11 30 29 0
1987 12 1 102 372
1987 12 2 80 386
1987 12 3 77 381
1987 12 4 59 161
1987 12 5 47 5
1987 12 6 23 0
1987 12 7 43 23
1987 12 8 23 0
1987 12 9 65 171
1987 12 10 75 376
1987 12 11 74 375
1987 12 12 73 374
1987 12 13 72 373
1987 12 14 70 329
1987 12 15 43 43
1987 12 16 35 1
1987 12 17 31 0
1987 12 18 24 0
1987 12 19 15 0
1987 12 20 33 0
1987 12 21 48 252
1987 12 22 61 351
1987 12 23 73 361
1987 12 24 69 371
1987 12 25 69 314
1987 12 26 67 365
1987 12 27 61 253
1987 12 28 65 306
1987 12 29 70 372
1987 12 30 65 274
1987 12 31 50 150
1988 1 1 54 145
1988 1 2 52 94
1988 1 3 69 252
1988 1 4 16 0
1988 1 5 68 377
1988 1 6 55 149
1988 1 7 68 198
1988 1 8 78 361
1988 1 9 80 375
1988 1 10 79 339
1988 1 11 29 0
1988 1 12 79 387
1988 1 13 73 303
1988 1 14 55 74
1988 1 15 61 137
1988 1 16 77 394
1988 1 17 62 94
1988 1 18 60 207
1988 1 19 85 401
1988 1 20 70 241
1988 1 21 60 82
1988 1 22 60 45
1988 1 23 54 53
1988 1 24 56 33
1988 1 25 31 0
1988 1 26 104 393
1988 1 27 77 161
1988 1 28 52 2
1988 1 29 80 97
1988 1 30 53 10
1988 1 31 60 15
1988 2 1 85 150
1988 2 2 91 86
1988 2 3 113 386
1988 2 4 100 327
1988 2 5 94 135
1988 2 6 34 0
1988 2 7 28 0
1988 2 8 54 8
1988 2 9 100 209
1988 2 10 87 135
1988 2 11 65 0
1988 2 12 80 103
1988 2 13 138 430
1988 2 14 142 468
1988 2 15 144 471
1988 2 16 143 474
1988 2 17 145 476
1988 2 18 143 389
1988 2 19 57 0
1988 2 20 80 5
1988 2 21 157 498
1988 2 22 157 507
1988 2 23 151 416
1988 2 24 134 212
1988 2 25 85 2
1988 2 26 103 2
1988 2 27 106 11
1988 2 28 96 76
1988 2 29 122 151
1988 3 1 90 61
1988 3 2 143 135
1988 3 3 183 475
1988 3 4 166 295
1988 3 5 113 50
1988 3 6 125 187
1988 3 7 108 26
1988 3 8 119 40
1988 3 9 156 244
1988 3 10 213 576
1988 3 11 85 0
1988 3 12 62 0
1988 3 13 142 129
1988 3 14 169 40
1988 3 15 209 539
1988 3 16 106 129
1988 3 17 88 0
1988 3 18 73 0
1988 3 19 165 185
1988 3 20 139 161
1988 3 21 103 8
1988 3 22 101 1
1988 3 23 132 1
1988 3 24 124 47
1988 3 25 73 0
1988 3 26 158 40
1988 3 27 172 2
1988 3 28 139 31
1988 3 29 230 353
1988 3 30 178 102
1988 3 31 112 0
1988 4 1 201 135
1988 4 2 203 324
1988 4 3 201 144
1988 4 4 135 0
1988 4 5 153 0
1988 4 6 225 213
1988 4 7 196 65
1988 4 8 107 4
1988 4 9 245 289
1988 4 10 203 173
1988 4 11 284 609
1988 4 12 158 97
1988 4 13 108 0
1988 4 14 300 631
1988 4 15 294 535
1988 4 16 245 360
1988 4 17 180 80
1988 4 18 269 498
1988 4 19 296 634
1988 4 20 146 93
1988 4 21 216 159
1988 4 22 292 632
1988 4 23 295 537
1988 4 24 299 519
1988 4 25 316 638
1988 4 26 218 217
1988 4 27 181 175
1988 4 28 175 90
1988 4 29 220 162
1988 4 30 270 394
1988 5 1 239 286
1988 5 2 207 160
1988 5 3 153 175
1988 5 4 152 36
1988 5 5 201 230
1988 5 6 327 641
1988 5 7 269 433
1988 5 8 193 141
1988 5 9 270 395
1988 5 10 134 23
1988 5 11 227 231
1988 5 12 249 328
1988 5 13 237 315
1988 5 14 223 213
1988 5 15 180 258
1988 5 16 178 86
1988 5 17 138 15
1988 5 18 149 47
1988 5 19 144 58
1988 5 20 87 0
1988 5 21 102 0
1988 5 22 356 697
1988 5 23 352 699
1988 5 24 332 606
1988 5 25 342 676
1988 5 26 209 293
1988 5 27 131 44
1988 5 28 205 160
1988 5 29 173 137
1988 5 30 344 579
1988 5 31 240 169
1988 6 1 179 81
1988 6 2 127 24
1988 6 3 309 528
1988 6 4 165 90
1988 6 5 61 0
1988 6 6 133 0
1988 6 7 179 0
1988 6 8 282 353
1988 6 9 357 679
1988 6 10 237 260
1988 6 11 193 170
1988 6 12 184 100
1988 6 13 202 80
1988 6 14 272 471
1988 6 15 206 172
1988 6 16 244 364
1988 6 17 211 178
1988 6 18 206 192
1988 6 19 223 263
1988 6 20 217 216
1988 6 21 226 231
1988 6 22 197 243
1988 6 23 157 133
1988 6 24 362 726
1988 6 25 321 434
1988 6 26 111 19
1988 6 27 196 189
1988 6 28 183 95
1988 6 29 220 218
1988 6 30 216 247
1988 7 1 112 51
1988 7 2 326 486
1988 7 3 97 159
1988 7 4 88 15
1988 7 5 232 387
1988 7 6 284 499
1988 7 7 260 366
1988 7 8 206 193
1988 7 9 291 411
1988 7 10 346 717
1988 7 11 336 661
1988 7 12 159 85
1988 7 13 272 490
1988 7 14 169 76
1988 7 15 180 155
1988 7 16 177 110
1988 7 17 255 308
1988 7 18 304 463
1988 7 19 338 695
1988 7 20 339 698
1988 7 21 320 693
1988 7 22 262 515
1988 7 23 315 667
1988 7 24 160 223
1988 7 25 330 669
1988 7 26 320 662
1988 7 27 142 89
1988 7 28 318 650
1988 7 29 219 384
1988 7 30 323 606
1988 7 31 312 640
1988 8 1 245 413
1988 8 2 188 247
1988 8 3 125 56
1988 8 4 41 0
1988 8 5 311 631
1988 8 6 312 644
1988 8 7 300 643
1988 8 8 274 529
1988 8 9 256 453
1988 8 10 288 641
1988 8 11 199 348
1988 8 12 193 266
1988 8 13 287 600
1988 8 14 292 605
1988 8 15 148 233
1988 8 16 243 444
1988 8 17 275 610
1988 8 18 280 637
1988 8 19 171 339
1988 8 20 21 1
1988 8 21 106 23
1988 8 22 112 13
1988 8 23 185 154
1988 8 24 210 293
1988 8 25 175 209
1988 8 26 109 9
1988 8 27 91 36
1988 8 28 260 593
1988 8 29 36 0
1988 8 30 245 485
1988 8 31 211 467
1988 9 1 133 210
1988 9 2 59 5
1988 9 3 167 158
1988 9 4 200 340
1988 9 5 221 468
1988 9 6 167 225
1988 9 7 249 600
1988 9 8 244 586
1988 9 9 243 618
1988 9 10 206 398
1988 9 11 198 486
1988 9 12 117 163
1988 9 13 70 12
1988 9 14 98 42
1988 9 15 119 56
1988 9 16 136 142
1988 9 17 170 363
1988 9 18 191 503
1988 9 19 210 605
1988 9 20 212 584
1988 9 21 193 456
1988 9 22 206 596
1988 9 23 121 209
1988 9 24 205 498
1988 9 25 93 55
1988 9 26 197 588
1988 9 27 192 578
1988 9 28 177 474
1988 9 29 129 302
1988 9 30 86 53
1988 10 1 137 331
1988 10 2 179 576
1988 10 3 175 503
1988 10 4 56 1
1988 10 5 95 87
1988 10 6 117 219
1988 10 7 48 25
1988 10 8 130 237
1988 10 9 151 407
1988 10 10 41 3
1988 10 11 95 139
1988 10 12 68 68
1988 10 13 133 351
1988 10 14 91 163
1988 10 15 125 368
1988 10 16 130 449
1988 10 17 114 353
1988 10 18 113 268
1988 10 19 49 20
1988 10 20 80 194
1988 10 21 74 36
1988 10 22 87 125
1988 10 23 134 486
1988 10 24 86 167
1988 10 25 122 391
1988 10 26 127 472
1988 10 27 122 470
1988 10 28 116 423
1988 10 29 64 119
1988 10 30 94 152
1988 10 31 124 460
1988 11 1 118 459
1988 11 2 39 6
1988 11 3 109 357
1988 11 4 121 452
1988 11 5 118 449
1988 11 6 116 446
1988 11 7 110 443
1988 11 8 108 441
1988 11 9 84 301
1988 11 10 76 194
1988 11 11 98 431
1988 11 12 96 429
1988 11 13 33 5
1988 11 14 77 282
1988 11 15 30 0
1988 11 16 91 410
1988 11 17 94 416
1988 11 18 77 264
1988 11 19 37 6
1988 11 20 70 87
1988 11 21 32 0
1988 11 22 87 313
1988 11 23 79 262
1988 11 24 89 400
1988 11 25 85 390
1988 11 26 83 395
1988 11 27 84 393
1988 11 28 78 319
1988 11 29 29 9
1988 11 30 35 0
1988 12 1 40 0
1988 12 2 24 0
1988 12 3 38 0
1988 12 4 29 0
1988 12 5 24 0
1988 12 6 43 37
1988 12 7 32 0
1988 12 8 64 225
1988 12 9 25 0
1988 12 10 26 0
1988 12 11 54 150
1988 12 12 26 0
1988 12 13 39 52
1988 12 14 71 274
1988 12 15 29 0
1988 12 16 74 371
1988 12 17 53 3
1988 12 18 52 174
1988 12 19 21 0
1988 12 20 45 3
1988 12 21 54 73
1988 12 22 61 347
1988 12 23 58 222
1988 12 24 63 195
1988 12 25 65 324
1988 12 26 61 333
1988 12 27 71 368
1988 12 28 69 372
1988 12 29 72 373
1988 12 30 73 373
1988 12 31 72 374
1989 1 1 73 375
1989 1 2 74 376
1989 1 3 76 377
1989 1 4 77 377
1989 1 5 66 190
1989 1 6 40 0
1989 1 7 23 0
1989 1 8 29 0
1989 1 9 77 384
1989 1 10 79 386
1989 1 11 78 387
1989 1 12 77 378
1989 1 13 69 250
1989 1 14 83 392
1989 1 15 85 394
1989 1 16 83 396
1989 1 17 89 400
1989 1 18 88 401
1989 1 19 89 403
1989 1 20 89 393
1989 1 21 84 382
1989 1 22 66 131
1989 1 23 96 414
1989 1 24 97 415
1989 1 25 98 417
1989 1 26 101 420
1989 1 27 103 422
1989 1 28 104 425
1989 1 29 107 428
1989 1 30 108 432
1989 1 31 109 436
1989 2 1 108 439
1989 2 2 109 441
1989 2 3 109 443
1989 2 4 100 349
1989 2 5 115 413
1989 2 6 113 451
1989 2 7 120 463
1989 2 8 122 457
1989 2 9 125 459
1989 2 10 128 460
1989 2 11 129 462
1989 2 12 119 315
1989 2 13 115 322
1989 2 14 54 1
1989 2 15 92 41
1989 2 16 87 5
1989 2 17 141 412
1989 2 18 86 89
1989 2 19 38 2
1989 2 20 117 228
1989 2 21 87 2
1989 2 22 71 4
1989 2 23 106 149
1989 2 24 36 0
1989 2 25 89 70
1989 2 26 114 140
1989 2 27 117 153
1989 2 28 70 14
1989 3 1 168 412
1989 3 2 152 295
1989 3 3 132 165
1989 3 4 121 121
1989 3 5 186 561
1989 3 6 187 565
1989 3 7 188 548
1989 3 8 79 0
1989 3 9 192 480
1989 3 10 196 575
1989 3 11 193 500
1989 3 12 146 247
1989 3 13 199 574
1989 3 14 199 453
1989 3 15 91 0
1989 3 16 150 149
1989 3 17 108 78
1989 3 18 110 0
1989 3 19 220 508
1989 3 20 230 595
1989 3 21 138 40
1989 3 22 128 73
1989 3 23 123 88
1989 3 24 210 445
1989 3 25 181 176
1989 3 26 241 612
1989 3 27 243 613
1989 3 28 238 595
1989 3 29 227 597
1989 3 30 240 615
1989 3 31 180 334
1989 4 1 143 205
1989 4 2 170 175
1989 4 3 197 245
1989 4 4 170 166
1989 4 5 163 115
1989 4 6 163 106
1989 4 7 263 581
1989 4 8 130 127
1989 4 9 277 627
1989 4 10 167 108
1989 4 11 197 225
1989 4 12 148 111
1989 4 13 76 0
1989 4 14 115 0
1989 4 15 168 44
1989 4 16 264 478
1989 4 17 120 0
1989 4 18 210 192
1989 4 19 151 32
1989 4 20 211 284
1989 4 21 114 30
1989 4 22 172 0
1989 4 23 270 298
1989 4 24 287 567
1989 4 25 112 12
1989 4 26 201 184
1989 4 27 163 0
1989 4 28 173 0
1989 4 29 145 0
1989 4 30 177 47
1989 5 1 127 0
1989 5 2 305 629
1989 5 3 303 585
1989 5 4 323 621
1989 5 5 321 643
1989 5 6 185 179
1989 5 7 329 645
1989 5 8 331 646
1989 5 9 325 646
1989 5 10 126 38
1989 5 11 158 87
1989 5 12 194 179
1989 5 13 161 55
1989 5 14 137 43
1989 5 15 231 174
1989 5 16 271 373
1989 5 17 300 501
1989 5 18 295 503
1989 5 19 253 235
1989 5 20 264 422
1989 5 21 330 639
1989 5 22 278 487
1989 5 23 242 417
1989 5 24 357 700
1989 5 25 297 494
1989 5 26 301 485
1989 5 27 237 367
1989 5 28 216 302
1989 5 29 165 67
1989 5 30 189 129
1989 5 31 153 30
1989 6 1 185 255
1989 6 2 138 35
1989 6 3 99 8
1989 6 4 219 51
1989 6 5 167 0
1989 6 6 269 155
1989 6 7 195 51
1989 6 8 330 534
1989 6 9 302 394
1989 6 10 307 526
1989 6 11 235 243
1989 6 12 271 308
1989 6 13 291 471
1989 6 14 338 567
1989 6 15 330 586
1989 6 16 215 240
1989 6 17 352 676
1989 6 18 286 445
1989 6 19 340 653
1989 6 20 266 390
1989 6 21 231 233
1989 6 22 227 228
1989 6 23 91 0
1989 6 24 96 0
1989 6 25 327 584
1989 6 26 192 181
1989 6 27 234 235
1989 6 28 123 4
1989 6 29 248 346
1989 6 30 146 20
1989 7 1 164 131
1989 7 2 123 0
1989 7 3 84 0
1989 7 4 136 18
1989 7 5 292 502
1989 7 6 290 525
1989 7 7 172 165
1989 7 8 262 367
1989 7 9 175 156
1989 7 10 281 480
1989 7 11 89 0
1989 7 12 96 0
1989 7 13 199 142
1989 7 14 131 121
1989 7 15 354 665
1989 7 16 243 345
1989 7 17 228 223
1989 7 18 126 65
1989 7 19 334 581
1989 7 20 326 687
1989 7 21 262 473
1989 7 22 146 212
1989 7 23 142 168
1989 7 24 175 210
1989 7 25 181 201
1989 7 26 218 299
1989 7 27 215 257
1989 7 28 190 114
1989 7 29 303 643
1989 7 30 177 194
1989 7 31 93 5
1989 8 1 95 15
1989 8 2 114 41
1989 8 3 288 513
1989 8 4 302 643
1989 8 5 232 409
1989 8 6 118 44
1989 8 7 239 400
1989 8 8 124 89
1989 8 9 137 22
1989 8 10 184 268
1989 8 11 149 143
1989 8 12 263 510
1989 8 13 291 546
1989 8 14 228 386
1989 8 15 289 640
1989 8 16 280 632
1989 8 17 204 381
1989 8 18 197 207
1989 8 19 285 637
1989 8 20 282 636
1989 8 21 275 607
1989 8 22 261 520
1989 8 23 224 434
1989 8 24 255 578
1989 8 25 256 562
1989 8 26 136 73
1989 8 27 111 62
1989 8 28 118 44
1989 8 29 109 30
1989 8 30 267 626
1989 8 31 270 629
1989 9 1 210 415
1989 9 2 62 0
1989 9 3 116 20
1989 9 4 99 0
1989 9 5 199 278
1989 9 6 242 604
1989 9 7 242 620
1989 9 8 241 624
1989 9 9 105 39
1989 9 10 72 49
1989 9 11 143 176
1989 9 12 97 12
1989 9 13 94 28
1989 9 14 61 26
1989 9 15 89 0
1989 9 16 216 528
1989 9 17 220 609
1989 9 18 215 604
1989 9 19 165 399
1989 9 20 200 584
1989 9 21 208 574
1989 9 22 206 597
1989 9 23 186 502
1989 9 24 156 409
1989 9 25 165 378
1989 9 26 142 219
1989 9 27 33 0
1989 9 28 41 6
1989 9 29 45 0
1989 9 30 190 532
1989 10 1 193 579
1989 10 2 193 577
1989 10 3 180 436
1989 10 4 190 573
1989 10 5 186 571
1989 10 6 152 415
1989 10 7 80 55
1989 10 8 61 0
1989 10 9 81 1
1989 10 10 97 46
1989 10 11 173 519
1989 10 12 103 133
1989 10 13 165 547
1989 10 14 141 444
1989 10 15 78 91
1989 10 16 159 534
1989 10 17 155 525
1989 10 18 138 511
1989 10 19 145 513
1989 10 20 111 276
1989 10 21 108 298
1989 10 22 138 491
1989 10 23 136 487
1989 10 24 130 480
1989 10 25 122 475
1989 10 26 117 472
1989 10 27 126 471
1989 10 28 123 401
1989 10 29 32 0
1989 10 30 72 159
1989 10 31 85 289
1989 11 1 91 254
1989 11 2 87 306
1989 11 3 84 154
1989 11 4 47 0
1989 11 5 71 45
1989 11 6 41 0
1989 11 7 80 139
1989 11 8 105 407
1989 11 9 45 2
1989 11 10 107 437
1989 11 11 88 339
1989 11 12 102 429
1989 11 13 103 426
1989 11 14 99 423
1989 11 15 96 420
1989 11 16 99 418
1989 11 17 95 416
1989 11 18 90 414
1989 11 19 81 298
1989 11 20 84 390
1989 11 21 73 202
1989 11 22 33 1
1989 11 23 87 402
1989 11 24 79 391
1989 11 25 32 0
1989 11 26 84 396
1989 11 27 81 394
1989 11 28 82 392
1989 11 29 80 389
1989 11 30 80 388
1989 12 1 79 387
1989 12 2 77 385
1989 12 3 79 366
1989 12 4 74 382
1989 12 5 75 380
1989 12 6 74 380
1989 12 7 73 378
1989 12 8 69 367
1989 12 9 61 290
1989 12 10 73 376
1989 12 11 71 374
1989 12 12 46 80
1989 12 13 24 0
1989 12 14 52 158
1989 12 15 24 3
1989 12 16 42 37
1989 12 17 25 42
1989 12 18 36 61
1989 12 19 11 0
1989 12 20 59 228
1989 12 21 61 294
1989 12 22 42 114
1989 12 23 63 238
1989 12 24 50 177
1989 12 25 72 371
1989 12 26 72 371
1989 12 27 72 371
1989 12 28 73 372
1989 12 29 72 373
1989 12 30 73 373
1989 12 31 73 374
1990 1 1 74 375
1990 1 2 74 376
1990 1 3 70 352
1990 1 4 75 377
1990 1 5 77 379
1990 1 6 51 155
1990 1 7 78 381
1990 1 8 80 382
1990 1 9 79 383
1990 1 10 79 385
1990 1 11 81 387
1990 1 12 82 388
1990 1 13 81 389
1990 1 14 84 392
1990 1 15 85 394
1990 1 16 35 15
1990 1 17 84 398
1990 1 18 69 196
1990 1 19 88 402
1990 1 20 45 6
1990 1 21 84 347
1990 1 22 91 409
1990 1 23 90 364
1990 1 24 80 211
1990 1 25 68 159
1990 1 26 41 58
1990 1 27 95 386
1990 1 28 40 0
1990 1 29 80 129
1990 1 30 47 4
1990 1 31 101 332
1990 2 1 68 49
1990 2 2 42 1
1990 2 3 110 442
1990 2 4 115 445
1990 2 5 120 448
1990 2 6 122 451
1990 2 7 118 436
1990 2 8 86 195
1990 2 9 126 344
1990 2 10 97 211
1990 2 11 65 60
1990 2 12 65 13
1990 2 13 32 0
1990 2 14 18 0
1990 2 15 19 0
1990 2 16 62 0
1990 2 17 120 292
1990 2 18 144 481
1990 2 19 138 385
1990 2 20 150 495
1990 2 21 151 503
1990 2 22 152 510
1990 2 23 156 516
1990 2 24 159 520
1990 2 25 159 513
1990 2 26 87 36
1990 2 27 34 0
1990 2 28 34 0
1990 3 1 126 25
1990 3 2 78 0
1990 3 3 175 335
1990 3 4 191 558
1990 3 5 195 560
1990 3 6 189 515
1990 3 7 191 566
1990 3 8 146 275
1990 3 9 79 23
1990 3 10 86 0
1990 3 11 198 573
1990 3 12 115 45
1990 3 13 205 560
1990 3 14 181 444
1990 3 15 200 582
1990 3 16 215 587
1990 3 17 215 579
1990 3 18 213 492
1990 3 19 219 593
1990 3 20 158 225
1990 3 21 180 458
1990 3 22 191 449
1990 3 23 140 154
1990 3 24 203 429
1990 3 25 78 3
1990 3 26 109 0
1990 3 27 137 2
1990 3 28 164 116
1990 3 29 200 223
1990 3 30 240 511
1990 3 31 253 620
1990 4 1 252 621
1990 4 2 209 394
1990 4 3 126 48
1990 4 4 133 3
1990 4 5 160 57
1990 4 6 158 5
1990 4 7 78 0
1990 4 8 129 0
1990 4 9 139 27
1990 4 10 114 40
1990 4 11 104 0
1990 4 12 202 29
1990 4 13 242 193
1990 4 14 149 128
1990 4 15 126 0
1990 4 16 227 228
1990 4 17 213 208
1990 4 18 171 0
1990 4 19 177 16
1990 4 20 307 524
1990 4 21 258 460
1990 4 22 253 372
1990 4 23 97 0
1990 4 24 168 82
1990 4 25 164 53
1990 4 26 187 81
1990 4 27 109 5
1990 4 28 185 57
1990 4 29 316 640
1990 4 30 318 641
1990 5 1 316 641
1990 5 2 307 641
1990 5 3 298 613
1990 5 4 312 616
1990 5 5 288 545
1990 5 6 241 311
1990 5 7 260 419
1990 5 8 235 340
1990 5 9 226 323
1990 5 10 279 506
1990 5 11 196 108
1990 5 12 217 262
1990 5 13 213 296
1990 5 14 181 131
1990 5 15 226 289
1990 5 16 278 449
1990 5 17 248 447
1990 5 18 109 2
1990 5 19 240 334
1990 5 20 190 140
1990 5 21 144 88
1990 5 22 231 239
1990 5 23 219 203
1990 5 24 65 6
1990 5 25 75 1
1990 5 26 312 608
1990 5 27 222 261
1990 5 28 305 508
1990 5 29 295 433
1990 5 30 355 681
1990 5 31 353 715
1990 6 1 344 716
1990 6 2 167 284
1990 6 3 243 260
1990 6 4 133 48
1990 6 5 193 157
1990 6 6 122 4
1990 6 7 214 44
1990 6 8 116 22
1990 6 9 157 68
1990 6 10 142 48
1990 6 11 339 532
1990 6 12 118 0
1990 6 13 147 0
1990 6 14 227 335
1990 6 15 122 77
1990 6 16 334 608
1990 6 17 355 693
1990 6 18 156 147
1990 6 19 366 728
1990 6 20 208 230
1990 6 21 343 539
1990 6 22 80 19
1990 6 23 91 1
1990 6 24 266 322
1990 6 25 352 725
1990 6 26 266 468
1990 6 27 254 423
1990 6 28 158 71
1990 6 29 277 448
1990 6 30 309 579
1990 7 1 239 310
1990 7 2 181 138
1990 7 3 156 71
1990 7 4 200 182
1990 7 5 197 146
1990 7 6 196 108
1990 7 7 256 352
1990 7 8 70 0
1990 7 9 285 500
1990 7 10 106 44
1990 7 11 351 659
1990 7 12 350 716
1990 7 13 330 675
1990 7 14 334 671
1990 7 15 290 594
1990 7 16 272 515
1990 7 17 178 195
1990 7 18 329 577
1990 7 19 334 696
1990 7 20 339 699
1990 7 21 334 697
1990 7 22 329 690
1990 7 23 294 567
1990 7 24 298 509
1990 7 25 321 642
1990 7 26 283 508
1990 7 27 297 552
1990 7 28 310 656
1990 7 29 274 515
1990 7 30 162 171
1990 7 31 184 116
1990 8 1 220 325
1990 8 2 299 627
1990 8 3 301 641
1990 8 4 303 643
1990 8 5 302 645
1990 8 6 58 0
1990 8 7 95 5
1990 8 8 279 497
1990 8 9 301 636
1990 8 10 263 557
1990 8 11 274 607
1990 8 12 113 172
1990 8 13 232 457
1990 8 14 135 111
1990 8 15 135 74
1990 8 16 253 466
1990 8 17 77 18
1990 8 18 288 602
1990 8 19 291 625
1990 8 20 254 538
1990 8 21 111 64
1990 8 22 151 94
1990 8 23 278 632
1990 8 24 276 634
1990 8 25 197 419
1990 8 26 156 179
1990 8 27 199 402
1990 8 28 196 362
1990 8 29 196 400
1990 8 30 206 450
1990 8 31 67 13
1990 9 1 172 206
1990 9 2 210 282
1990 9 3 48 0
1990 9 4 115 66
1990 9 5 86 48
1990 9 6 234 414
1990 9 7 60 4
1990 9 8 137 88
1990 9 9 246 623
1990 9 10 215 498
1990 9 11 175 245
1990 9 12 244 596
1990 9 13 186 445
1990 9 14 191 362
1990 9 15 55 13
1990 9 16 234 570
1990 9 17 177 404
1990 9 18 37 2
1990 9 19 182 436
1990 9 20 147 228
1990 9 21 67 28
1990 9 22 129 199
1990 9 23 58 2
1990 9 24 183 386
1990 9 25 173 388
1990 9 26 164 385
1990 9 27 133 262
1990 9 28 199 584
1990 9 29 188 577
1990 9 30 149 342
1990 10 1 124 139
1990 10 2 170 388
1990 10 3 158 396
1990 10 4 25 0
1990 10 5 96 148
1990 10 6 167 549
1990 10 7 92 216
1990 10 8 74 34
1990 10 9 174 551
1990 10 10 172 556
1990 10 11 170 555
1990 10 12 92 198
1990 10 13 95 216
1990 10 14 150 545
1990 10 15 102 210
1990 10 16 58 39
1990 10 17 78 103
1990 10 18 68 61
1990 10 19 93 241
1990 10 20 61 4
1990 10 21 116 364
1990 10 22 140 492
1990 10 23 116 353
1990 10 24 132 477
1990 10 25 94 281
1990 10 26 117 363
1990 10 27 46 0
1990 10 28 122 353
1990 10 29 44 0
1990 10 30 118 292
1990 10 31 39 7
1990 11 1 92 154
1990 11 2 54 21
1990 11 3 43 0
1990 11 4 66 33
1990 11 5 57 15
1990 11 6 117 447
1990 11 7 116 444
1990 11 8 114 442
1990 11 9 112 440
1990 11 10 106 411
1990 11 11 67 59
1990 11 12 99 356
1990 11 13 102 416
1990 11 14 31 0
1990 11 15 35 0
1990 11 16 98 419
1990 11 17 82 374
1990 11 18 75 227
1990 11 19 82 178
1990 11 20 82 308
1990 11 21 26 0
1990 11 22 28 0
1990 11 23 63 131
1990 11 24 70 194
1990 11 25 15 0
1990 11 26 86 385
1990 11 27 42 0
1990 11 28 54 34
1990 11 29 82 390
1990 11 30 39 6
1990 12 1 81 383
1990 12 2 81 386
1990 12 3 80 368
1990 12 4 52 53
1990 12 5 34 0
1990 12 6 79 380
1990 12 7 79 378
1990 12 8 72 331
1990 12 9 43 20
1990 12 10 34 0
1990 12 11 74 372
1990 12 12 29 0
1990 12 13 46 20
1990 12 14 54 33
1990 12 15 48 11
1990 12 16 72 369
1990 12 17 71 371
1990 12 18 70 335
1990 12 19 50 19
1990 12 20 66 295
1990 12 21 47 6
1990 12 22 57 154
1990 12 23 68 370
1990 12 24 69 369
1990 12 25 55 157
1990 12 26 33 1
1990 12 27 35 20
1990 12 28 72 372
1990 12 29 53 151
1990 12 30 63 233
1990 12 31 46 79
1991 1 1 35 0
1991 1 2 24 0
1991 1 3 60 142
1991 1 4 66 214
1991 1 5 75 338
1991 1 6 57 101
1991 1 7 44 16
1991 1 8 76 382
1991 1 9 78 230
1991 1 10 55 226
1991 1 11 75 248
1991 1 12 26 0
1991 1 13 34 0
1991 1 14 80 299
1991 1 15 83 393
1991 1 16 89 396
1991 1 17 89 397
1991 1 18 90 401
1991 1 19 82 289
1991 1 20 93 404
1991 1 21 72 144
1991 1 22 86 357
1991 1 23 99 411
1991 1 24 98 415
1991 1 25 100 416
1991 1 26 100 418
1991 1 27 102 421
1991 1 28 105 423
1991 1 29 95 426
1991 1 30 110 430
1991 1 31 110 418
1991 2 1 113 437
1991 2 2 115 440
1991 2 3 114 434
1991 2 4 96 258
1991 2 5 81 37
1991 2 6 103 388
1991 2 7 113 321
1991 2 8 107 284
1991 2 9 88 161
1991 2 10 69 0
1991 2 11 127 460
1991 2 12 115 245
1991 2 13 114 231
1991 2 14 124 361
1991 2 15 142 422
1991 2 16 29 0
1991 2 17 150 476
1991 2 18 146 438
1991 2 19 146 487
1991 2 20 153 492
1991 2 21 144 495
1991 2 22 91 41
1991 2 23 82 0
1991 2 24 158 518
1991 2 25 161 523
1991 2 26 165 533
1991 2 27 168 543
1991 2 28 97 84
1991 3 1 130 211
1991 3 2 150 327
1991 3 3 122 101
1991 3 4 176 556
1991 3 5 133 128
1991 3 6 128 197
1991 3 7 99 5
1991 3 8 143 180
1991 3 9 59 0
1991 3 10 99 0
1991 3 11 149 252
1991 3 12 182 431
1991 3 13 208 579
1991 3 14 210 580
1991 3 15 168 241
1991 3 16 211 585
1991 3 17 129 16
1991 3 18 64 0
1991 3 19 146 117
1991 3 20 141 106
1991 3 21 126 43
1991 3 22 65 96
1991 3 23 202 213
1991 3 24 167 274
1991 3 25 207 319
1991 3 26 84 12
1991 3 27 89 0
1991 3 28 208 302
1991 3 29 222 354
1991 3 30 212 327
1991 3 31 254 617
1991 4 1 256 620
1991 4 2 211 367
1991 4 3 190 291
1991 4 4 174 199
1991 4 5 118 7
1991 4 6 174 47
1991 4 7 244 385
1991 4 8 178 198
1991 4 9 252 546
1991 4 10 277 628
1991 4 11 285 629
1991 4 12 186 328
1991 4 13 143 118
1991 4 14 181 248
1991 4 15 249 474
1991 4 16 285 631
1991 4 17 81 0
1991 4 18 166 0
1991 4 19 173 34
1991 4 20 276 471
1991 4 21 236 263
1991 4 22 196 200
1991 4 23 166 29
1991 4 24 226 194
1991 4 25 200 211
1991 4 26 285 528
1991 4 27 243 333
1991 4 28 218 201
1991 4 29 186 119
1991 4 30 165 43
1991 5 1 154 126
1991 5 2 86 0
1991 5 3 63 0
1991 5 4 189 29
1991 5 5 251 298
1991 5 6 252 130
1991 5 7 195 68
1991 5 8 210 207
1991 5 9 206 212
1991 5 10 192 140
1991 5 11 57 0
1991 5 12 124 0
1991 5 13 248 165
1991 5 14 292 431
1991 5 15 141 41
1991 5 16 167 41
1991 5 17 218 129
1991 5 18 182 55
1991 5 19 190 107
1991 5 20 243 234
1991 5 21 352 691
1991 5 22 349 692
1991 5 23 136 74
1991 5 24 265 293
1991 5 25 194 170
1991 5 26 152 8
1991 5 27 342 598
1991 5 28 354 627
1991 5 29 280 449
1991 5 30 249 348
1991 5 31 337 575
1991 6 1 342 660
1991 6 2 204 167
1991 6 3 111 30
1991 6 4 57 0
1991 6 5 319 452
1991 6 6 98 1
1991 6 7 171 104
1991 6 8 116 37
1991 6 9 255 199
1991 6 10 164 59
1991 6 11 327 530
1991 6 12 351 636
1991 6 13 249 339
1991 6 14 289 345
1991 6 15 342 691
1991 6 16 60 2
1991 6 17 40 0
1991 6 18 309 277
1991 6 19 230 87
1991 6 20 164 24
1991 6 21 325 508
1991 6 22 368 710
1991 6 23 360 698
1991 6 24 278 359
1991 6 25 309 474
1991 6 26 245 406
1991 6 27 104 15
1991 6 28 122 33
1991 6 29 171 71
1991 6 30 359 727
1991 7 1 359 727
1991 7 2 356 727
1991 7 3 351 607
1991 7 4 326 611
1991 7 5 334 678
1991 7 6 299 561
1991 7 7 261 462
1991 7 8 276 464
1991 7 9 101 5
1991 7 10 287 460
1991 7 11 306 599
1991 7 12 328 592
1991 7 13 299 501
1991 7 14 105 34
1991 7 15 324 538
1991 7 16 343 691
1991 7 17 105 115
1991 7 18 278 352
1991 7 19 276 424
1991 7 20 335 624
1991 7 21 268 436
1991 7 22 322 608
1991 7 23 330 690
1991 7 24 192 222
1991 7 25 151 100
1991 7 26 98 2
1991 7 27 145 39
1991 7 28 295 511
1991 7 29 308 612
1991 7 30 307 593
1991 7 31 101 25
1991 8 1 44 0
1991 8 2 63 0
1991 8 3 162 70
1991 8 4 211 152
1991 8 5 305 608
1991 8 6 300 641
1991 8 7 298 644
1991 8 8 230 436
1991 8 9 299 631
1991 8 10 272 557
1991 8 11 274 498
1991 8 12 204 256
1991 8 13 290 602
1991 8 14 266 486
1991 8 15 228 430
1991 8 16 229 403
1991 8 17 285 600
1991 8 18 270 536
1991 8 19 295 570
1991 8 20 271 636
1991 8 21 281 635
1991 8 22 271 635
1991 8 23 116 71
1991 8 24 197 255
1991 8 25 111 70
1991 8 26 162 267
1991 8 27 270 614
1991 8 28 245 569
1991 8 29 266 611
1991 8 30 272 630
1991 8 31 261 629
1991 9 1 245 564
1991 9 2 139 164
1991 9 3 252 615
1991 9 4 224 568
1991 9 5 228 607
1991 9 6 208 458
1991 9 7 235 569
1991 9 8 239 624
1991 9 9 238 624
1991 9 10 225 610
1991 9 11 143 245
1991 9 12 131 137
1991 9 13 73 0
1991 9 14 150 258
1991 9 15 127 154
1991 9 16 216 555
1991 9 17 89 75
1991 9 18 197 492
1991 9 19 212 601
1991 9 20 104 152
1991 9 21 152 301
1991 9 22 128 197
1991 9 23 118 147
1991 9 24 199 594
1991 9 25 190 568
1991 9 26 73 40
1991 9 27 68 50
1991 9 28 150 234
1991 9 29 92 53
1991 9 30 40 0
1991 10 1 183 514
1991 10 2 112 198
1991 10 3 181 576
1991 10 4 180 574
1991 10 5 171 570
1991 10 6 43 13
1991 10 7 92 91
1991 10 8 104 178
1991 10 9 134 350
1991 10 10 157 544
1991 10 11 97 176
1991 10 12 47 10
1991 10 13 64 78
1991 10 14 82 129
1991 10 15 101 162
1991 10 16 114 263
1991 10 17 90 182
1991 10 18 51 26
1991 10 19 36 0
1991 10 20 96 76
1991 10 21 105 101
1991 10 22 78 45
1991 10 23 119 284
1991 10 24 133 482
1991 10 25 130 477
1991 10 26 128 475
1991 10 27 121 421
1991 10 28 103 301
1991 10 29 127 465
1991 10 30 114 394
1991 10 31 100 333
1991 11 1 116 459
1991 11 2 62 14
1991 11 3 108 433
1991 11 4 18 0
1991 11 5 96 214
1991 11 6 43 5
1991 11 7 50 10
1991 11 8 94 346
1991 11 9 36 0
1991 11 10 88 253
1991 11 11 74 145
1991 11 12 91 335
1991 11 13 46 1
1991 11 14 28 0
1991 11 15 60 51
1991 11 16 54 13
1991 11 17 38 0
1991 11 18 76 205
1991 11 19 77 234
1991 11 20 33 0
1991 11 21 31 0
1991 11 22 37 0
1991 11 23 72 126
1991 11 24 66 228
1991 11 25 74 299
1991 11 26 82 395
1991 11 27 75 394
1991 11 28 77 391
1991 11 29 77 390
1991 11 30 76 388
1991 12 1 74 386
1991 12 2 73 385
1991 12 3 74 383
1991 12 4 71 381
1991 12 5 76 379
1991 12 6 66 322
1991 12 7 72 378
1991 12 8 69 356
1991 12 9 74 370
1991 12 10 69 358
1991 12 11 67 373
1991 12 12 69 373
1991 12 13 67 372
1991 12 14 67 372
1991 12 15 67 371
1991 12 16 66 370
1991 12 17 24 0
1991 12 18 5 0
1991 12 19 8 0
1991 12 20 8 0
1991 12 21 10 0
1991 12 22 4 0
1991 12 23 66 369
1991 12 24 38 6
1991 12 25 48 29
1991 12 26 33 0
1991 12 27 18 0
1991 12 28 73 335
1991 12 29 68 371
1991 12 30 68 370
1991 12 31 69 372
1992 1 1 68 372
1992 1 2 68 373
1992 1 3 71 341
1992 1 4 71 372
1992 1 5 48 51
1992 1 6 73 378
1992 1 7 71 351
1992 1 8 63 228
1992 1 9 36 0
1992 1 10 34 17
1992 1 11 77 385
1992 1 12 78 386
1992 1 13 79 387
1992 1 14 79 387
1992 1 15 75 391
1992 1 16 82 394
1992 1 17 85 396
1992 1 18 69 285
1992 1 19 62 118
1992 1 20 57 35
1992 1 21 88 323
1992 1 22 81 396
1992 1 23 87 396
1992 1 24 87 410
1992 1 25 88 413
1992 1 26 89 320
1992 1 27 87 318
1992 1 28 96 420
1992 1 29 81 228
1992 1 30 84 298
1992 1 31 101 431
1992 2 1 104 435
1992 2 2 99 407
1992 2 3 84 137
1992 2 4 14 0
1992 2 5 13 0
1992 2 6 109 314
1992 2 7 115 451
1992 2 8 115 454
1992 2 9 119 456
1992 2 10 65 56
1992 2 11 71 0
1992 2 12 85 148
1992 2 13 75 21
1992 2 14 117 265
1992 2 15 83 14
1992 2 16 87 39
1992 2 17 54 0
1992 2 18 109 188
1992 2 19 148 484
1992 2 20 148 488
1992 2 21 149 445
1992 2 22 149 498
1992 2 23 73 23
1992 2 24 155 516
1992 2 25 93 0
1992 2 26 92 7
1992 2 27 153 474
1992 2 28 158 537
1992 2 29 163 541
1992 3 1 165 544
1992 3 2 141 322
1992 3 3 155 355
1992 3 4 171 557
1992 3 5 113 129
1992 3 6 113 189
1992 3 7 182 559
1992 3 8 174 436
1992 3 9 172 411
1992 3 10 186 556
1992 3 11 82 6
1992 3 12 170 261
1992 3 13 99 0
1992 3 14 79 0
1992 3 15 32 0
1992 3 16 113 22
1992 3 17 107 0
1992 3 18 214 530
1992 3 19 181 259
1992 3 20 86 0
1992 3 21 206 474
1992 3 22 47 0
1992 3 23 171 254
1992 3 24 166 184
1992 3 25 144 6
1992 3 26 178 15
1992 3 27 216 380
1992 3 28 138 0
1992 3 29 115 29
1992 3 30 166 118
1992 3 31 148 108
1992 4 1 193 183
1992 4 2 255 561
1992 4 3 122 5
1992 4 4 110 0
1992 4 5 107 0
1992 4 6 149 3
1992 4 7 163 22
1992 4 8 249 523
1992 4 9 266 614
1992 4 10 262 592
1992 4 11 257 530
1992 4 12 272 628
1992 4 13 126 17
1992 4 14 271 591
1992 4 15 101 15
1992 4 16 133 0
1992 4 17 242 138
1992 4 18 102 0
1992 4 19 132 18
1992 4 20 218 246
1992 4 21 288 624
1992 4 22 213 193
1992 4 23 90 0
1992 4 24 291 637
1992 4 25 286 637
1992 4 26 277 590
1992 4 27 209 192
1992 4 28 143 51
1992 4 29 160 18
1992 4 30 115 0
1992 5 1 265 359
1992 5 2 212 66
1992 5 3 276 401
1992 5 4 236 172
1992 5 5 251 253
1992 5 6 205 109
1992 5 7 304 638
1992 5 8 265 354
1992 5 9 291 536
1992 5 10 323 613
1992 5 11 114 11
1992 5 12 319 649
1992 5 13 316 651
1992 5 14 316 654
1992 5 15 264 467
1992 5 16 321 644
1992 5 17 293 549
1992 5 18 297 585
1992 5 19 328 654
1992 5 20 256 382
1992 5 21 171 181
1992 5 22 286 393
1992 5 23 216 165
1992 5 24 260 398
1992 5 25 276 460
1992 5 26 258 422
1992 5 27 162 105
1992 5 28 217 235
1992 5 29 160 113
1992 5 30 255 378
1992 5 31 130 21
1992 6 1 237 310
1992 6 2 173 130
1992 6 3 152 53
1992 6 4 262 397
1992 6 5 198 202
1992 6 6 196 271
1992 6 7 242 316
1992 6 8 163 2
1992 6 9 193 69
1992 6 10 223 361
1992 6 11 148 73
1992 6 12 138 19
1992 6 13 169 26
1992 6 14 283 432
1992 6 15 341 727
1992 6 16 260 436
1992 6 17 222 267
1992 6 18 257 284
1992 6 19 80 0
1992 6 20 286 443
1992 6 21 272 454
1992 6 22 199 133
1992 6 23 178 120
1992 6 24 206 321
1992 6 25 99 0
1992 6 26 252 241
1992 6 27 328 606
1992 6 28 342 715
1992 6 29 338 626
1992 6 30 247 421
1992 7 1 222 239
1992 7 2 155 14
1992 7 3 299 530
1992 7 4 74 28
1992 7 5 151 0
1992 7 6 167 66
1992 7 7 172 35
1992 7 8 181 112
1992 7 9 203 210
1992 7 10 177 104
1992 7 11 75 0
1992 7 12 177 116
1992 7 13 319 535
1992 7 14 295 634
1992 7 15 158 61
1992 7 16 206 310
1992 7 17 311 636
1992 7 18 274 468
1992 7 19 314 698
1992 7 20 244 476
1992 7 21 316 652
1992 7 22 177 121
1992 7 23 317 676
1992 7 24 315 661
1992 7 25 267 448
1992 7 26 295 636
1992 7 27 297 652
1992 7 28 297 616
1992 7 29 190 317
1992 7 30 294 646
1992 7 31 290 635
1992 8 1 174 288
1992 8 2 288 589
1992 8 3 220 403
1992 8 4 131 34
1992 8 5 272 561
1992 8 6 273 574
1992 8 7 228 433
1992 8 8 279 642
1992 8 9 283 641
1992 8 10 86 20
1992 8 11 280 581
1992 8 12 265 515
1992 8 13 248 476
1992 8 14 163 158
1992 8 15 270 555
1992 8 16 266 589
1992 8 17 269 634
1992 8 18 271 637
1992 8 19 227 591
1992 8 20 244 581
1992 8 21 234 519
1992 8 22 223 399
1992 8 23 173 224
1992 8 24 171 192
1992 8 25 253 616
1992 8 26 174 334
1992 8 27 238 600
1992 8 28 207 385
1992 8 29 99 178
1992 8 30 178 266
1992 8 31 94 65
1992 9 1 191 241
1992 9 2 250 618
1992 9 3 214 449
1992 9 4 82 65
1992 9 5 120 54
1992 9 6 252 625
1992 9 7 235 539
1992 9 8 204 460
1992 9 9 118 39
1992 9 10 86 93
1992 9 11 218 611
1992 9 12 219 573
1992 9 13 188 402
1992 9 14 71 58
1992 9 15 213 533
1992 9 16 216 611
1992 9 17 215 610
1992 9 18 210 607
1992 9 19 167 395
1992 9 20 156 385
1992 9 21 155 404
1992 9 22 91 114
1992 9 23 74 22
1992 9 24 128 117
1992 9 25 157 429
1992 9 26 186 585
1992 9 27 172 539
1992 9 28 77 100
1992 9 29 43 0
1992 9 30 73 5
1992 10 1 136 298
1992 10 2 76 35
1992 10 3 89 45
1992 10 4 79 6
1992 10 5 63 6
1992 10 6 90 178
1992 10 7 101 86
1992 10 8 156 554
1992 10 9 148 448
1992 10 10 74 51
1992 10 11 85 66
1992 10 12 61 5
1992 10 13 154 516
1992 10 14 127 363
1992 10 15 146 522
1992 10 16 55 0
1992 10 17 29 0
1992 10 18 79 46
1992 10 19 112 250
1992 10 20 58 3
1992 10 21 24 0
1992 10 22 107 223
1992 10 23 109 218
1992 10 24 61 10
1992 10 25 86 174
1992 10 26 60 0
1992 10 27 99 131
1992 10 28 71 32
1992 10 29 96 292
1992 10 30 92 168
1992 10 31 46 0
1992 11 1 90 209
1992 11 2 107 454
1992 11 3 38 1
1992 11 4 49 0
1992 11 5 58 9
1992 11 6 105 443
1992 11 7 107 443
1992 11 8 77 161
1992 11 9 99 430
1992 11 10 42 26
1992 11 11 46 29
1992 11 12 35 11
1992 11 13 34 0
1992 11 14 86 273
1992 11 15 57 25
1992 11 16 20 0
1992 11 17 35 0
1992 11 18 75 192
1992 11 19 39 5
1992 11 20 49 0
1992 11 21 19 0
1992 11 22 15 0
1992 11 23 80 390
1992 11 24 82 400
1992 11 25 68 233
1992 11 26 42 15
1992 11 27 77 385
1992 11 28 54 99
1992 11 29 33 0
1992 11 30 74 386
1992 12 1 63 235
1992 12 2 48 78
1992 12 3 12 0
1992 12 4 38 1
1992 12 5 19 0
1992 12 6 47 84
1992 12 7 26 0
1992 12 8 24 0
1992 12 9 28 0
1992 12 10 28 0
1992 12 11 69 370
1992 12 12 17 0
1992 12 13 65 311
1992 12 14 67 371
1992 12 15 68 371
1992 12 16 61 304
1992 12 17 65 369
1992 12 18 65 369
1992 12 19 57 144
1992 12 20 59 168
1992 12 21 37 0
1992 12 22 62 353
1992 12 23 50 62
1992 12 24 60 349
1992 12 25 66 364
1992 12 26 68 370
1992 12 27 68 370
1992 12 28 69 371
1992 12 29 66 371
1992 12 30 68 372
1992 12 31 67 349
1993 1 1 70 373
1993 1 2 73 374
1993 1 3 69 335
1993 1 4 69 374
1993 1 5 72 377
1993 1 6 34 0
1993 1 7 33 0
1993 1 8 34 4
1993 1 9 71 382
1993 1 10 71 353
1993 1 11 52 81
1993 1 12 69 146
1993 1 13 51 31
1993 1 14 40 8
1993 1 15 73 266
1993 1 16 80 395
1993 1 17 83 399
1993 1 18 85 401
1993 1 19 75 301
1993 1 20 66 161
1993 1 21 87 406
1993 1 22 65 102
1993 1 23 47 8
1993 1 24 79 377
1993 1 25 33 0
1993 1 26 85 301
1993 1 27 53 3
1993 1 28 35 0
1993 1 29 68 45
1993 1 30 100 413
1993 1 31 105 435
1993 2 1 107 438
1993 2 2 93 273
1993 2 3 108 442
1993 2 4 105 444
1993 2 5 112 448
1993 2 6 116 451
1993 2 7 116 450
1993 2 8 117 456
1993 2 9 120 458
1993 2 10 122 460
1993 2 11 124 461
1993 2 12 126 463
1993 2 13 131 467
1993 2 14 133 470
1993 2 15 136 472
1993 2 16 106 208
1993 2 17 58 0
1993 2 18 143 357
1993 2 19 88 154
1993 2 20 73 8
1993 2 21 39 0
1993 2 22 114 110
1993 2 23 109 53
1993 2 24 131 317
1993 2 25 161 518
1993 2 26 156 425
1993 2 27 134 269
1993 2 28 123 195
1993 3 1 92 0
1993 3 2 86 0
1993 3 3 122 84
1993 3 4 140 176
1993 3 5 184 509
1993 3 6 71 0
1993 3 7 138 127
1993 3 8 194 570
1993 3 9 195 573
1993 3 10 199 575
1993 3 11 179 454
1993 3 12 183 353
1993 3 13 203 579
1993 3 14 205 580
1993 3 15 195 464
1993 3 16 134 159
1993 3 17 64 0
1993 3 18 209 590
1993 3 19 208 564
1993 3 20 198 572
1993 3 21 130 59
1993 3 22 110 14
1993 3 23 111 19
1993 3 24 90 0
1993 3 25 130 0
1993 3 26 192 176
1993 3 27 173 156
1993 3 28 228 408
1993 3 29 256 615
1993 3 30 237 501
1993 3 31 184 269
1993 4 1 246 619
1993 4 2 84 0
1993 4 3 152 64
1993 4 4 124 109
1993 4 5 254 521
1993 4 6 94 0
1993 4 7 183 39
1993 4 8 119 2
1993 4 9 264 559
1993 4 10 113 9
1993 4 11 132 0
1993 4 12 180 134
1993 4 13 150 68
1993 4 14 236 379
1993 4 15 175 94
1993 4 16 192 123
1993 4 17 189 133
1993 4 18 147 20
1993 4 19 259 371
1993 4 20 289 634
1993 4 21 261 510
1993 4 22 256 523
1993 4 23 284 610
1993 4 24 265 488
1993 4 25 189 146
1993 4 26 250 450
1993 4 27 261 509
1993 4 28 234 361
1993 4 29 212 316
1993 4 30 207 284
1993 5 1 229 265
1993 5 2 286 501
1993 5 3 211 132
1993 5 4 264 433
1993 5 5 271 489
1993 5 6 103 0
1993 5 7 253 365
1993 5 8 272 419
1993 5 9 240 395
1993 5 10 241 314
1993 5 11 162 68
1993 5 12 137 38
1993 5 13 165 92
1993 5 14 191 108
1993 5 15 176 115
1993 5 16 245 230
1993 5 17 225 295
1993 5 18 219 301
1993 5 19 205 264
1993 5 20 202 221
1993 5 21 101 63
1993 5 22 343 696
1993 5 23 335 698
1993 5 24 309 607
1993 5 25 256 367
1993 5 26 215 335
1993 5 27 156 60
1993 5 28 170 121
1993 5 29 342 616
1993 5 30 227 286
1993 5 31 302 419
1993 6 1 326 663
1993 6 2 118 46
1993 6 3 109 3
1993 6 4 265 345
1993 6 5 274 476
1993 6 6 334 628
1993 6 7 354 670
1993 6 8 337 717
1993 6 9 241 400
1993 6 10 145 68
1993 6 11 196 183
1993 6 12 210 118
1993 6 13 131 9
1993 6 14 164 38
1993 6 15 173 62
1993 6 16 355 648
1993 6 17 87 0
1993 6 18 348 730
1993 6 19 344 730
1993 6 20 193 258
1993 6 21 175 198
1993 6 22 170 163
1993 6 23 128 81
1993 6 24 142 91
1993 6 25 351 728
1993 6 26 203 60
1993 6 27 114 32
1993 6 28 183 208
1993 6 29 183 263
1993 6 30 292 459
1993 7 1 219 275
1993 7 2 164 109
1993 7 3 281 440
1993 7 4 341 713
1993 7 5 184 213
1993 7 6 201 121
1993 7 7 347 675
1993 7 8 343 718
1993 7 9 341 711
1993 7 10 97 45
1993 7 11 169 39
1993 7 12 191 64
1993 7 13 185 48
1993 7 14 152 0
1993 7 15 136 16
1993 7 16 246 330
1993 7 17 231 336
1993 7 18 185 278
1993 7 19 95 8
1993 7 20 151 19
1993 7 21 172 88
1993 7 22 126 28
1993 7 23 309 530
1993 7 24 317 674
1993 7 25 131 95
1993 7 26 229 301
1993 7 27 234 334
1993 7 28 194 140
1993 7 29 304 654
1993 7 30 297 622
1993 7 31 66 0
1993 8 1 307 648
1993 8 2 228 425
1993 8 3 208 371
1993 8 4 238 370
1993 8 5 240 454
1993 8 6 261 458
1993 8 7 251 525
1993 8 8 160 280
1993 8 9 101 41
1993 8 10 88 3
1993 8 11 295 581
1993 8 12 286 628
1993 8 13 282 585
1993 8 14 237 462
1993 8 15 200 345
1993 8 16 260 537
1993 8 17 273 606
1993 8 18 251 508
1993 8 19 214 392
1993 8 20 275 590
1993 8 21 270 615
1993 8 22 236 521
1993 8 23 108 113
1993 8 24 39 4
1993 8 25 98 33
1993 8 26 199 239
1993 8 27 65 35
1993 8 28 52 0
1993 8 29 271 539
1993 8 30 252 608
1993 8 31 167 211
1993 9 1 252 480
1993 9 2 251 611
1993 9 3 89 12
1993 9 4 81 37
1993 9 5 58 3
1993 9 6 250 617
1993 9 7 185 265
1993 9 8 70 5
1993 9 9 59 9
1993 9 10 82 30
1993 9 11 138 160
1993 9 12 226 501
1993 9 13 120 129
1993 9 14 116 189
1993 9 15 128 156
1993 9 16 157 258
1993 9 17 157 252
1993 9 18 97 75
1993 9 19 153 296
1993 9 20 192 588
1993 9 21 176 525
1993 9 22 114 195
1993 9 23 91 59
1993 9 24 104 1
1993 9 25 93 113
1993 9 26 70 0
1993 9 27 169 390
1993 9 28 86 101
1993 9 29 114 75
1993 9 30 177 518
1993 10 1 94 83
1993 10 2 24 0
1993 10 3 122 128
1993 10 4 107 162
1993 10 5 136 389
1993 10 6 67 86
1993 10 7 99 203
1993 10 8 32 33
1993 10 9 160 434
1993 10 10 93 140
1993 10 11 94 177
1993 10 12 81 91
1993 10 13 134 458
1993 10 14 63 94
1993 10 15 65 27
1993 10 16 132 395
1993 10 17 54 11
1993 10 18 70 80
1993 10 19 82 28
1993 10 20 99 175
1993 10 21 25 0
1993 10 22 94 82
1993 10 23 117 367
1993 10 24 58 0
1993 10 25 126 305
1993 10 26 132 473
1993 10 27 129 471
1993 10 28 125 467
1993 10 29 124 464
1993 10 30 123 462
1993 10 31 79 177
1993 11 1 77 92
1993 11 2 78 206
1993 11 3 111 455
1993 11 4 104 441
1993 11 5 58 15
1993 11 6 30 0
1993 11 7 94 283
1993 11 8 105 328
1993 11 9 65 107
1993 11 10 94 368
1993 11 11 51 76
1993 11 12 36 0
1993 11 13 91 270
1993 11 14 93 412
1993 11 15 33 0
1993 11 16 56 43
1993 11 17 87 405
1993 11 18 94 414
1993 11 19 89 408
1993 11 20 89 396
1993 11 21 86 400
1993 11 22 67 205
1993 11 23 60 77
1993 11 24 90 377
1993 11 25 80 397
1993 11 26 66 265
1993 11 27 63 220
1993 11 28 79 391
1993 11 29 38 20
1993 11 30 70 294
1993 12 1 53 122
1993 12 2 58 172
1993 12 3 50 72
1993 12 4 72 382
1993 12 5 45 141
1993 12 6 57 151
1993 12 7 41 41
1993 12 8 23 0
1993 12 9 75 375
1993 12 10 64 284
1993 12 11 26 0
1993 12 12 48 179
1993 12 13 62 248
1993 12 14 28 0
1993 12 15 65 206
1993 12 16 33 13
1993 12 17 21 0
1993 12 18 66 370
1993 12 19 42 108
1993 12 20 70 305
1993 12 21 22 0
1993 12 22 57 181
1993 12 23 57 165
1993 12 24 14 0
1993 12 25 25 35
1993 12 26 45 5
1993 12 27 40 0
1993 12 28 68 319
1993 12 29 65 284
1993 12 30 56 173
1993 12 31 58 172
1994 1 1 37 21
1994 1 2 35 3
1994 1 3 63 215
1994 1 4 26 0
1994 1 5 73 312
1994 1 6 39 0
1994 1 7 45 84
1994 1 8 49 123
1994 1 9 57 154
1994 1 10 70 347
1994 1 11 30 0
1994 1 12 76 325
1994 1 13 75 255
1994 1 14 35 3
1994 1 15 60 132
1994 1 16 57 77
1994 1 17 51 83
1994 1 18 86 401
1994 1 19 90 402
1994 1 20 50 0
1994 1 21 89 406
1994 1 22 92 409
1994 1 23 85 294
1994 1 24 59 68
1994 1 25 56 29
1994 1 26 24 0
1994 1 27 97 414
1994 1 28 36 0
1994 1 29 78 139
1994 1 30 94 312
1994 1 31 77 145
1994 2 1 109 423
1994 2 2 55 0
1994 2 3 94 228
1994 2 4 123 285
1994 2 5 77 77
1994 2 6 72 0
1994 2 7 71 0
1994 2 8 60 0
1994 2 9 99 174
1994 2 10 56 1
1994 2 11 60 22
1994 2 12 125 462
1994 2 13 128 465
1994 2 14 133 469
1994 2 15 112 297
1994 2 16 86 58
1994 2 17 119 160
1994 2 18 126 359
1994 2 19 148 486
1994 2 20 88 56
1994 2 21 131 247
1994 2 22 118 179
1994 2 23 123 177
1994 2 24 87 3
1994 2 25 137 262
1994 2 26 126 139
1994 2 27 125 284
1994 2 28 52 4
1994 3 1 37 0
1994 3 2 152 250
1994 3 3 161 347
1994 3 4 141 308
1994 3 5 181 560
1994 3 6 75 0
1994 3 7 85 0
1994 3 8 107 10
1994 3 9 166 461
1994 3 10 189 507
1994 3 11 188 560
1994 3 12 140 203
1994 3 13 102 34
1994 3 14 193 453
1994 3 15 198 515
1994 3 16 199 346
1994 3 17 67 0
1994 3 18 166 111
1994 3 19 213 549
1994 3 20 115 7
1994 3 21 221 499
1994 3 22 153 217
1994 3 23 112 11
1994 3 24 180 340
1994 3 25 220 554
1994 3 26 123 102
1994 3 27 245 611
1994 3 28 212 391
1994 3 29 155 189
1994 3 30 237 607
1994 3 31 143 77
1994 4 1 75 1
1994 4 2 200 267
1994 4 3 216 212
1994 4 4 165 68
1994 4 5 232 332
1994 4 6 180 125
1994 4 7 262 531
1994 4 8 185 154
1994 4 9 106 16
1994 4 10 201 238
1994 4 11 175 65
1994 4 12 115 7
1994 4 13 89 0
1994 4 14 232 318
1994 4 15 235 370
1994 4 16 188 151
1994 4 17 222 334
1994 4 18 177 84
1994 4 19 192 96
1994 4 20 155 110
1994 4 21 239 310
1994 4 22 233 301
1994 4 23 223 350
1994 4 24 224 376
1994 4 25 123 4
1994 4 26 218 152
1994 4 27 257 464
1994 4 28 248 344
1994 4 29 305 640
1994 4 30 295 626
1994 5 1 116 79
1994 5 2 320 632
1994 5 3 315 642
1994 5 4 226 340
1994 5 5 140 15
1994 5 6 158 8
1994 5 7 315 645
1994 5 8 214 193
1994 5 9 204 143
1994 5 10 296 497
1994 5 11 225 307
1994 5 12 136 27
1994 5 13 214 238
1994 5 14 177 146
1994 5 15 280 444
1994 5 16 211 302
1994 5 17 229 249
1994 5 18 132 13
1994 5 19 65 0
1994 5 20 84 0
1994 5 21 141 24
1994 5 22 223 211
1994 5 23 223 244
1994 5 24 166 121
1994 5 25 321 514
1994 5 26 131 99
1994 5 27 160 82
1994 5 28 301 505
1994 5 29 162 114
1994 5 30 76 0
1994 5 31 348 710
1994 6 1 331 668
1994 6 2 241 349
1994 6 3 273 398
1994 6 4 225 129
1994 6 5 112 77
1994 6 6 166 67
1994 6 7 221 130
1994 6 8 265 453
1994 6 9 89 0
1994 6 10 176 130
1994 6 11 140 0
1994 6 12 344 481
1994 6 13 263 360
1994 6 14 166 27
1994 6 15 355 715
1994 6 16 294 443
1994 6 17 270 385
1994 6 18 344 671
1994 6 19 187 290
1994 6 20 147 0
1994 6 21 169 88
1994 6 22 345 728
1994 6 23 349 715
1994 6 24 293 569
1994 6 25 305 601
1994 6 26 257 386
1994 6 27 170 196
1994 6 28 244 425
1994 6 29 182 242
1994 6 30 283 538
1994 7 1 284 518
1994 7 2 257 498
1994 7 3 276 559
1994 7 4 302 599
1994 7 5 308 511
1994 7 6 265 457
1994 7 7 145 73
1994 7 8 193 106
1994 7 9 171 101
1994 7 10 349 717
1994 7 11 347 717
1994 7 12 307 580
1994 7 13 207 250
1994 7 14 228 323
1994 7 15 257 379
1994 7 16 325 687
1994 7 17 246 450
1994 7 18 187 364
1994 7 19 163 68
1994 7 20 77 0
1994 7 21 250 297
1994 7 22 319 637
1994 7 23 228 413
1994 7 24 241 433
1994 7 25 206 364
1994 7 26 297 534
1994 7 27 293 544
1994 7 28 226 400
1994 7 29 215 332
1994 7 30 213 357
1994 7 31 231 421
1994 8 1 179 268
1994 8 2 295 570
1994 8 3 292 625
1994 8 4 279 589
1994 8 5 243 432
1994 8 6 169 339
1994 8 7 212 296
1994 8 8 121 106
1994 8 9 235 485
1994 8 10 64 59
1994 8 11 227 340
1994 8 12 178 161
1994 8 13 207 348
1994 8 14 291 561
1994 8 15 288 639
1994 8 16 282 627
1994 8 17 124 74
1994 8 18 155 139
1994 8 19 99 57
1994 8 20 239 483
1994 8 21 268 610
1994 8 22 189 340
1994 8 23 165 317
1994 8 24 185 241
1994 8 25 46 0
1994 8 26 124 69
1994 8 27 268 626
1994 8 28 211 442
1994 8 29 210 295
1994 8 30 187 380
1994 8 31 75 47
1994 9 1 123 198
1994 9 2 46 5
1994 9 3 145 135
1994 9 4 251 589
1994 9 5 246 618
1994 9 6 232 553
1994 9 7 241 552
1994 9 8 106 135
1994 9 9 249 587
1994 9 10 145 225
1994 9 11 173 293
1994 9 12 128 235
1994 9 13 40 7
1994 9 14 36 0
1994 9 15 125 105
1994 9 16 115 84
1994 9 17 135 94
1994 9 18 135 66
1994 9 19 187 311
1994 9 20 200 453
1994 9 21 109 152
1994 9 22 132 304
1994 9 23 143 248
1994 9 24 123 205
1994 9 25 192 542
1994 9 26 48 8
1994 9 27 191 361
1994 9 28 168 310
1994 9 29 172 542
1994 9 30 108 139
1994 10 1 135 253
1994 10 2 123 254
1994 10 3 78 68
1994 10 4 131 165
1994 10 5 175 431
1994 10 6 190 567
1994 10 7 176 415
1994 10 8 73 5
1994 10 9 152 386
1994 10 10 174 556
1994 10 11 166 555
1994 10 12 102 108
1994 10 13 162 547
1994 10 14 162 546
1994 10 15 159 544
1994 10 16 156 536
1994 10 17 142 382
1994 10 18 148 519
1994 10 19 141 513
1994 10 20 82 122
1994 10 21 85 191
1994 10 22 125 428
1994 10 23 22 2
1994 10 24 59 43
1994 10 25 124 370
1994 10 26 58 66
1994 10 27 131 471
1994 10 28 39 0
1994 10 29 125 418
1994 10 30 47 0
1994 10 31 114 454
1994 11 1 113 305
1994 11 2 95 273
1994 11 3 85 187
1994 11 4 50 75
1994 11 5 67 115
1994 11 6 58 3
1994 11 7 33 12
1994 11 8 93 305
1994 11 9 92 362
1994 11 10 15 0
1994 11 11 35 0
1994 11 12 104 373
1994 11 13 35 0
1994 11 14 71 101
1994 11 15 67 175
1994 11 16 67 113
1994 11 17 93 324
1994 11 18 29 0
1994 11 19 31 0
1994 11 20 58 170
1994 11 21 78 389
1994 11 22 50 57
1994 11 23 57 108
1994 11 24 83 401
1994 11 25 82 399
1994 11 26 33 33
1994 11 27 80 390
1994 11 28 74 335
1994 11 29 60 180
1994 11 30 78 388
1994 12 1 78 378
1994 12 2 53 72
1994 12 3 72 379
1994 12 4 35 5
1994 12 5 27 2
1994 12 6 33 3
1994 12 7 63 260
1994 12 8 61 279
1994 12 9 35 0
1994 12 10 27 0
1994 12 11 35 100
1994 12 12 71 374
1994 12 13 70 373
1994 12 14 24 5
1994 12 15 74 371
1994 12 16 71 370
1994 12 17 69 371
1994 12 18 70 371
1994 12 19 44 0
1994 12 20 26 0
1994 12 21 44 72
1994 12 22 47 0
1994 12 23 69 370
1994 12 24 54 179
1994 12 25 71 371
1994 12 26 50 44
1994 12 27 35 1
1994 12 28 35 0
1994 12 29 59 287
1994 12 30 38 41
1994 12 31 55 165
1995 1 1 39 20
1995 1 2 35 0
1995 1 3 74 310
1995 1 4 80 374
1995 1 5 78 378
1995 1 6 80 379
1995 1 7 42 17
1995 1 8 79 377
1995 1 9 31 0
1995 1 10 13 0
1995 1 11 23 0
1995 1 12 27 0
1995 1 13 54 69
1995 1 14 88 387
1995 1 15 89 389
1995 1 16 90 391
1995 1 17 92 393
1995 1 18 57 96
1995 1 19 75 248
1995 1 20 55 0
1995 1 21 83 265
1995 1 22 62 54
1995 1 23 52 18
1995 1 24 52 31
1995 1 25 29 0
1995 1 26 76 137
1995 1 27 58 22
1995 1 28 70 117
1995 1 29 63 63
1995 1 30 46 11
1995 1 31 116 430
1995 2 1 109 431
1995 2 2 85 227
1995 2 3 104 322
1995 2 4 62 0
1995 2 5 83 46
1995 2 6 108 315
1995 2 7 120 450
1995 2 8 100 262
1995 2 9 58 2
1995 2 10 122 382
1995 2 11 85 197
1995 2 12 94 168
1995 2 13 106 230
1995 2 14 89 138
1995 2 15 77 0
1995 2 16 59 28
1995 2 17 105 171
1995 2 18 69 2
1995 2 19 143 433
1995 2 20 131 315
1995 2 21 152 483
1995 2 22 117 136
1995 2 23 49 0
1995 2 24 63 0
1995 2 25 47 0
1995 2 26 51 0
1995 2 27 128 126
1995 2 28 161 370
1995 3 1 178 548
1995 3 2 88 143
1995 3 3 132 219
1995 3 4 116 6
1995 3 5 180 455
1995 3 6 129 130
1995 3 7 180 322
1995 3 8 136 150
1995 3 9 150 129
1995 3 10 205 575
1995 3 11 201 577
1995 3 12 200 578
1995 3 13 207 571
1995 3 14 209 459
1995 3 15 160 219
1995 3 16 137 140
1995 3 17 189 336
1995 3 18 110 0
1995 3 19 124 76
1995 3 20 84 2
1995 3 21 126 0
1995 3 22 245 566
1995 3 23 181 220
1995 3 24 235 602
1995 3 25 230 574
1995 3 26 99 1
1995 3 27 132 18
1995 3 28 217 415
1995 3 29 94 4
1995 3 30 194 89
1995 3 31 257 573
1995 4 1 74 0
1995 4 2 223 407
1995 4 3 262 623
1995 4 4 258 624
1995 4 5 259 624
1995 4 6 143 64
1995 4 7 236 417
1995 4 8 161 107
1995 4 9 253 422
1995 4 10 189 32
1995 4 11 84 0
1995 4 12 117 10
1995 4 13 218 164
1995 4 14 210 201
1995 4 15 201 99
1995 4 16 163 130
1995 4 17 183 68
1995 4 18 258 382
1995 4 19 215 311
1995 4 20 193 86
1995 4 21 161 88
1995 4 22 224 246
1995 4 23 222 256
1995 4 24 163 40
1995 4 25 149 117
1995 4 26 145 0
1995 4 27 171 37
1995 4 28 237 281
1995 4 29 248 388
1995 4 30 139 29
1995 5 1 291 482
1995 5 2 314 610
1995 5 3 318 641
1995 5 4 304 555
1995 5 5 316 643
1995 5 6 323 644
1995 5 7 252 362
1995 5 8 278 432
1995 5 9 184 170
1995 5 10 150 30
1995 5 11 141 43
1995 5 12 189 124
1995 5 13 81 0
1995 5 14 117 0
1995 5 15 339 643
1995 5 16 239 188
1995 5 17 249 258
1995 5 18 143 69
1995 5 19 90 0
1995 5 20 138 21
1995 5 21 214 142
1995 5 22 359 693
1995 5 23 349 684
1995 5 24 300 463
1995 5 25 324 637
1995 5 26 193 240
1995 5 27 175 67
1995 5 28 349 708
1995 5 29 309 582
1995 5 30 190 165
1995 5 31 124 23
1995 6 1 68 0
1995 6 2 114 3
1995 6 3 206 168
1995 6 4 141 22
1995 6 5 143 37
1995 6 6 98 0
1995 6 7 309 352
1995 6 8 144 89
1995 6 9 94 16
1995 6 10 189 155
1995 6 11 172 7
1995 6 12 162 59
1995 6 13 250 235
1995 6 14 214 73
1995 6 15 303 459
1995 6 16 186 127
1995 6 17 336 552
1995 6 18 169 91
1995 6 19 358 729
1995 6 20 323 594
1995 6 21 288 466
1995 6 22 210 198
1995 6 23 172 91
1995 6 24 115 2
1995 6 25 296 409
1995 6 26 316 532
1995 6 27 341 664
1995 6 28 299 434
1995 6 29 350 722
1995 6 30 348 728
1995 7 1 257 418
1995 7 2 254 396
1995 7 3 82 45
1995 7 4 231 156
1995 7 5 211 266
1995 7 6 252 310
1995 7 7 345 689
1995 7 8 287 521
1995 7 9 311 592
1995 7 10 246 451
1995 7 11 248 474
1995 7 12 267 375
1995 7 13 237 302
1995 7 14 276 438
1995 7 15 162 112
1995 7 16 152 123
1995 7 17 325 620
1995 7 18 205 244
1995 7 19 312 632
1995 7 20 324 698
1995 7 21 254 476
1995 7 22 322 667
1995 7 23 216 99
1995 7 24 316 678
1995 7 25 258 458
1995 7 26 299 646
1995 7 27 234 394
1995 7 28 231 272
1995 7 29 294 455
1995 7 30 266 466
1995 7 31 259 439
1995 8 1 258 402
1995 8 2 275 507
1995 8 3 303 632
1995 8 4 279 570
1995 8 5 298 627
1995 8 6 205 384
1995 8 7 113 40
1995 8 8 184 198
1995 8 9 234 196
1995 8 10 296 623
1995 8 11 224 426
1995 8 12 102 1
1995 8 13 93 0
1995 8 14 70 0
1995 8 15 135 57
1995 8 16 157 176
1995 8 17 237 373
1995 8 18 151 168
1995 8 19 180 274
1995 8 20 102 5
1995 8 21 232 337
1995 8 22 168 209
1995 8 23 175 253
1995 8 24 137 182
1995 8 25 68 2
1995 8 26 77 15
1995 8 27 135 115
1995 8 28 114 71
1995 8 29 80 0
1995 8 30 135 35
1995 8 31 111 4
1995 9 1 52 0
1995 9 2 223 310
1995 9 3 199 386
1995 9 4 131 99
1995 9 5 185 271
1995 9 6 190 295
1995 9 7 96 59
1995 9 8 195 281
1995 9 9 145 145
1995 9 10 166 284
1995 9 11 99 98
1995 9 12 120 151
1995 9 13 86 21
1995 9 14 54 0
1995 9 15 234 491
1995 9 16 113 130
1995 9 17 155 202
1995 9 18 199 509
1995 9 19 122 127
1995 9 20 113 103
1995 9 21 144 178
1995 9 22 183 354
1995 9 23 204 476
1995 9 24 64 3
1995 9 25 78 2
1995 9 26 160 244
1995 9 27 178 480
1995 9 28 126 149
1995 9 29 129 181
1995 9 30 167 443
1995 10 1 50 0
1995 10 2 188 537
1995 10 3 159 448
1995 10 4 65 28
1995 10 5 76 101
1995 10 6 64 3
1995 10 7 175 562
1995 10 8 168 550
1995 10 9 160 500
1995 10 10 132 398
1995 10 11 164 555
1995 10 12 166 551
1995 10 13 162 548
1995 10 14 156 543
1995 10 15 143 500
1995 10 16 155 535
1995 10 17 157 529
1995 10 18 138 414
1995 10 19 151 516
1995 10 20 152 510
1995 10 21 133 396
1995 10 22 141 491
1995 10 23 143 485
1995 10 24 146 482
1995 10 25 137 448
1995 10 26 134 472
1995 10 27 123 386
1995 10 28 107 280
1995 10 29 88 170
1995 10 30 79 154
1995 10 31 123 452
1995 11 1 115 402
1995 11 2 61 29
1995 11 3 51 5
1995 11 4 72 44
1995 11 5 125 390
1995 11 6 101 286
1995 11 7 121 432
1995 11 8 64 47
1995 11 9 109 437
1995 11 10 85 282
1995 11 11 77 173
1995 11 12 84 311
1995 11 13 70 197
1995 11 14 51 43
1995 11 15 59 86
1995 11 16 16 0
1995 11 17 55 93
1995 11 18 50 36
1995 11 19 61 47
1995 11 20 47 3
1995 11 21 96 402
1995 11 22 90 363
1995 11 23 90 388
1995 11 24 89 397
1995 11 25 86 372
1995 11 26 69 182
1995 11 27 83 245
1995 11 28 30 0
1995 11 29 76 268
1995 11 30 84 384
1995 12 1 83 383
1995 12 2 77 167
1995 12 3 31 0
1995 12 4 78 366
1995 12 5 78 376
1995 12 6 78 375
1995 12 7 64 200
1995 12 8 74 337
1995 12 9 72 371
1995 12 10 75 371
1995 12 11 67 316
1995 12 12 35 17
1995 12 13 40 10
1995 12 14 59 140
1995 12 15 54 228
1995 12 16 75 345
1995 12 17 58 188
1995 12 18 23 0
1995 12 19 80 340
1995 12 20 29 0
1995 12 21 32 0
1995 12 22 28 0
1995 12 23 52 46
1995 12 24 59 205
1995 12 25 49 27
1995 12 26 20 0
1995 12 27 49 43
1995 12 28 71 216
1995 12 29 48 41
1995 12 30 53 116
1995 12 31 20 0
1996 1 1 67 244
1996 1 2 63 249
1996 1 3 50 38
1996 1 4 81 372
1996 1 5 81 334
1996 1 6 50 4
1996 1 7 38 20
1996 1 8 69 254
1996 1 9 66 107
1996 1 10 69 288
1996 1 11 74 158
1996 1 12 68 115
1996 1 13 64 176
1996 1 14 84 386
1996 1 15 86 388
1996 1 16 88 391
1996 1 17 91 393
1996 1 18 94 394
1996 1 19 88 357
1996 1 20 95 398
1996 1 21 94 400
1996 1 22 83 300
1996 1 23 56 28
1996 1 24 63 65
1996 1 25 59 80
1996 1 26 65 65
1996 1 27 95 331
1996 1 28 102 419
1996 1 29 103 422
1996 1 30 109 426
1996 1 31 115 430
1996 2 1 112 392
1996 2 2 66 44
1996 2 3 34 0
1996 2 4 62 22
1996 2 5 102 289
1996 2 6 124 447
1996 2 7 100 232
1996 2 8 49 0
1996 2 9 132 454
1996 2 10 80 108
1996 2 11 105 187
1996 2 12 83 83
1996 2 13 67 39
1996 2 14 81 98
1996 2 15 128 355
1996 2 16 78 0
1996 2 17 55 0
1996 2 18 107 87
1996 2 19 84 37
1996 2 20 125 229
1996 2 21 93 2
1996 2 22 122 109
1996 2 23 170 487
1996 2 24 172 511
1996 2 25 168 524
1996 2 26 163 429
1996 2 27 174 542
1996 2 28 179 546
1996 2 29 185 548
1996 3 1 50 0
1996 3 2 183 465
1996 3 3 149 282
1996 3 4 186 397
1996 3 5 204 562
1996 3 6 201 566
1996 3 7 176 435
1996 3 8 198 571
1996 3 9 205 574
1996 3 10 211 576
1996 3 11 196 431
1996 3 12 143 144
1996 3 13 190 410
1996 3 14 179 378
1996 3 15 187 431
1996 3 16 191 434
1996 3 17 143 114
1996 3 18 156 150
1996 3 19 136 77
1996 3 20 228 595
1996 3 21 180 339
1996 3 22 97 0
1996 3 23 138 99
1996 3 24 238 584
1996 3 25 164 217
1996 3 26 142 141
1996 3 27 67 0
1996 3 28 266 582
1996 3 29 172 174
1996 3 30 152 140
1996 3 31 251 492
1996 4 1 138 22
1996 4 2 166 21
1996 4 3 214 284
1996 4 4 235 301
1996 4 5 189 302
1996 4 6 249 474
1996 4 7 217 366
1996 4 8 169 141
1996 4 9 250 454
1996 4 10 235 380
1996 4 11 107 1
1996 4 12 169 94
1996 4 13 116 0
1996 4 14 299 595
1996 4 15 297 579
1996 4 16 307 632
1996 4 17 277 616
1996 4 18 274 506
1996 4 19 296 634
1996 4 20 302 635
1996 4 21 303 636
1996 4 22 263 528
1996 4 23 183 217
1996 4 24 163 95
1996 4 25 144 101
1996 4 26 205 296
1996 4 27 128 12
1996 4 28 229 345
1996 4 29 140 25
1996 4 30 157 120
1996 5 1 198 200
1996 5 2 208 233
1996 5 3 147 84
1996 5 4 260 376
1996 5 5 216 237
1996 5 6 289 501
1996 5 7 261 410
1996 5 8 186 228
1996 5 9 111 2
1996 5 10 198 117
1996 5 11 230 261
1996 5 12 57 0
1996 5 13 119 1
1996 5 14 283 350
1996 5 15 174 151
1996 5 16 335 627
1996 5 17 113 25
1996 5 18 182 213
1996 5 19 121 87
1996 5 20 95 0
1996 5 21 295 475
1996 5 22 246 299
1996 5 23 165 42
1996 5 24 333 657
1996 5 25 125 82
1996 5 26 250 237
1996 5 27 115 31
1996 5 28 285 392
1996 5 29 364 713
1996 5 30 358 713
1996 5 31 349 715
1996 6 1 311 539
1996 6 2 159 204
1996 6 3 168 65
1996 6 4 293 336
1996 6 5 315 575
1996 6 6 281 478
1996 6 7 293 531
1996 6 8 301 536
1996 6 9 309 505
1996 6 10 274 481
1996 6 11 257 423
1996 6 12 354 682
1996 6 13 341 539
1996 6 14 357 680
1996 6 15 363 720
1996 6 16 329 579
1996 6 17 356 721
1996 6 18 334 594
1996 6 19 331 554
1996 6 20 182 208
1996 6 21 87 29
1996 6 22 64 0
1996 6 23 197 70
1996 6 24 311 385
1996 6 25 218 79
1996 6 26 133 24
1996 6 27 178 59
1996 6 28 301 557
1996 6 29 224 271
1996 6 30 310 415
1996 7 1 90 4
1996 7 2 127 61
1996 7 3 348 724
1996 7 4 280 388
1996 7 5 94 15
1996 7 6 197 193
1996 7 7 101 22
1996 7 8 87 0
1996 7 9 201 114
1996 7 10 86 0
1996 7 11 280 346
1996 7 12 243 330
1996 7 13 291 476
1996 7 14 334 629
1996 7 15 283 494
1996 7 16 307 504
1996 7 17 306 635
1996 7 18 334 698
1996 7 19 330 684
1996 7 20 320 612
1996 7 21 329 666
1996 7 22 328 695
1996 7 23 257 484
1996 7 24 124 122
1996 7 25 186 186
1996 7 26 317 660
1996 7 27 189 220
1996 7 28 202 176
1996 7 29 309 632
1996 7 30 109 23
1996 7 31 297 586
1996 8 1 317 639
1996 8 2 253 470
1996 8 3 94 4
1996 8 4 298 553
1996 8 5 269 442
1996 8 6 166 137
1996 8 7 87 1
1996 8 8 277 614
1996 8 9 282 605
1996 8 10 174 189
1996 8 11 176 144
1996 8 12 93 3
1996 8 13 186 276
1996 8 14 137 37
1996 8 15 99 13
1996 8 16 226 326
1996 8 17 276 611
1996 8 18 282 631
1996 8 19 182 247
1996 8 20 204 384
1996 8 21 132 84
1996 8 22 122 58
1996 8 23 236 470
1996 8 24 115 102
1996 8 25 249 411
1996 8 26 54 2
1996 8 27 165 167
1996 8 28 80 0
1996 8 29 240 426
1996 8 30 72 16
1996 8 31 114 16
1996 9 1 94 0
1996 9 2 164 143
1996 9 3 197 319
1996 9 4 195 362
1996 9 5 105 97
1996 9 6 226 414
1996 9 7 157 127
1996 9 8 251 566
1996 9 9 239 533
1996 9 10 243 622
1996 9 11 237 616
1996 9 12 210 454
1996 9 13 102 44
1996 9 14 94 0
1996 9 15 233 470
1996 9 16 232 549
1996 9 17 220 581
1996 9 18 96 159
1996 9 19 146 250
1996 9 20 117 114
1996 9 21 67 0
1996 9 22 130 280
1996 9 23 38 0
1996 9 24 75 0
1996 9 25 193 446
1996 9 26 97 18
1996 9 27 135 179
1996 9 28 139 173
1996 9 29 146 236
1996 9 30 184 536
1996 10 1 168 429
1996 10 2 64 0
1996 10 3 157 294
1996 10 4 170 436
1996 10 5 129 193
1996 10 6 127 220
1996 10 7 102 102
1996 10 8 106 57
1996 10 9 45 0
1996 10 10 41 0
1996 10 11 171 479
1996 10 12 156 548
1996 10 13 162 547
1996 10 14 131 323
1996 10 15 51 2
1996 10 16 28 0
1996 10 17 41 0
1996 10 18 118 177
1996 10 19 65 14
1996 10 20 74 0
1996 10 21 34 0
1996 10 22 144 487
1996 10 23 142 483
1996 10 24 134 430
1996 10 25 132 468
1996 10 26 30 0
1996 10 27 118 447
1996 10 28 110 303
1996 10 29 36 6
1996 10 30 132 453
1996 10 31 110 347
1996 11 1 29 0
1996 11 2 117 452
1996 11 3 104 445
1996 11 4 109 441
1996 11 5 32 6
1996 11 6 108 421
1996 11 7 98 325
1996 11 8 70 140
1996 11 9 107 436
1996 11 10 64 54
1996 11 11 58 47
1996 11 12 50 31
1996 11 13 27 4
1996 11 14 16 0
1996 11 15 51 51
1996 11 16 60 76
1996 11 17 72 239
1996 11 18 38 13
1996 11 19 90 379
1996 11 20 57 34
1996 11 21 67 124
1996 11 22 72 194
1996 11 23 86 311
1996 11 24 89 238
1996 11 25 53 12
1996 11 26 30 0
1996 11 27 80 233
1996 11 28 38 0
1996 11 29 70 212
1996 11 30 31 0
1996 12 1 49 16
1996 12 2 34 5
1996 12 3 77 276
1996 12 4 80 387
1996 12 5 77 375
1996 12 6 66 91
1996 12 7 70 360
1996 12 8 69 321
1996 12 9 61 184
1996 12 10 70 298
1996 12 11 42 55
1996 12 12 69 330
1996 12 13 23 0
1996 12 14 29 0
1996 12 15 69 366
1996 12 16 69 366
1996 12 17 71 354
1996 12 18 55 215
1996 12 19 41 17
1996 12 20 29 0
1996 12 21 59 289
1996 12 22 47 112
1996 12 23 24 0
1996 12 24 43 104
1996 12 25 22 0
1996 12 26 63 253
1996 12 27 61 124
1996 12 28 73 367
1996 12 29 72 368
1996 12 30 44 0
1996 12 31 32 66
1997 1 1 72 340
1997 1 2 45 17
1997 1 3 73 352
1997 1 4 59 194
1997 1 5 80 374
1997 1 6 62 84
1997 1 7 47 131
1997 1 8 76 362
1997 1 9 48 28
1997 1 10 41 15
1997 1 11 83 383
1997 1 12 86 382
1997 1 13 87 386
1997 1 14 86 388
1997 1 15 84 390
1997 1 16 87 392
1997 1 17 88 396
1997 1 18 86 377
1997 1 19 45 10
1997 1 20 29 0
1997 1 21 73 189
1997 1 22 62 61
1997 1 23 62 102
1997 1 24 63 96
1997 1 25 86 262
1997 1 26 78 210
1997 1 27 98 418
1997 1 28 97 421
1997 1 29 104 425
1997 1 30 107 429
1997 1 31 108 432
1997 2 1 112 436
1997 2 2 116 438
1997 2 3 107 352
1997 2 4 103 387
1997 2 5 62 8
1997 2 6 124 449
1997 2 7 120 451
1997 2 8 125 453
1997 2 9 124 454
1997 2 10 128 455
1997 2 11 119 408
1997 2 12 133 414
1997 2 13 103 266
1997 2 14 47 2
1997 2 15 81 69
1997 2 16 149 472
1997 2 17 141 352
1997 2 18 84 17
1997 2 19 113 208
1997 2 20 112 116
1997 2 21 158 507
1997 2 22 158 512
1997 2 23 151 473
1997 2 24 129 264
1997 2 25 121 214
1997 2 26 80 52
1997 2 27 78 18
1997 2 28 170 546
1997 3 1 104 158
1997 3 2 178 554
1997 3 3 105 147
1997 3 4 125 177
1997 3 5 96 136
1997 3 6 134 80
1997 3 7 190 569
1997 3 8 195 571
1997 3 9 156 327
1997 3 10 197 575
1997 3 11 199 578
1997 3 12 199 579
1997 3 13 204 518
1997 3 14 199 452
1997 3 15 124 18
1997 3 16 106 36
1997 3 17 153 199
1997 3 18 184 381
1997 3 19 129 72
1997 3 20 102 0
1997 3 21 119 1
1997 3 22 242 560
1997 3 23 183 231
1997 3 24 148 137
1997 3 25 134 0
1997 3 26 226 410
1997 3 27 110 25
1997 3 28 84 16
1997 3 29 136 0
1997 3 30 252 257
1997 3 31 258 620
1997 4 1 260 619
1997 4 2 262 623
1997 4 3 146 149
1997 4 4 98 3
1997 4 5 133 7
1997 4 6 90 32
1997 4 7 285 628
1997 4 8 284 628
1997 4 9 279 629
1997 4 10 258 459
1997 4 11 246 538
1997 4 12 299 622
1997 4 13 291 630
1997 4 14 262 494
1997 4 15 113 7
1997 4 16 200 170
1997 4 17 296 619
1997 4 18 299 634
1997 4 19 297 607
1997 4 20 138 0
1997 4 21 315 546
1997 4 22 255 309
1997 4 23 304 637
1997 4 24 304 638
1997 4 25 300 624
1997 4 26 150 43
1997 4 27 77 0
1997 4 28 197 85
1997 4 29 160 23
1997 4 30 124 0
1997 5 1 288 420
1997 5 2 321 641
1997 5 3 317 642
1997 5 4 218 154
1997 5 5 106 49
1997 5 6 140 114
1997 5 7 183 0
1997 5 8 148 0
1997 5 9 244 340
1997 5 10 286 351
1997 5 11 222 149
1997 5 12 115 47
1997 5 13 176 167
1997 5 14 228 172
1997 5 15 251 429
1997 5 16 283 485
1997 5 17 284 484
1997 5 18 183 181
1997 5 19 321 628
1997 5 20 202 185
1997 5 21 293 413
1997 5 22 157 65
1997 5 23 253 320
1997 5 24 215 22
1997 5 25 219 193
1997 5 26 284 411
1997 5 27 337 582
1997 5 28 317 522
1997 5 29 357 687
1997 5 30 341 655
1997 5 31 359 715
1997 6 1 110 0
1997 6 2 158 33
1997 6 3 159 49
1997 6 4 268 362
1997 6 5 212 72
1997 6 6 290 451
1997 6 7 331 629
1997 6 8 193 129
1997 6 9 270 444
1997 6 10 287 505
1997 6 11 204 77
1997 6 12 236 291
1997 6 13 205 198
1997 6 14 122 46
1997 6 15 340 572
1997 6 16 226 192
1997 6 17 221 226
1997 6 18 252 244
1997 6 19 79 7
1997 6 20 199 168
1997 6 21 143 113
1997 6 22 67 8
1997 6 23 271 294
1997 6 24 147 46
1997 6 25 278 366
1997 6 26 108 28
1997 6 27 87 1
1997 6 28 175 95
1997 6 29 126 180
1997 6 30 229 261
1997 7 1 265 396
1997 7 2 108 25
1997 7 3 157 102
1997 7 4 153 115
1997 7 5 79 0
1997 7 6 88 4
1997 7 7 113 52
1997 7 8 365 602
1997 7 9 326 637
1997 7 10 216 297
1997 7 11 122 81
1997 7 12 177 149
1997 7 13 239 389
1997 7 14 198 236
1997 7 15 160 118
1997 7 16 339 708
1997 7 17 123 83
1997 7 18 134 51
1997 7 19 83 5
1997 7 20 158 71
1997 7 21 185 144
1997 7 22 321 693
1997 7 23 152 184
1997 7 24 171 238
1997 7 25 117 14
1997 7 26 141 72
1997 7 27 317 657
1997 7 28 293 542
1997 7 29 197 319
1997 7 30 316 650
1997 7 31 219 246
1997 8 1 94 0
1997 8 2 81 0
1997 8 3 187 169
1997 8 4 269 436
1997 8 5 257 415
1997 8 6 139 39
1997 8 7 110 81
1997 8 8 163 203
1997 8 9 269 457
1997 8 10 302 621
1997 8 11 270 514
1997 8 12 287 584
1997 8 13 273 544
1997 8 14 200 276
1997 8 15 237 458
1997 8 16 250 476
1997 8 17 73 0
1997 8 18 167 239
1997 8 19 272 583
1997 8 20 249 490
1997 8 21 271 577
1997 8 22 255 589
1997 8 23 259 597
1997 8 24 235 470
1997 8 25 218 454
1997 8 26 172 316
1997 8 27 184 306
1997 8 28 58 44
1997 8 29 128 35
1997 8 30 129 77
1997 8 31 259 629
1997 9 1 255 622
1997 9 2 205 449
1997 9 3 194 426
1997 9 4 203 424
1997 9 5 231 535
1997 9 6 162 292
1997 9 7 125 103
1997 9 8 238 623
1997 9 9 243 621
1997 9 10 242 616
1997 9 11 227 621
1997 9 12 188 448
1997 9 13 35 0
1997 9 14 244 525
1997 9 15 232 579
1997 9 16 228 612
1997 9 17 229 611
1997 9 18 224 609
1997 9 19 222 606
1997 9 20 198 481
1997 9 21 208 598
1997 9 22 184 516
1997 9 23 150 402
1997 9 24 193 591
1997 9 25 202 591
1997 9 26 201 589
1997 9 27 202 587
1997 9 28 185 554
1997 9 29 195 580
1997 9 30 166 424
1997 10 1 83 75
1997 10 2 100 121
1997 10 3 184 559
1997 10 4 177 546
1997 10 5 182 571
1997 10 6 175 567
1997 10 7 49 4
1997 10 8 148 384
1997 10 9 132 311
1997 10 10 52 2
1997 10 11 141 260
1997 10 12 56 33
1997 10 13 77 24
1997 10 14 79 36
1997 10 15 85 25
1997 10 16 59 1
1997 10 17 150 520
1997 10 18 145 514
1997 10 19 149 509
1997 10 20 143 495
1997 10 21 74 39
1997 10 22 142 487
1997 10 23 140 421
1997 10 24 112 265
1997 10 25 136 473
1997 10 26 114 331
1997 10 27 94 205
1997 10 28 105 271
1997 10 29 133 460
1997 10 30 124 362
1997 10 31 117 413
1997 11 1 112 424
1997 11 2 114 452
1997 11 3 115 450
1997 11 4 108 418
1997 11 5 55 69
1997 11 6 80 165
1997 11 7 72 137
1997 11 8 49 58
1997 11 9 24 0
1997 11 10 80 186
1997 11 11 99 294
1997 11 12 18 0
1997 11 13 63 1
1997 11 14 101 306
1997 11 15 92 269
1997 11 16 41 0
1997 11 17 95 412
1997 11 18 96 410
1997 11 19 96 408
1997 11 20 70 156
1997 11 21 79 240
1997 11 22 92 399
1997 11 23 48 3
1997 11 24 79 321
1997 11 25 65 159
1997 11 26 83 388
1997 11 27 77 341
1997 11 28 74 316
1997 11 29 49 29
1997 11 30 28 0
1997 12 1 32 0
1997 12 2 53 28
1997 12 3 39 0
1997 12 4 77 377
1997 12 5 76 375
1997 12 6 74 374
1997 12 7 72 364
1997 12 8 56 119
1997 12 9 56 72
1997 12 10 60 221
1997 12 11 44 0
1997 12 12 29 13
1997 12 13 27 0
1997 12 14 47 34
1997 12 15 73 362
1997 12 16 68 335
1997 12 17 47 10
1997 12 18 37 18
1997 12 19 44 84
1997 12 20 31 0
1997 12 21 27 0
1997 12 22 31 0
1997 12 23 53 100
1997 12 24 65 313
1997 12 25 66 334
1997 12 26 23 37
1997 12 27 61 100
1997 12 28 31 8
1997 12 29 61 59
1997 12 30 66 187
1997 12 31 57 138
1998 1 1 48 56
1998 1 2 49 76
1998 1 3 38 31
1998 1 4 65 345
1998 1 5 78 374
1998 1 6 33 0
1998 1 7 76 360
1998 1 8 78 377
1998 1 9 80 378
1998 1 10 81 381
1998 1 11 80 382
1998 1 12 78 365
1998 1 13 75 285
1998 1 14 54 37
1998 1 15 88 329
1998 1 16 25 0
1998 1 17 64 119
1998 1 18 71 197
1998 1 19 72 173
1998 1 20 48 0
1998 1 21 40 0
1998 1 22 94 404
1998 1 23 95 409
1998 1 24 77 218
1998 1 25 95 410
1998 1 26 103 416
1998 1 27 106 418
1998 1 28 109 421
1998 1 29 107 424
1998 1 30 110 428
1998 1 31 110 431
1998 2 1 112 435
1998 2 2 101 387
1998 2 3 117 439
1998 2 4 119 442
1998 2 5 120 445
1998 2 6 120 448
1998 2 7 105 297
1998 2 8 123 420
1998 2 9 122 454
1998 2 10 126 455
1998 2 11 127 457
1998 2 12 126 457
1998 2 13 131 434
1998 2 14 134 467
1998 2 15 139 468
1998 2 16 116 312
1998 2 17 62 0
1998 2 18 145 479
1998 2 19 146 475
1998 2 20 150 491
1998 2 21 135 373
1998 2 22 50 51
1998 2 23 117 90
1998 2 24 156 451
1998 2 25 113 149
1998 2 26 165 540
1998 2 27 168 545
1998 2 28 159 450
1998 3 1 107 70
1998 3 2 168 546
1998 3 3 117 140
1998 3 4 111 103
1998 3 5 114 180
1998 3 6 119 100
1998 3 7 131 138
1998 3 8 92 9
1998 3 9 109 29
1998 3 10 203 456
1998 3 11 140 58
1998 3 12 73 0
1998 3 13 153 191
1998 3 14 68 0
1998 3 15 70 0
1998 3 16 107 0
1998 3 17 117 83
1998 3 18 221 587
1998 3 19 153 198
1998 3 20 127 25
1998 3 21 149 52
1998 3 22 233 556
1998 3 23 92 0
1998 3 24 203 240
1998 3 25 244 610
1998 3 26 250 612
1998 3 27 145 13
1998 3 28 224 522
1998 3 29 243 615
1998 3 30 232 611
1998 3 31 237 619
1998 4 1 216 464
1998 4 2 150 154
1998 4 3 162 134
1998 4 4 80 37
1998 4 5 149 45
1998 4 6 177 137
1998 4 7 102 19
1998 4 8 245 488
1998 4 9 229 350
1998 4 10 162 182
1998 4 11 229 354
1998 4 12 139 7
1998 4 13 138 46
1998 4 14 237 389
1998 4 15 162 9
1998 4 16 199 183
1998 4 17 159 83
1998 4 18 202 190
1998 4 19 197 113
1998 4 20 293 632
1998 4 21 260 427
1998 4 22 296 636
1998 4 23 199 282
1998 4 24 111 8
1998 4 25 283 576
1998 4 26 250 434
1998 4 27 255 396
1998 4 28 114 0
1998 4 29 242 200
1998 4 30 252 335
1998 5 1 166 95
1998 5 2 95 0
1998 5 3 296 520
1998 5 4 152 5
1998 5 5 310 597
1998 5 6 108 0
1998 5 7 320 640
1998 5 8 315 645
1998 5 9 303 630
1998 5 10 316 647
1998 5 11 317 648
1998 5 12 309 639
1998 5 13 259 418
1998 5 14 202 312
1998 5 15 331 651
1998 5 16 334 633
1998 5 17 201 173
1998 5 18 179 132
1998 5 19 289 479
1998 5 20 322 621
1998 5 21 174 162
1998 5 22 225 246
1998 5 23 314 543
1998 5 24 235 240
1998 5 25 175 38
1998 5 26 177 166
1998 5 27 138 61
1998 5 28 237 211
1998 5 29 95 0
1998 5 30 285 429
1998 5 31 165 128
1998 6 1 333 663
1998 6 2 282 461
1998 6 3 136 108
1998 6 4 253 364
1998 6 5 293 507
1998 6 6 277 496
1998 6 7 189 205
1998 6 8 205 135
1998 6 9 352 727
1998 6 10 231 319
1998 6 11 160 6
1998 6 12 111 0
1998 6 13 283 195
1998 6 14 325 479
1998 6 15 146 28
1998 6 16 220 165
1998 6 17 234 230
1998 6 18 258 262
1998 6 19 286 312
1998 6 20 343 733
1998 6 21 336 731
1998 6 22 320 552
1998 6 23 239 309
1998 6 24 295 439
1998 6 25 246 430
1998 6 26 172 156
1998 6 27 244 329
1998 6 28 264 377
1998 6 29 331 616
1998 6 30 225 306
1998 7 1 227 309
1998 7 2 182 119
1998 7 3 123 11
1998 7 4 275 402
1998 7 5 127 8
1998 7 6 334 585
1998 7 7 66 18
1998 7 8 107 23
1998 7 9 114 6
1998 7 10 183 121
1998 7 11 281 419
1998 7 12 323 534
1998 7 13 276 512
1998 7 14 242 298
1998 7 15 292 423
1998 7 16 131 117
1998 7 17 316 543
1998 7 18 258 456
1998 7 19 244 491
1998 7 20 312 644
1998 7 21 300 615
1998 7 22 241 344
1998 7 23 269 535
1998 7 24 312 603
1998 7 25 106 30
1998 7 26 275 485
1998 7 27 70 82
1998 7 28 143 55
1998 7 29 290 488
1998 7 30 284 526
1998 7 31 170 138
1998 8 1 155 208
1998 8 2 262 421
1998 8 3 83 4
1998 8 4 250 410
1998 8 5 274 427
1998 8 6 304 644
1998 8 7 303 644
1998 8 8 296 643
1998 8 9 295 642
1998 8 10 289 614
1998 8 11 293 640
1998 8 12 275 612
1998 8 13 162 228
1998 8 14 273 572
1998 8 15 153 265
1998 8 16 253 603
1998 8 17 241 442
1998 8 18 46 0
1998 8 19 147 25
1998 8 20 226 408
1998 8 21 98 60
1998 8 22 192 233
1998 8 23 260 530
1998 8 24 69 0
1998 8 25 261 497
1998 8 26 273 633
1998 8 27 202 304
1998 8 28 289 476
1998 8 29 243 419
1998 8 30 210 276
1998 8 31 280 586
1998 9 1 144 198
1998 9 2 193 439
1998 9 3 53 31
1998 9 4 214 457
1998 9 5 50 3
1998 9 6 211 383
1998 9 7 132 194
1998 9 8 82 7
1998 9 9 237 604
1998 9 10 229 516
1998 9 11 28 0
1998 9 12 41 0
1998 9 13 101 93
1998 9 14 121 51
1998 9 15 123 35
1998 9 16 170 249
1998 9 17 75 14
1998 9 18 112 89
1998 9 19 227 607
1998 9 20 222 600
1998 9 21 213 585
1998 9 22 152 238
1998 9 23 164 406
1998 9 24 204 575
1998 9 25 157 275
1998 9 26 129 199
1998 9 27 96 99
1998 9 28 102 62
1998 9 29 121 216
1998 9 30 46 0
1998 10 1 58 12
1998 10 2 160 396
1998 10 3 128 175
1998 10 4 45 0
1998 10 5 68 4
1998 10 6 84 137
1998 10 7 17 0
1998 10 8 59 0
1998 10 9 140 315
1998 10 10 144 264
1998 10 11 128 311
1998 10 12 131 215
1998 10 13 149 367
1998 10 14 49 0
1998 10 15 155 384
1998 10 16 154 525
1998 10 17 109 313
1998 10 18 43 3
1998 10 19 19 0
1998 10 20 88 57
1998 10 21 88 60
1998 10 22 136 481
1998 10 23 110 292
1998 10 24 125 379
1998 10 25 101 178
1998 10 26 106 234
1998 10 27 93 149
1998 10 28 85 177
1998 10 29 52 65
1998 10 30 65 66
1998 10 31 104 262
1998 11 1 39 7
1998 11 2 122 455
1998 11 3 44 61
1998 11 4 20 0
1998 11 5 125 400
1998 11 6 118 444
1998 11 7 116 441
1998 11 8 107 369
1998 11 9 29 0
1998 11 10 26 0
1998 11 11 57 56
1998 11 12 89 392
1998 11 13 91 334
1998 11 14 52 82
1998 11 15 53 16
1998 11 16 52 0
1998 11 17 74 153
1998 11 18 102 411
1998 11 19 80 184
1998 11 20 81 292
1998 11 21 94 401
1998 11 22 91 399
1998 11 23 56 16
1998 11 24 72 151
1998 11 25 53 21
1998 11 26 44 2
1998 11 27 37 9
1998 11 28 84 388
1998 11 29 80 286
1998 11 30 47 1
1998 12 1 81 382
1998 12 2 71 248
1998 12 3 72 286
1998 12 4 64 281
1998 12 5 36 0
1998 12 6 26 0
1998 12 7 34 0
1998 12 8 77 365
1998 12 9 71 252
1998 12 10 32 0
1998 12 11 29 0
1998 12 12 51 118
1998 12 13 52 139
1998 12 14 46 6
1998 12 15 60 326
1998 12 16 56 212
1998 12 17 65 352
1998 12 18 72 366
1998 12 19 45 139
1998 12 20 51 70
1998 12 21 37 0
1998 12 22 60 187
1998 12 23 73 366
1998 12 24 43 0
1998 12 25 72 366
1998 12 26 58 215
1998 12 27 57 232
1998 12 28 71 354
1998 12 29 66 316
1998 12 30 74 369
1998 12 31 55 140
1999 1 1 68 191
1999 1 2 62 287
1999 1 3 69 246
1999 1 4 51 98
1999 1 5 62 271
1999 1 6 77 372
1999 1 7 67 269
1999 1 8 25 0
1999 1 9 70 227
1999 1 10 53 63
1999 1 11 35 0
1999 1 12 45 1
1999 1 13 35 0
1999 1 14 47 22
1999 1 15 85 389
1999 1 16 82 285
1999 1 17 89 393
1999 1 18 85 396
1999 1 19 90 398
1999 1 20 91 400
1999 1 21 95 401
1999 1 22 97 404
1999 1 23 93 408
1999 1 24 93 364
1999 1 25 96 376
1999 1 26 62 62
1999 1 27 30 4
1999 1 28 19 0
1999 1 29 98 258
1999 1 30 63 4
1999 1 31 113 416
1999 2 1 107 315
1999 2 2 98 292
1999 2 3 104 313
1999 2 4 72 57
1999 2 5 42 2
1999 2 6 21 0
1999 2 7 36 0
1999 2 8 45 0
1999 2 9 37 0
1999 2 10 111 222
1999 2 11 85 0
1999 2 12 139 423
1999 2 13 127 410
1999 2 14 105 135
1999 2 15 148 468
1999 2 16 82 33
1999 2 17 28 0
1999 2 18 31 0
1999 2 19 72 0
1999 2 20 66 0
1999 2 21 50 0
1999 2 22 40 0
1999 2 23 40 0
1999 2 24 70 0
1999 2 25 171 516
1999 2 26 171 514
1999 2 27 168 545
1999 2 28 164 535
1999 3 1 152 376
1999 3 2 93 0
1999 3 3 153 260
1999 3 4 63 7
1999 3 5 106 19
1999 3 6 136 179
1999 3 7 154 80
1999 3 8 174 317
1999 3 9 182 280
1999 3 10 172 356
1999 3 11 196 484
1999 3 12 196 578
1999 3 13 208 561
1999 3 14 181 413
1999 3 15 208 564
1999 3 16 204 487
1999 3 17 217 588
1999 3 18 225 587
1999 3 19 139 171
1999 3 20 145 56
1999 3 21 163 125
1999 3 22 127 21
1999 3 23 123 0
1999 3 24 242 596
1999 3 25 161 216
1999 3 26 143 138
1999 3 27 153 181
1999 3 28 134 2
1999 3 29 230 446
1999 3 30 248 600
1999 3 31 252 618
1999 4 1 255 621
1999 4 2 202 369
1999 4 3 235 545
1999 4 4 143 27
1999 4 5 235 364
1999 4 6 226 450
1999 4 7 63 0
1999 4 8 157 22
1999 4 9 202 108
1999 4 10 281 629
1999 4 11 127 1
1999 4 12 176 233
1999 4 13 185 96
1999 4 14 275 482
1999 4 15 142 76
1999 4 16 42 0
1999 4 17 220 124
1999 4 18 204 90
1999 4 19 223 201
1999 4 20 245 189
1999 4 21 119 0
1999 4 22 221 203
1999 4 23 239 339
1999 4 24 181 34
1999 4 25 261 407
1999 4 26 226 271
1999 4 27 218 133
1999 4 28 237 266
1999 4 29 278 522
1999 4 30 118 0
1999 5 1 223 195
1999 5 2 262 489
1999 5 3 306 611
1999 5 4 197 130
1999 5 5 96 0
1999 5 6 99 0
1999 5 7 296 537
1999 5 8 92 46
1999 5 9 304 477
1999 5 10 291 478
1999 5 11 184 30
1999 5 12 156 45
1999 5 13 95 336
1999 5 14 101 0
1999 5 15 166 19
1999 5 16 244 332
1999 5 17 130 38
1999 5 18 243 376
1999 5 19 162 115
1999 5 20 153 104
1999 5 21 85 0
1999 5 22 86 0
1999 5 23 338 478
1999 5 24 346 699
1999 5 25 233 233
1999 5 26 344 699
1999 5 27 298 583
1999 5 28 251 443
1999 5 29 338 673
1999 5 30 277 498
1999 5 31 227 379
1999 6 1 331 654
1999 6 2 274 458
1999 6 3 351 718
1999 6 4 236 168
1999 6 5 306 492
1999 6 6 33 0
1999 6 7 159 198
1999 6 8 146 120
1999 6 9 345 632
1999 6 10 139 111
1999 6 11 97 0
1999 6 12 219 216
1999 6 13 210 151
1999 6 14 184 108
1999 6 15 313 523
1999 6 16 143 20
1999 6 17 257 292
1999 6 18 77 3
1999 6 19 187 130
1999 6 20 323 592
1999 6 21 167 153
1999 6 22 98 0
1999 6 23 373 733
1999 6 24 366 725
1999 6 25 358 733
1999 6 26 224 257
1999 6 27 115 46
1999 6 28 285 325
1999 6 29 257 408
1999 6 30 220 208
1999 7 1 327 601
1999 7 2 351 726
1999 7 3 328 627
1999 7 4 320 635
1999 7 5 270 489
1999 7 6 98 38
1999 7 7 126 58
1999 7 8 128 10
1999 7 9 229 161
1999 7 10 143 0
1999 7 11 150 167
1999 7 12 111 6
1999 7 13 219 285
1999 7 14 103 34
1999 7 15 254 251
1999 7 16 280 403
1999 7 17 344 703
1999 7 18 313 603
1999 7 19 256 437
1999 7 20 221 322
1999 7 21 272 495
1999 7 22 57 5
1999 7 23 83 0
1999 7 24 328 587
1999 7 25 326 678
1999 7 26 318 645
1999 7 27 256 438
1999 7 28 95 4
1999 7 29 277 414
1999 7 30 310 581
1999 7 31 309 581
1999 8 1 214 272
1999 8 2 208 358
1999 8 3 126 159
1999 8 4 237 280
1999 8 5 204 250
1999 8 6 229 332
1999 8 7 244 386
1999 8 8 167 222
1999 8 9 283 550
1999 8 10 159 258
1999 8 11 108 63
1999 8 12 142 76
1999 8 13 148 18
1999 8 14 146 74
1999 8 15 232 345
1999 8 16 90 86
1999 8 17 221 285
1999 8 18 191 248
1999 8 19 153 197
1999 8 20 49 0
1999 8 21 205 224
1999 8 22 278 583
1999 8 23 172 203
1999 8 24 95 10
1999 8 25 238 558
1999 8 26 111 102
1999 8 27 98 3
1999 8 28 152 217
1999 8 29 180 288
1999 8 30 239 446
1999 8 31 254 591
1999 9 1 189 332
1999 9 2 255 531
1999 9 3 211 424
1999 9 4 118 57
1999 9 5 121 45
1999 9 6 189 324
1999 9 7 156 214
1999 9 8 242 615
1999 9 9 232 533
1999 9 10 235 623
1999 9 11 213 548
1999 9 12 231 620
1999 9 13 228 614
1999 9 14 228 615
1999 9 15 215 613
1999 9 16 83 4
1999 9 17 164 262
1999 9 18 83 25
1999 9 19 94 82
1999 9 20 32 16
1999 9 21 191 368
1999 9 22 173 438
1999 9 23 170 391
1999 9 24 204 593
1999 9 25 41 10
1999 9 26 20 0
1999 9 27 124 196
1999 9 28 67 78
1999 9 29 119 114
1999 9 30 53 18
1999 10 1 128 215
1999 10 2 142 312
1999 10 3 21 0
1999 10 4 172 306
1999 10 5 127 108
1999 10 6 178 309
1999 10 7 187 565
1999 10 8 182 562
1999 10 9 160 422
1999 10 10 154 461
1999 10 11 170 555
1999 10 12 143 369
1999 10 13 130 378
1999 10 14 162 543
1999 10 15 152 508
1999 10 16 160 539
1999 10 17 155 526
1999 10 18 134 464
1999 10 19 153 487
1999 10 20 98 204
1999 10 21 69 42
1999 10 22 124 430
1999 10 23 55 31
1999 10 24 34 0
1999 10 25 29 0
1999 10 26 74 89
1999 10 27 130 469
1999 10 28 103 313
1999 10 29 56 31
1999 10 30 86 238
1999 10 31 120 374
1999 11 1 119 455
1999 11 2 91 251
1999 11 3 32 0
1999 11 4 79 195
1999 11 5 109 399
1999 11 6 13 0
1999 11 7 44 3
1999 11 8 68 32
1999 11 9 45 0
1999 11 10 43 0
1999 11 11 106 360
1999 11 12 105 428
1999 11 13 101 424
1999 11 14 86 265
1999 11 15 79 154
1999 11 16 78 264
1999 11 17 34 0
1999 11 18 78 63
1999 11 19 61 68
1999 11 20 96 405
1999 11 21 42 0
1999 11 22 85 329
1999 11 23 30 0
1999 11 24 52 56
1999 11 25 90 395
1999 11 26 87 392
1999 11 27 88 390
1999 11 28 86 388
1999 11 29 85 387
1999 11 30 85 384
1999 12 1 66 113
1999 12 2 75 233
1999 12 3 77 343
1999 12 4 45 74
1999 12 5 48 90
1999 12 6 60 178
1999 12 7 70 221
1999 12 8 69 314
1999 12 9 48 20
1999 12 10 16 0
1999 12 11 46 81
1999 12 12 39 7
1999 12 13 48 53
1999 12 14 28 0
1999 12 15 45 1
1999 12 16 64 178
1999 12 17 76 341
1999 12 18 36 0
1999 12 19 21 0
1999 12 20 67 263
1999 12 21 76 366
1999 12 22 74 366
1999 12 23 61 197
1999 12 24 71 357
1999 12 25 21 0
1999 12 26 13 0
1999 12 27 31 0
1999 12 28 17 0
1999 12 29 36 2
1999 12 30 58 133
1999 12 31 50 71
2000 1 1 50 75
2000 1 2 76 365
2000 1 3 77 371
2000 1 4 80 372
2000 1 5 70 247
2000 1 6 75 331
2000 1 7 74 357
2000 1 8 79 377
2000 1 9 51 0
2000 1 10 40 0
2000 1 11 76 296
2000 1 12 84 383
2000 1 13 87 385
2000 1 14 86 387
2000 1 15 85 388
2000 1 16 88 391
2000 1 17 42 0
2000 1 18 26 0
2000 1 19 82 156
2000 1 20 99 394
2000 1 21 34 0
2000 1 22 59 31
2000 1 23 50 0
2000 1 24 98 358
2000 1 25 106 412
2000 1 26 106 415
2000 1 27 105 417
2000 1 28 104 415
2000 1 29 53 64
2000 1 30 10 0
2000 1 31 106 419
2000 2 1 111 434
2000 2 2 50 0
2000 2 3 79 220
2000 2 4 119 441
2000 2 5 86 185
2000 2 6 102 255
2000 2 7 101 293
2000 2 8 70 18
2000 2 9 51 7
2000 2 10 131 456
2000 2 11 55 0
2000 2 12 76 6
2000 2 13 88 16
2000 2 14 110 240
2000 2 15 73 84
2000 2 16 47 25
2000 2 17 64 0
2000 2 18 51 0
2000 2 19 59 0
2000 2 20 72 0
2000 2 21 164 496
2000 2 22 147 266
2000 2 23 155 473
2000 2 24 124 159
2000 2 25 94 37
2000 2 26 161 532
2000 2 27 173 544
2000 2 28 175 546
2000 2 29 117 192
2000 3 1 77 0
2000 3 2 136 204
2000 3 3 145 292
2000 3 4 103 33
2000 3 5 205 513
2000 3 6 194 566
2000 3 7 195 559
2000 3 8 97 0
2000 3 9 99 136
2000 3 10 48 0
2000 3 11 185 395
2000 3 12 203 557
2000 3 13 209 580
2000 3 14 80 0
2000 3 15 131 30
2000 3 16 47 0
2000 3 17 113 0
2000 3 18 133 1
2000 3 19 166 154
2000 3 20 232 577
2000 3 21 234 600
2000 3 22 238 603
2000 3 23 191 385
2000 3 24 151 92
2000 3 25 209 260
2000 3 26 113 27
2000 3 27 119 0
2000 3 28 218 286
2000 3 29 98 8
2000 3 30 134 0
2000 3 31 251 546
2000 4 1 111 0
2000 4 2 236 436
2000 4 3 153 66
2000 4 4 187 238
2000 4 5 95 0
2000 4 6 171 8
2000 4 7 283 628
2000 4 8 285 628
2000 4 9 178 44
2000 4 10 166 178
2000 4 11 234 344
2000 4 12 86 0
2000 4 13 171 63
2000 4 14 255 398
2000 4 15 136 82
2000 4 16 207 135
2000 4 17 99 7
2000 4 18 146 0
2000 4 19 142 0
2000 4 20 271 558
2000 4 21 296 635
2000 4 22 287 619
2000 4 23 255 439
2000 4 24 154 56
2000 4 25 307 638
2000 4 26 295 603
2000 4 27 175 96
2000 4 28 238 359
2000 4 29 283 452
2000 4 30 194 82
2000 5 1 270 348
2000 5 2 242 296
2000 5 3 245 336
2000 5 4 186 115
2000 5 5 226 211
2000 5 6 159 73
2000 5 7 228 304
2000 5 8 203 236
2000 5 9 310 627
2000 5 10 297 495
2000 5 11 251 323
2000 5 12 152 83
2000 5 13 108 0
2000 5 14 340 650
2000 5 15 292 534
2000 5 16 277 481
2000 5 17 261 457
2000 5 18 178 128
2000 5 19 278 358
2000 5 20 232 221
2000 5 21 304 508
2000 5 22 264 250
2000 5 23 340 698
2000 5 24 232 182
2000 5 25 230 223
2000 5 26 119 59
2000 5 27 87 79
2000 5 28 109 20
2000 5 29 173 57
2000 5 30 139 48
2000 5 31 138 23
2000 6 1 351 717
2000 6 2 337 666
2000 6 3 247 404
2000 6 4 205 211
2000 6 5 302 484
2000 6 6 86 33
2000 6 7 280 290
2000 6 8 358 561
2000 6 9 349 719
2000 6 10 225 369
2000 6 11 135 66
2000 6 12 252 379
2000 6 13 244 437
2000 6 14 234 367
2000 6 15 141 77
2000 6 16 264 355
2000 6 17 356 698
2000 6 18 362 733
2000 6 19 353 729
2000 6 20 366 727
2000 6 21 351 733
2000 6 22 327 634
2000 6 23 89 1
2000 6 24 111 26
2000 6 25 194 125
2000 6 26 271 330
2000 6 27 346 648
2000 6 28 81 6
2000 6 29 114 10
2000 6 30 282 504
2000 7 1 250 395
2000 7 2 322 607
2000 7 3 273 464
2000 7 4 122 145
2000 7 5 327 501
2000 7 6 349 717
2000 7 7 287 482
2000 7 8 142 50
2000 7 9 175 130
2000 7 10 151 119
2000 7 11 147 12
2000 7 12 187 72
2000 7 13 233 150
2000 7 14 111 0
2000 7 15 200 117
2000 7 16 227 206
2000 7 17 210 323
2000 7 18 341 656
2000 7 19 161 152
2000 7 20 302 586
2000 7 21 346 646
2000 7 22 332 665
2000 7 23 176 152
2000 7 24 72 25
2000 7 25 263 432
2000 7 26 159 125
2000 7 27 288 526
2000 7 28 132 91
2000 7 29 156 69
2000 7 30 171 72
2000 7 31 321 650
2000 8 1 317 649
2000 8 2 216 364
2000 8 3 96 151
2000 8 4 67 0
2000 8 5 78 2
2000 8 6 53 0
2000 8 7 159 139
2000 8 8 175 165
2000 8 9 234 359
2000 8 10 267 450
2000 8 11 298 641
2000 8 12 270 472
2000 8 13 260 516
2000 8 14 265 555
2000 8 15 270 593
2000 8 16 273 562
2000 8 17 217 419
2000 8 18 239 461
2000 8 19 276 636
2000 8 20 269 629
2000 8 21 234 499
2000 8 22 229 322
2000 8 23 272 634
2000 8 24 273 633
2000 8 25 271 633
2000 8 26 266 632
2000 8 27 106 183
2000 8 28 205 312
2000 8 29 239 500
2000 8 30 135 216
2000 8 31 40 0
2000 9 1 231 401
2000 9 2 104 36
2000 9 3 129 75
2000 9 4 119 40
2000 9 5 130 75
2000 9 6 162 242
2000 9 7 149 192
2000 9 8 249 624
2000 9 9 244 623
2000 9 10 238 622
2000 9 11 235 620
2000 9 12 213 489
2000 9 13 85 76
2000 9 14 208 509
2000 9 15 217 612
2000 9 16 80 6
2000 9 17 180 338
2000 9 18 201 517
2000 9 19 102 135
2000 9 20 116 174
2000 9 21 50 0
2000 9 22 109 0
2000 9 23 214 594
2000 9 24 213 586
2000 9 25 192 552
2000 9 26 192 588
2000 9 27 194 574
2000 9 28 169 578
2000 9 29 187 447
2000 9 30 89 94
2000 10 1 82 109
2000 10 2 66 42
2000 10 3 139 173
2000 10 4 168 493
2000 10 5 76 11
2000 10 6 45 0
2000 10 7 60 0
2000 10 8 135 256
2000 10 9 140 313
2000 10 10 53 20
2000 10 11 54 5
2000 10 12 42 0
2000 10 13 74 70
2000 10 14 59 92
2000 10 15 66 101
2000 10 16 76 123
2000 10 17 55 4
2000 10 18 59 5
2000 10 19 65 36
2000 10 20 125 317
2000 10 21 141 493
2000 10 22 141 486
2000 10 23 140 483
2000 10 24 100 257
2000 10 25 131 472
2000 10 26 55 46
2000 10 27 41 6
2000 10 28 128 463
2000 10 29 122 431
2000 10 30 102 295
2000 10 31 18 0
2000 11 1 127 450
2000 11 2 108 243
2000 11 3 72 112
2000 11 4 78 84
2000 11 5 119 446
2000 11 6 49 95
2000 11 7 102 233
2000 11 8 91 167
2000 11 9 92 191
2000 11 10 101 351
2000 11 11 108 429
2000 11 12 96 268
2000 11 13 53 43
2000 11 14 12 0
2000 11 15 69 98
2000 11 16 64 48
2000 11 17 27 5
2000 11 18 71 138
2000 11 19 98 396
2000 11 20 56 63
2000 11 21 58 52
2000 11 22 68 227
2000 11 23 62 104
2000 11 24 28 0
2000 11 25 45 28
2000 11 26 47 69
2000 11 27 66 158
2000 11 28 71 278
2000 11 29 77 370
2000 11 30 74 344
2000 12 1 77 361
2000 12 2 49 70
2000 12 3 50 17
2000 12 4 69 286
2000 12 5 73 376
2000 12 6 52 76
2000 12 7 47 86
2000 12 8 61 101
2000 12 9 45 38
2000 12 10 50 71
2000 12 11 65 364
2000 12 12 48 92
2000 12 13 60 253
2000 12 14 31 0
2000 12 15 25 2
2000 12 16 36 0
2000 12 17 44 34
2000 12 18 65 234
2000 12 19 31 2
2000 12 20 57 218
2000 12 21 71 354
2000 12 22 75 366
2000 12 23 74 366
2000 12 24 63 183
2000 12 25 42 20
2000 12 26 69 337
2000 12 27 51 152
2000 12 28 27 0
2000 12 29 30 0
2000 12 30 74 208
2000 12 31 77 370
2001 1 1 64 208
2001 1 2 33 0
2001 1 3 58 195
2001 1 4 29 0
2001 1 5 41 0
2001 1 6 23 0
2001 1 7 18 0
2001 1 8 40 0
2001 1 9 85 352
2001 1 10 37 1
2001 1 11 40 0
2001 1 12 35 0
2001 1 13 79 283
2001 1 14 89 388
2001 1 15 92 390
2001 1 16 92 392
2001 1 17 76 259
2001 1 18 57 0
2001 1 19 87 335
2001 1 20 56 1
2001 1 21 84 309
2001 1 22 89 327
2001 1 23 69 149
2001 1 24 29 0
2001 1 25 61 107
2001 1 26 59 142
2001 1 27 44 86
2001 1 28 97 299
2001 1 29 100 417
2001 1 30 59 0
2001 1 31 111 293
2001 2 1 88 201
2001 2 2 110 324
2001 2 3 51 0
2001 2 4 99 255
2001 2 5 102 281
2001 2 6 96 218
2001 2 7 118 292
2001 2 8 62 0
2001 2 9 47 0
2001 2 10 87 74
2001 2 11 132 458
2001 2 12 124 392
2001 2 13 113 278
2001 2 14 139 467
2001 2 15 141 470
2001 2 16 144 472
2001 2 17 55 0
2001 2 18 149 483
2001 2 19 149 456
2001 2 20 83 0
2001 2 21 96 127
2001 2 22 11 0
2001 2 23 68 0
2001 2 24 147 164
2001 2 25 163 504
2001 2 26 147 237
2001 2 27 161 492
2001 2 28 125 118
2001 3 1 181 491
2001 3 2 128 124
2001 3 3 140 184
2001 3 4 123 58
2001 3 5 179 430
2001 3 6 189 566
2001 3 7 102 23
2001 3 8 100 38
2001 3 9 114 21
2001 3 10 115 23
2001 3 11 128 174
2001 3 12 131 89
2001 3 13 182 322
2001 3 14 130 0
2001 3 15 130 14
2001 3 16 213 587
2001 3 17 104 9
2001 3 18 197 386
2001 3 19 195 281
2001 3 20 139 64
2001 3 21 87 19
2001 3 22 111 147
2001 3 23 218 531
2001 3 24 198 436
2001 3 25 76 86
2001 3 26 193 232
2001 3 27 171 235
2001 3 28 144 125
2001 3 29 140 63
2001 3 30 112 0
2001 3 31 220 261
2001 4 1 267 617
2001 4 2 258 609
2001 4 3 239 521
2001 4 4 188 231
2001 4 5 178 183
2001 4 6 230 382
2001 4 7 54 0
2001 4 8 217 149
2001 4 9 166 76
2001 4 10 119 0
2001 4 11 170 10
2001 4 12 128 0
2001 4 13 200 152
2001 4 14 243 311
2001 4 15 100 0
2001 4 16 207 97
2001 4 17 216 90
2001 4 18 221 162
2001 4 19 177 29
2001 4 20 162 0
2001 4 21 202 2
2001 4 22 174 6
2001 4 23 298 538
2001 4 24 244 320
2001 4 25 122 18
2001 4 26 250 236
2001 4 27 211 209
2001 4 28 243 296
2001 4 29 202 197
2001 4 30 287 417
2001 5 1 283 356
2001 5 2 314 587
2001 5 3 265 273
2001 5 4 264 382
2001 5 5 184 151
2001 5 6 155 26
2001 5 7 227 216
2001 5 8 324 479
2001 5 9 253 357
2001 5 10 251 381
2001 5 11 273 418
2001 5 12 306 546
2001 5 13 313 536
2001 5 14 197 239
2001 5 15 112 4
2001 5 16 281 402
2001 5 17 91 31
2001 5 18 144 71
2001 5 19 352 688
2001 5 20 324 616
2001 5 21 174 53
2001 5 22 228 270
2001 5 23 205 222
2001 5 24 288 390
2001 5 25 164 102
2001 5 26 345 705
2001 5 27 336 684
2001 5 28 335 685
2001 5 29 338 700
2001 5 30 336 691
2001 5 31 156 201
2001 6 1 214 170
2001 6 2 158 106
2001 6 3 183 117
2001 6 4 370 609
2001 6 5 360 698
2001 6 6 113 39
2001 6 7 348 591
2001 6 8 199 160
2001 6 9 70 32
2001 6 10 42 0
2001 6 11 207 85
2001 6 12 384 729
2001 6 13 333 534
2001 6 14 232 217
2001 6 15 330 467
2001 6 16 136 56
2001 6 17 231 200
2001 6 18 145 32
2001 6 19 277 247
2001 6 20 367 716
2001 6 21 281 451
2001 6 22 247 349
2001 6 23 345 669
2001 6 24 351 719
2001 6 25 356 733
2001 6 26 353 729
2001 6 27 242 421
2001 6 28 138 63
2001 6 29 313 459
2001 6 30 287 471
2001 7 1 180 156
2001 7 2 365 642
2001 7 3 346 680
2001 7 4 262 387
2001 7 5 305 573
2001 7 6 290 608
2001 7 7 128 234
2001 7 8 139 79
2001 7 9 267 329
2001 7 10 202 271
2001 7 11 226 356
2001 7 12 338 633
2001 7 13 224 265
2001 7 14 168 184
2001 7 15 106 57
2001 7 16 127 2
2001 7 17 221 276
2001 7 18 54 12
2001 7 19 125 50
2001 7 20 69 0
2001 7 21 321 492
2001 7 22 336 688
2001 7 23 323 635
2001 7 24 157 70
2001 7 25 305 554
2001 7 26 317 629
2001 7 27 272 467
2001 7 28 276 529
2001 7 29 261 445
2001 7 30 295 539
2001 7 31 316 647
2001 8 1 309 646
2001 8 2 290 647
2001 8 3 176 229
2001 8 4 106 33
2001 8 5 223 202
2001 8 6 153 61
2001 8 7 285 529
2001 8 8 59 13
2001 8 9 158 220
2001 8 10 104 2
2001 8 11 236 308
2001 8 12 304 641
2001 8 13 280 634
2001 8 14 291 639
2001 8 15 272 579
2001 8 16 248 492
2001 8 17 180 297
2001 8 18 237 401
2001 8 19 262 445
2001 8 20 92 50
2001 8 21 235 438
2001 8 22 281 616
2001 8 23 266 613
2001 8 24 276 634
2001 8 25 272 633
2001 8 26 265 629
2001 8 27 248 563
2001 8 28 246 521
2001 8 29 264 630
2001 8 30 102 27
2001 8 31 35 0
2001 9 1 145 110
2001 9 2 181 252
2001 9 3 259 602
2001 9 4 71 5
2001 9 5 93 32
2001 9 6 257 473
2001 9 7 81 25
2001 9 8 76 2
2001 9 9 196 374
2001 9 10 70 13
2001 9 11 119 44
2001 9 12 77 2
2001 9 13 138 190
2001 9 14 20 0
2001 9 15 121 53
2001 9 16 100 48
2001 9 17 128 49
2001 9 18 251 586
2001 9 19 138 135
2001 9 20 222 442
2001 9 21 196 356
2001 9 22 123 108
2001 9 23 75 1
2001 9 24 78 20
2001 9 25 30 0
2001 9 26 98 36
2001 9 27 174 465
2001 9 28 203 584
2001 9 29 84 72
2001 9 30 62 46
2001 10 1 148 300
2001 10 2 190 577
2001 10 3 188 575
2001 10 4 80 109
2001 10 5 128 215
2001 10 6 166 441
2001 10 7 67 62
2001 10 8 141 323
2001 10 9 119 220
2001 10 10 122 221
2001 10 11 170 554
2001 10 12 164 549
2001 10 13 160 546
2001 10 14 158 546
2001 10 15 148 486
2001 10 16 124 452
2001 10 17 149 520
2001 10 18 150 514
2001 10 19 127 370
2001 10 20 90 177
2001 10 21 80 85
2001 10 22 143 484
2001 10 23 106 273
2001 10 24 74 51
2001 10 25 59 31
2001 10 26 133 470
2001 10 27 125 438
2001 10 28 127 463
2001 10 29 107 377
2001 10 30 99 360
2001 10 31 111 435
2001 11 1 122 411
2001 11 2 116 454
2001 11 3 115 452
2001 11 4 113 449
2001 11 5 73 173
2001 11 6 35 63
2001 11 7 58 44
2001 11 8 76 155
2001 11 9 41 0
2001 11 10 108 434
2001 11 11 53 105
2001 11 12 21 0
2001 11 13 49 3
2001 11 14 47 0
2001 11 15 100 417
2001 11 16 99 415
2001 11 17 94 412
2001 11 18 91 410
2001 11 19 86 398
2001 11 20 91 404
2001 11 21 90 400
2001 11 22 78 218
2001 11 23 38 0
2001 11 24 49 2
2001 11 25 39 0
2001 11 26 71 244
2001 11 27 36 0
2001 11 28 61 105
2001 11 29 79 373
2001 11 30 32 0
2001 12 1 34 0
2001 12 2 44 17
2001 12 3 61 180
2001 12 4 42 0
2001 12 5 35 0
2001 12 6 24 0
2001 12 7 64 110
2001 12 8 77 373
2001 12 9 75 372
2001 12 10 74 371
2001 12 11 41 15
2001 12 12 72 348
2001 12 13 32 3
2001 12 14 76 368
2001 12 15 74 368
2001 12 16 74 367
2001 12 17 65 286
2001 12 18 72 366
2001 12 19 73 366
2001 12 20 55 157
2001 12 21 65 230
2001 12 22 33 0
2001 12 23 56 119
2001 12 24 76 366
2001 12 25 47 115
2001 12 26 27 0
2001 12 27 64 274
2001 12 28 63 176
2001 12 29 33 0
2001 12 30 71 281
2001 12 31 52 131
2002 1 1 78 370
2002 1 2 78 371
2002 1 3 80 372
2002 1 4 79 373
2002 1 5 77 374
2002 1 6 79 376
2002 1 7 76 354
2002 1 8 74 377
2002 1 9 81 379
2002 1 10 82 381
2002 1 11 82 376
2002 1 12 64 179
2002 1 13 46 7
2002 1 14 85 388
2002 1 15 87 390
2002 1 16 86 362
2002 1 17 84 346
2002 1 18 89 391
2002 1 19 62 94
2002 1 20 91 368
2002 1 21 47 140
2002 1 22 85 321
2002 1 23 69 169
2002 1 24 46 17
2002 1 25 90 313
2002 1 26 90 362
2002 1 27 25 0
2002 1 28 72 182
2002 1 29 102 417
2002 1 30 88 349
2002 1 31 65 74
2002 2 1 94 348
2002 2 2 109 437
2002 2 3 115 440
2002 2 4 98 313
2002 2 5 84 168
2002 2 6 37 0
2002 2 7 81 26
2002 2 8 66 1
2002 2 9 109 282
2002 2 10 49 0
2002 2 11 100 192
2002 2 12 133 460
2002 2 13 111 290
2002 2 14 69 9
2002 2 15 124 271
2002 2 16 102 228
2002 2 17 141 454
2002 2 18 132 236
2002 2 19 106 100
2002 2 20 103 17
2002 2 21 79 11
2002 2 22 117 209
2002 2 23 133 217
2002 2 24 98 0
2002 2 25 102 0
2002 2 26 126 205
2002 2 27 133 201
2002 2 28 72 15
2002 3 1 119 165
2002 3 2 46 0
2002 3 3 130 98
2002 3 4 190 558
2002 3 5 153 284
2002 3 6 104 140
2002 3 7 137 189
2002 3 8 181 502
2002 3 9 189 526
2002 3 10 196 514
2002 3 11 209 578
2002 3 12 174 407
2002 3 13 205 579
2002 3 14 115 138
2002 3 15 187 417
2002 3 16 210 559
2002 3 17 199 578
2002 3 18 202 516
2002 3 19 31 0
2002 3 20 153 133
2002 3 21 142 104
2002 3 22 42 0
2002 3 23 139 8
2002 3 24 184 103
2002 3 25 249 388
2002 3 26 255 611
2002 3 27 259 609
2002 3 28 257 614
2002 3 29 257 616
2002 3 30 239 533
2002 3 31 219 491
2002 4 1 220 421
2002 4 2 256 570
2002 4 3 245 565
2002 4 4 243 542
2002 4 5 171 185
2002 4 6 264 623
2002 4 7 207 275
2002 4 8 107 14
2002 4 9 194 189
2002 4 10 179 236
2002 4 11 189 55
2002 4 12 147 0
2002 4 13 195 201
2002 4 14 162 0
2002 4 15 219 79
2002 4 16 219 215
2002 4 17 121 0
2002 4 18 209 301
2002 4 19 191 168
2002 4 20 150 11
2002 4 21 305 599
2002 4 22 294 585
2002 4 23 273 483
2002 4 24 86 0
2002 4 25 56 2
2002 4 26 240 350
2002 4 27 268 422
2002 4 28 254 343
2002 4 29 197 135
2002 4 30 306 641
2002 5 1 168 106
2002 5 2 259 276
2002 5 3 115 26
2002 5 4 129 99
2002 5 5 163 57
2002 5 6 314 510
2002 5 7 321 616
2002 5 8 133 0
2002 5 9 195 72
2002 5 10 274 393
2002 5 11 137 30
2002 5 12 199 80
2002 5 13 217 182
2002 5 14 296 474
2002 5 15 335 656
2002 5 16 333 638
2002 5 17 329 658
2002 5 18 246 438
2002 5 19 138 1
2002 5 20 299 415
2002 5 21 288 487
2002 5 22 216 162
2002 5 23 133 26
2002 5 24 209 165
2002 5 25 216 196
2002 5 26 277 259
2002 5 27 87 1
2002 5 28 176 27
2002 5 29 251 203
2002 5 30 327 570
2002 5 31 363 712
2002 6 1 358 716
2002 6 2 361 699
2002 6 3 188 208
2002 6 4 304 468
2002 6 5 214 199
2002 6 6 219 187
2002 6 7 136 71
2002 6 8 149 42
2002 6 9 188 81
2002 6 10 233 220
2002 6 11 329 607
2002 6 12 289 520
2002 6 13 332 610
2002 6 14 355 730
2002 6 15 339 687
2002 6 16 208 175
2002 6 17 345 722
2002 6 18 330 604
2002 6 19 193 347
2002 6 20 301 530
2002 6 21 200 297
2002 6 22 343 720
2002 6 23 321 665
2002 6 24 139 160
2002 6 25 250 203
2002 6 26 360 672
2002 6 27 269 451
2002 6 28 82 0
2002 6 29 360 653
2002 6 30 295 500
2002 7 1 358 722
2002 7 2 119 22
2002 7 3 150 115
2002 7 4 206 208
2002 7 5 252 386
2002 7 6 57 0
2002 7 7 354 659
2002 7 8 340 685
2002 7 9 277 481
2002 7 10 172 198
2002 7 11 225 242
2002 7 12 299 514
2002 7 13 51 2
2002 7 14 145 182
2002 7 15 158 156
2002 7 16 205 300
2002 7 17 97 0
2002 7 18 159 66
2002 7 19 341 689
2002 7 20 331 687
2002 7 21 124 73
2002 7 22 237 348
2002 7 23 328 694
2002 7 24 228 274
2002 7 25 111 0
2002 7 26 90 0
2002 7 27 328 636
2002 7 28 309 630
2002 7 29 288 501
2002 7 30 170 267
2002 7 31 180 282
2002 8 1 228 324
2002 8 2 307 602
2002 8 3 196 275
2002 8 4 225 354
2002 8 5 272 407
2002 8 6 53 0
2002 8 7 88 0
2002 8 8 294 512
2002 8 9 88 8
2002 8 10 76 6
2002 8 11 50 0
2002 8 12 108 36
2002 8 13 146 83
2002 8 14 296 629
2002 8 15 292 624
2002 8 16 281 605
2002 8 17 288 626
2002 8 18 279 600
2002 8 19 213 393
2002 8 20 193 364
2002 8 21 123 60
2002 8 22 282 628
2002 8 23 154 224
2002 8 24 178 303
2002 8 25 185 333
2002 8 26 103 86
2002 8 27 106 22
2002 8 28 162 184
2002 8 29 163 124
2002 8 30 246 537
2002 8 31 183 239
2002 9 1 124 31
2002 9 2 181 220
2002 9 3 52 14
2002 9 4 122 99
2002 9 5 252 552
2002 9 6 142 92
2002 9 7 175 269
2002 9 8 131 216
2002 9 9 145 262
2002 9 10 107 19
2002 9 11 172 213
2002 9 12 230 586
2002 9 13 238 593
2002 9 14 218 540
2002 9 15 109 78
2002 9 16 221 571
2002 9 17 231 611
2002 9 18 231 609
2002 9 19 83 25
2002 9 20 106 112
2002 9 21 117 134
2002 9 22 79 18
2002 9 23 77 0
2002 9 24 68 0
2002 9 25 78 0
2002 9 26 62 0
2002 9 27 81 25
2002 9 28 200 464
2002 9 29 210 581
2002 9 30 207 580
2002 10 1 204 579
2002 10 2 175 546
2002 10 3 160 395
2002 10 4 71 0
2002 10 5 169 417
2002 10 6 50 0
2002 10 7 160 402
2002 10 8 159 487
2002 10 9 158 513
2002 10 10 111 219
2002 10 11 104 183
2002 10 12 33 0
2002 10 13 161 406
2002 10 14 66 27
2002 10 15 75 59
2002 10 16 79 159
2002 10 17 19 0
2002 10 18 139 204
2002 10 19 100 171
2002 10 20 77 21
2002 10 21 56 19
2002 10 22 120 365
2002 10 23 91 184
2002 10 24 133 418
2002 10 25 78 101
2002 10 26 131 427
2002 10 27 110 315
2002 10 28 131 421
2002 10 29 119 409
2002 10 30 107 433
2002 10 31 106 326
2002 11 1 119 458
2002 11 2 15 0
2002 11 3 38 6
2002 11 4 44 0
2002 11 5 56 17
2002 11 6 119 447
2002 11 7 55 16
2002 11 8 85 192
2002 11 9 57 26
2002 11 10 84 190
2002 11 11 35 0
2002 11 12 105 431
2002 11 13 50 8
2002 11 14 41 22
2002 11 15 17 0
2002 11 16 7 0
2002 11 17 83 216
2002 11 18 19 0
2002 11 19 49 0
2002 11 20 94 409
2002 11 21 58 53
2002 11 22 24 0
2002 11 23 84 348
2002 11 24 68 111
2002 11 25 35 0
2002 11 26 26 0
2002 11 27 77 353
2002 11 28 70 270
2002 11 29 12 0
2002 11 30 38 0
2002 12 1 81 387
2002 12 2 28 0
2002 12 3 40 33
2002 12 4 79 275
2002 12 5 65 126
2002 12 6 60 225
2002 12 7 77 373
2002 12 8 61 256
2002 12 9 48 81
2002 12 10 73 376
2002 12 11 75 376
2002 12 12 65 313
2002 12 13 34 9
2002 12 14 55 89
2002 12 15 29 0
2002 12 16 43 0
2002 12 17 41 0
2002 12 18 46 90
2002 12 19 73 373
2002 12 20 75 386
2002 12 21 30 0
2002 12 22 27 0
2002 12 23 60 250
2002 12 24 45 0
2002 12 25 32 0
2002 12 26 44 66
2002 12 27 39 3
2002 12 28 18 0
2002 12 29 58 198
2002 12 30 29 0
2002 12 31 29 0
2003 1 1 72 306
2003 1 2 30 0
2003 1 3 72 326
2003 1 4 71 242
2003 1 5 45 0
2003 1 6 66 206
2003 1 7 61 74
2003 1 8 80 382
2003 1 9 71 277
2003 1 10 74 280
2003 1 11 78 387
2003 1 12 86 388
2003 1 13 72 228
2003 1 14 65 235
2003 1 15 86 393
2003 1 16 34 2
2003 1 17 91 397
2003 1 18 74 233
2003 1 19 91 402
2003 1 20 86 402
2003 1 21 48 0
2003 1 22 83 215
2003 1 23 46 30
2003 1 24 59 5
2003 1 25 99 416
2003 1 26 61 84
2003 1 27 33 0
2003 1 28 42 14
2003 1 29 61 3
2003 1 30 56 3
2003 1 31 73 0
2003 2 1 114 430
2003 2 2 57 2
2003 2 3 67 0
2003 2 4 61 2
2003 2 5 39 0
2003 2 6 55 0
2003 2 7 103 250
2003 2 8 50 0
2003 2 9 129 436
2003 2 10 132 460
2003 2 11 134 461
2003 2 12 140 463
2003 2 13 137 466
2003 2 14 138 470
2003 2 15 144 472
2003 2 16 128 342
2003 2 17 147 477
2003 2 18 152 481
2003 2 19 154 488
2003 2 20 155 494
2003 2 21 157 502
2003 2 22 162 509
2003 2 23 166 515
2003 2 24 169 519
2003 2 25 174 528
2003 2 26 169 536
2003 2 27 176 540
2003 2 28 159 363
2003 3 1 156 438
2003 3 2 137 277
2003 3 3 106 49
2003 3 4 186 544
2003 3 5 183 539
2003 3 6 133 144
2003 3 7 158 325
2003 3 8 170 378
2003 3 9 158 308
2003 3 10 191 528
2003 3 11 162 352
2003 3 12 144 223
2003 3 13 217 508
2003 3 14 214 580
2003 3 15 215 580
2003 3 16 216 586
2003 3 17 212 576
2003 3 18 225 590
2003 3 19 223 593
2003 3 20 227 594
2003 3 21 224 552
2003 3 22 223 599
2003 3 23 233 603
2003 3 24 236 606
2003 3 25 235 609
2003 3 26 220 523
2003 3 27 202 553
2003 3 28 158 105
2003 3 29 228 549
2003 3 30 181 324
2003 3 31 100 85
2003 4 1 251 620
2003 4 2 78 0
2003 4 3 156 7
2003 4 4 257 437
2003 4 5 266 575
2003 4 6 175 138
2003 4 7 226 304
2003 4 8 286 628
2003 4 9 169 100
2003 4 10 117 13
2003 4 11 264 593
2003 4 12 153 0
2003 4 13 285 630
2003 4 14 280 618
2003 4 15 284 631
2003 4 16 287 632
2003 4 17 219 383
2003 4 18 272 549
2003 4 19 221 377
2003 4 20 190 157
2003 4 21 143 207
2003 4 22 169 166
2003 4 23 187 233
2003 4 24 297 635
2003 4 25 287 596
2003 4 26 164 195
2003 4 27 285 505
2003 4 28 266 418
2003 4 29 275 547
2003 4 30 122 47
2003 5 1 280 444
2003 5 2 112 47
2003 5 3 292 518
2003 5 4 320 642
2003 5 5 299 607
2003 5 6 275 619
2003 5 7 283 550
2003 5 8 286 587
2003 5 9 179 344
2003 5 10 128 95
2003 5 11 231 302
2003 5 12 205 199
2003 5 13 121 66
2003 5 14 241 272
2003 5 15 295 483
2003 5 16 333 629
2003 5 17 189 293
2003 5 18 237 308
2003 5 19 320 561
2003 5 20 110 3
2003 5 21 180 104
2003 5 22 99 0
2003 5 23 288 447
2003 5 24 340 674
2003 5 25 219 327
2003 5 26 198 154
2003 5 27 252 311
2003 5 28 201 279
2003 5 29 164 42
2003 5 30 214 272
2003 5 31 300 543
2003 6 1 347 671
2003 6 2 271 391
2003 6 3 262 417
2003 6 4 281 463
2003 6 5 235 410
2003 6 6 268 439
2003 6 7 229 342
2003 6 8 221 206
2003 6 9 269 423
2003 6 10 340 667
2003 6 11 295 629
2003 6 12 234 397
2003 6 13 323 637
2003 6 14 265 483
2003 6 15 200 225
2003 6 16 244 393
2003 6 17 286 468
2003 6 18 237 338
2003 6 19 197 67
2003 6 20 300 463
2003 6 21 325 596
2003 6 22 358 730
2003 6 23 234 421
2003 6 24 272 500
2003 6 25 267 404
2003 6 26 188 223
2003 6 27 275 399
2003 6 28 256 360
2003 6 29 348 673
2003 6 30 326 706
2003 7 1 61 76
2003 7 2 330 524
2003 7 3 114 36
2003 7 4 163 65
2003 7 5 183 123
2003 7 6 337 661
2003 7 7 348 695
2003 7 8 343 688
2003 7 9 274 499
2003 7 10 300 623
2003 7 11 346 683
2003 7 12 299 619
2003 7 13 330 686
2003 7 14 321 685
2003 7 15 263 444
2003 7 16 255 482
2003 7 17 119 51
2003 7 18 338 705
2003 7 19 337 700
2003 7 20 318 654
2003 7 21 156 281
2003 7 22 253 448
2003 7 23 257 413
2003 7 24 67 0
2003 7 25 310 660
2003 7 26 236 435
2003 7 27 218 328
2003 7 28 173 131
2003 7 29 164 115
2003 7 30 286 544
2003 7 31 139 103
2003 8 1 269 497
2003 8 2 298 624
2003 8 3 301 634
2003 8 4 296 642
2003 8 5 287 604
2003 8 6 277 584
2003 8 7 274 587
2003 8 8 293 626
2003 8 9 270 590
2003 8 10 269 596
2003 8 11 289 640
2003 8 12 285 641
2003 8 13 289 641
2003 8 14 133 274
2003 8 15 122 135
2003 8 16 232 430
2003 8 17 257 519
2003 8 18 102 140
2003 8 19 274 608
2003 8 20 173 303
2003 8 21 101 11
2003 8 22 259 544
2003 8 23 274 630
2003 8 24 204 401
2003 8 25 234 532
2003 8 26 247 507
2003 8 27 267 627
2003 8 28 199 397
2003 8 29 34 7
2003 8 30 163 257
2003 8 31 120 87
2003 9 1 120 36
2003 9 2 186 263
2003 9 3 255 592
2003 9 4 263 628
2003 9 5 223 523
2003 9 6 142 89
2003 9 7 178 266
2003 9 8 80 16
2003 9 9 79 92
2003 9 10 109 90
2003 9 11 79 32
2003 9 12 50 0
2003 9 13 168 219
2003 9 14 240 612
2003 9 15 241 614
2003 9 16 229 610
2003 9 17 231 611
2003 9 18 227 610
2003 9 19 218 607
2003 9 20 217 604
2003 9 21 209 601
2003 9 22 211 575
2003 9 23 38 0
2003 9 24 92 18
2003 9 25 214 592
2003 9 26 212 590
2003 9 27 203 578
2003 9 28 181 459
2003 9 29 110 126
2003 9 30 171 414
2003 10 1 54 31
2003 10 2 157 443
2003 10 3 85 76
2003 10 4 69 14
2003 10 5 40 0
2003 10 6 164 373
2003 10 7 62 0
2003 10 8 76 93
2003 10 9 48 0
2003 10 10 181 547
2003 10 11 174 530
2003 10 12 178 551
2003 10 13 174 547
2003 10 14 143 461
2003 10 15 171 544
2003 10 16 169 539
2003 10 17 165 528
2003 10 18 152 506
2003 10 19 143 421
2003 10 20 36 0
2003 10 21 33 0
2003 10 22 104 223
2003 10 23 46 0
2003 10 24 95 23
2003 10 25 149 477
2003 10 26 144 454
2003 10 27 141 472
2003 10 28 138 470
2003 10 29 71 64
2003 10 30 60 83
2003 10 31 71 17
2003 11 1 54 0
2003 11 2 114 316
2003 11 3 89 212
2003 11 4 119 453
2003 11 5 118 451
2003 11 6 115 448
2003 11 7 111 424
2003 11 8 46 0
2003 11 9 103 440
2003 11 10 110 439
2003 11 11 107 435
2003 11 12 93 279
2003 11 13 31 1
2003 11 14 96 366
2003 11 15 94 394
2003 11 16 62 75
2003 11 17 81 225
2003 11 18 38 0
2003 11 19 92 413
2003 11 20 92 410
2003 11 21 59 99
2003 11 22 40 0
2003 11 23 55 111
2003 11 24 60 121
2003 11 25 65 188
2003 11 26 37 0
2003 11 27 51 115
2003 11 28 26 0
2003 11 29 56 136
2003 11 30 44 0
2003 12 1 46 1
2003 12 2 66 305
2003 12 3 73 303
2003 12 4 77 372
2003 12 5 78 381
2003 12 6 77 322
2003 12 7 81 379
2003 12 8 78 379
2003 12 9 76 377
2003 12 10 74 291
2003 12 11 61 261
2003 12 12 51 169
2003 12 13 40 12
2003 12 14 35 25
2003 12 15 15 0
2003 12 16 32 1
2003 12 17 47 3
2003 12 18 73 373
2003 12 19 63 166
2003 12 20 72 372
2003 12 21 40 21
2003 12 22 29 13
2003 12 23 78 371
2003 12 24 79 368
2003 12 25 65 310
2003 12 26 71 326
2003 12 27 39 0
2003 12 28 56 52
2003 12 29 44 0
2003 12 30 62 251
2003 12 31 48 12
2004 1 1 68 271
2004 1 2 57 101
2004 1 3 81 376
2004 1 4 40 1
2004 1 5 36 0
2004 1 6 57 127
2004 1 7 30 0
2004 1 8 67 245
2004 1 9 33 0
2004 1 10 53 65
2004 1 11 56 39
2004 1 12 48 0
2004 1 13 13 0
2004 1 14 82 323
2004 1 15 20 0
2004 1 16 56 10
2004 1 17 46 29
2004 1 18 32 0
2004 1 19 86 337
2004 1 20 17 0
2004 1 21 53 10
2004 1 22 105 351
2004 1 23 99 411
2004 1 24 96 296
2004 1 25 61 35
2004 1 26 52 0
2004 1 27 58 0
2004 1 28 64 45
2004 1 29 39 0
2004 1 30 111 429
2004 1 31 110 433
2004 2 1 102 367
2004 2 2 98 255
2004 2 3 107 417
2004 2 4 106 374
2004 2 5 124 447
2004 2 6 96 268
2004 2 7 55 3
2004 2 8 64 106
2004 2 9 75 149
2004 2 10 134 456
2004 2 11 45 0
2004 2 12 85 19
2004 2 13 105 203
2004 2 14 141 469
2004 2 15 123 419
2004 2 16 147 474
2004 2 17 150 476
2004 2 18 84 59
2004 2 19 116 211
2004 2 20 135 367
2004 2 21 85 32
2004 2 22 90 8
2004 2 23 59 0
2004 2 24 112 156
2004 2 25 151 515
2004 2 26 145 274
2004 2 27 110 79
2004 2 28 125 0
2004 2 29 139 172
2004 3 1 165 345
2004 3 2 150 224
2004 3 3 191 557
2004 3 4 167 304
2004 3 5 161 299
2004 3 6 99 27
2004 3 7 108 26
2004 3 8 128 45
2004 3 9 211 413
2004 3 10 148 256
2004 3 11 77 0
2004 3 12 165 327
2004 3 13 174 294
2004 3 14 107 109
2004 3 15 218 586
2004 3 16 223 587
2004 3 17 227 590
2004 3 18 224 569
2004 3 19 217 540
2004 3 20 124 78
2004 3 21 224 532
2004 3 22 192 316
2004 3 23 90 0
2004 3 24 115 0
2004 3 25 179 131
2004 3 26 153 13
2004 3 27 221 417
2004 3 28 257 615
2004 3 29 263 617
2004 3 30 260 591
2004 3 31 239 550
2004 4 1 263 622
2004 4 2 248 513
2004 4 3 114 49
2004 4 4 182 202
2004 4 5 222 267
2004 4 6 127 30
2004 4 7 231 331
2004 4 8 203 317
2004 4 9 141 6
2004 4 10 172 103
2004 4 11 232 319
2004 4 12 253 412
2004 4 13 129 0
2004 4 14 248 363
2004 4 15 201 165
2004 4 16 189 274
2004 4 17 124 0
2004 4 18 200 192
2004 4 19 67 0
2004 4 20 301 594
2004 4 21 302 636
2004 4 22 297 632
2004 4 23 278 500
2004 4 24 166 83
2004 4 25 207 255
2004 4 26 313 639
2004 4 27 231 344
2004 4 28 201 234
2004 4 29 251 457
2004 4 30 204 190
2004 5 1 257 345
2004 5 2 191 176
2004 5 3 155 132
2004 5 4 142 8
2004 5 5 105 0
2004 5 6 181 0
2004 5 7 259 200
2004 5 8 212 230
2004 5 9 116 0
2004 5 10 231 173
2004 5 11 204 164
2004 5 12 236 355
2004 5 13 135 6
2004 5 14 329 441
2004 5 15 341 591
2004 5 16 156 91
2004 5 17 348 658
2004 5 18 351 673
2004 5 19 341 666
2004 5 20 346 687
2004 5 21 122 41
2004 5 22 132 7
2004 5 23 214 163
2004 5 24 363 702
2004 5 25 358 705
2004 5 26 254 345
2004 5 27 191 125
2004 5 28 163 65
2004 5 29 369 707
2004 5 30 355 714
2004 5 31 88 0
2004 6 1 118 0
2004 6 2 203 154
2004 6 3 79 0
2004 6 4 125 59
2004 6 5 99 4
2004 6 6 339 579
2004 6 7 361 725
2004 6 8 326 579
2004 6 9 360 727
2004 6 10 308 554
2004 6 11 248 390
2004 6 12 139 27
2004 6 13 252 244
2004 6 14 306 489
2004 6 15 297 449
2004 6 16 84 18
2004 6 17 338 650
2004 6 18 274 349
2004 6 19 206 193
2004 6 20 104 2
2004 6 21 234 224
2004 6 22 146 26
2004 6 23 194 136
2004 6 24 300 533
2004 6 25 278 373
2004 6 26 340 705
2004 6 27 241 343
2004 6 28 274 366
2004 6 29 317 554
2004 6 30 346 724
2004 7 1 124 91
2004 7 2 214 190
2004 7 3 310 513
2004 7 4 285 510
2004 7 5 192 300
2004 7 6 141 38
2004 7 7 126 135
2004 7 8 154 159
2004 7 9 289 410
2004 7 10 166 110
2004 7 11 151 84
2004 7 12 203 159
2004 7 13 170 114
2004 7 14 242 358
2004 7 15 148 59
2004 7 16 219 313
2004 7 17 246 355
2004 7 18 299 591
2004 7 19 242 327
2004 7 20 181 183
2004 7 21 300 550
2004 7 22 294 564
2004 7 23 235 345
2004 7 24 40 0
2004 7 25 321 608
2004 7 26 149 105
2004 7 27 230 223
2004 7 28 324 656
2004 7 29 318 654
2004 7 30 226 321
2004 7 31 291 555
2004 8 1 303 626
2004 8 2 228 364
2004 8 3 236 457
2004 8 4 201 301
2004 8 5 211 348
2004 8 6 229 357
2004 8 7 184 168
2004 8 8 168 227
2004 8 9 221 352
2004 8 10 227 402
2004 8 11 109 20
2004 8 12 194 293
2004 8 13 315 596
2004 8 14 49 0
2004 8 15 263 411
2004 8 16 229 454
2004 8 17 119 161
2004 8 18 103 54
2004 8 19 150 174
2004 8 20 61 2
2004 8 21 140 110
2004 8 22 278 623
2004 8 23 274 601
2004 8 24 83 56
2004 8 25 250 473
2004 8 26 83 0
2004 8 27 255 481
2004 8 28 246 545
2004 8 29 214 367
2004 8 30 239 471
2004 8 31 71 0
2004 9 1 258 610
2004 9 2 262 624
2004 9 3 225 534
2004 9 4 161 342
2004 9 5 256 627
2004 9 6 246 617
2004 9 7 243 598
2004 9 8 245 623
2004 9 9 250 623
2004 9 10 238 617
2004 9 11 202 424
2004 9 12 83 57
2004 9 13 204 480
2004 9 14 66 97
2004 9 15 54 0
2004 9 16 97 12
2004 9 17 229 610
2004 9 18 227 608
2004 9 19 205 518
2004 9 20 178 452
2004 9 21 141 149
2004 9 22 164 309
2004 9 23 41 0
2004 9 24 114 92
2004 9 25 83 4
2004 9 26 65 0
2004 9 27 158 221
2004 9 28 105 51
2004 9 29 110 125
2004 9 30 71 13
2004 10 1 92 81
2004 10 2 183 525
2004 10 3 168 450
2004 10 4 161 490
2004 10 5 180 569
2004 10 6 147 389
2004 10 7 129 257
2004 10 8 148 354
2004 10 9 103 230
2004 10 10 29 0
2004 10 11 89 101
2004 10 12 115 299
2004 10 13 132 392
2004 10 14 98 185
2004 10 15 114 283
2004 10 16 127 240
2004 10 17 122 201
2004 10 18 136 354
2004 10 19 31 0
2004 10 20 98 167
2004 10 21 77 75
2004 10 22 125 344
2004 10 23 130 478
2004 10 24 139 478
2004 10 25 121 397
2004 10 26 54 16
2004 10 27 69 56
2004 10 28 43 0
2004 10 29 70 76
2004 10 30 111 438
2004 10 31 77 127
2004 11 1 88 196
2004 11 2 84 234
2004 11 3 69 105
2004 11 4 78 104
2004 11 5 27 0
2004 11 6 74 123
2004 11 7 34 0
2004 11 8 77 103
2004 11 9 118 439
2004 11 10 80 105
2004 11 11 88 314
2004 11 12 102 386
2004 11 13 50 93
2004 11 14 53 3
2004 11 15 98 420
2004 11 16 94 366
2004 11 17 85 247
2004 11 18 97 410
2004 11 19 23 0
2004 11 20 63 28
2004 11 21 96 379
2004 11 22 78 144
2004 11 23 36 25
2004 11 24 88 397
2004 11 25 79 342
2004 11 26 87 395
2004 11 27 46 72
2004 11 28 58 22
2004 11 29 22 0
2004 11 30 36 101
2004 12 1 65 155
2004 12 2 34 11
2004 12 3 77 177
2004 12 4 73 348
2004 12 5 62 278
2004 12 6 78 379
2004 12 7 74 374
2004 12 8 67 365
2004 12 9 71 375
2004 12 10 73 373
2004 12 11 74 376
2004 12 12 74 375
2004 12 13 74 367
2004 12 14 74 375
2004 12 15 61 205
2004 12 16 58 209
2004 12 17 41 11
2004 12 18 24 0
2004 12 19 38 33
2004 12 20 84 372
2004 12 21 78 372
2004 12 22 76 366
2004 12 23 51 125
2004 12 24 82 286
2004 12 25 59 199
2004 12 26 27 0
2004 12 27 34 0
2004 12 28 47 24
2004 12 29 43 1
2004 12 30 78 375
2004 12 31 77 368
2005 1 1 70 296
2005 1 2 59 103
2005 1 3 35 0
2005 1 4 79 377
2005 1 5 77 371
2005 1 6 48 11
2005 1 7 81 378
2005 1 8 82 382
2005 1 9 56 147
2005 1 10 83 385
2005 1 11 85 387
2005 1 12 85 388
2005 1 13 41 20
2005 1 14 89 392
2005 1 15 90 394
2005 1 16 91 396
2005 1 17 89 375
2005 1 18 42 30
2005 1 19 49 37
2005 1 20 18 0
2005 1 21 15 0
2005 1 22 62 134
2005 1 23 37 0
2005 1 24 49 8
2005 1 25 56 0
2005 1 26 70 51
2005 1 27 112 399
2005 1 28 72 35
2005 1 29 113 428
2005 1 30 117 432
2005 1 31 82 127
2005 2 1 60 33
2005 2 2 52 0
2005 2 3 69 10
2005 2 4 125 446
2005 2 5 127 449
2005 2 6 127 452
2005 2 7 130 455
2005 2 8 128 457
2005 2 9 132 459
2005 2 10 122 325
2005 2 11 69 0
2005 2 12 52 0
2005 2 13 43 0
2005 2 14 68 0
2005 2 15 88 44
2005 2 16 101 2
2005 2 17 154 477
2005 2 18 158 486
2005 2 19 113 56
2005 2 20 90 0
2005 2 21 107 49
2005 2 22 163 457
2005 2 23 167 492
2005 2 24 177 516
2005 2 25 174 530
2005 2 26 178 540
2005 2 27 115 89
2005 2 28 185 519
2005 3 1 195 549
2005 3 2 196 554
2005 3 3 92 0
2005 3 4 153 212
2005 3 5 148 264
2005 3 6 108 20
2005 3 7 164 233
2005 3 8 106 0
2005 3 9 86 0
2005 3 10 187 375
2005 3 11 207 572
2005 3 12 206 446
2005 3 13 195 405
2005 3 14 191 464
2005 3 15 219 585
2005 3 16 224 587
2005 3 17 225 574
2005 3 18 211 483
2005 3 19 177 229
2005 3 20 214 548
2005 3 21 227 592
2005 3 22 178 188
2005 3 23 200 404
2005 3 24 203 414
2005 3 25 146 114
2005 3 26 113 29
2005 3 27 141 23
2005 3 28 150 64
2005 3 29 101 7
2005 3 30 135 7
2005 3 31 136 44
2005 4 1 255 546
2005 4 2 265 623
2005 4 3 272 624
2005 4 4 274 625
2005 4 5 255 549
2005 4 6 255 604
2005 4 7 126 19
2005 4 8 79 2
2005 4 9 138 0
2005 4 10 177 73
2005 4 11 205 167
2005 4 12 280 559
2005 4 13 238 330
2005 4 14 211 333
2005 4 15 210 310
2005 4 16 179 130
2005 4 17 155 106
2005 4 18 163 13
2005 4 19 119 0
2005 4 20 146 0
2005 4 21 249 276
2005 4 22 316 636
2005 4 23 250 344
2005 4 24 151 0
2005 4 25 103 37
2005 4 26 224 288
2005 4 27 210 264
2005 4 28 146 39
2005 4 29 241 237
2005 4 30 298 630
2005 5 1 289 571
2005 5 2 298 574
2005 5 3 99 32
2005 5 4 270 378
2005 5 5 186 151
2005 5 6 121 12
2005 5 7 193 223
2005 5 8 309 421
2005 5 9 253 299
2005 5 10 146 76
2005 5 11 330 609
2005 5 12 209 271
2005 5 13 177 129
2005 5 14 158 65
2005 5 15 256 274
2005 5 16 112 14
2005 5 17 273 302
2005 5 18 147 32
2005 5 19 360 685
2005 5 20 340 692
2005 5 21 232 306
2005 5 22 236 233
2005 5 23 80 15
2005 5 24 326 505
2005 5 25 347 704
2005 5 26 344 706
2005 5 27 350 699
2005 5 28 286 522
2005 5 29 280 513
2005 5 30 262 419
2005 5 31 357 685
2005 6 1 319 542
2005 6 2 279 478
2005 6 3 357 705
2005 6 4 171 107
2005 6 5 267 265
2005 6 6 145 21
2005 6 7 192 135
2005 6 8 338 555
2005 6 9 211 201
2005 6 10 349 608
2005 6 11 336 596
2005 6 12 147 70
2005 6 13 199 221
2005 6 14 116 32
2005 6 15 222 177
2005 6 16 345 664
2005 6 17 265 322
2005 6 18 339 585
2005 6 19 355 682
2005 6 20 356 732
2005 6 21 321 670
2005 6 22 330 629
2005 6 23 340 673
2005 6 24 263 484
2005 6 25 222 395
2005 6 26 290 486
2005 6 27 315 644
2005 6 28 302 603
2005 6 29 149 205
2005 6 30 258 356
2005 7 1 134 36
2005 7 2 166 43
2005 7 3 327 663
2005 7 4 280 472
2005 7 5 120 20
2005 7 6 224 255
2005 7 7 145 38
2005 7 8 199 197
2005 7 9 240 345
2005 7 10 141 56
2005 7 11 93 11
2005 7 12 206 146
2005 7 13 347 669
2005 7 14 346 712
2005 7 15 279 482
2005 7 16 167 157
2005 7 17 295 517
2005 7 18 216 294
2005 7 19 117 58
2005 7 20 332 676
2005 7 21 168 69
2005 7 22 190 173
2005 7 23 253 403
2005 7 24 129 36
2005 7 25 217 360
2005 7 26 293 479
2005 7 27 306 622
2005 7 28 302 655
2005 7 29 211 354
2005 7 30 186 142
2005 7 31 96 0
2005 8 1 255 399
2005 8 2 114 25
2005 8 3 45 0
2005 8 4 175 147
2005 8 5 312 633
2005 8 6 155 123
2005 8 7 138 78
2005 8 8 164 143
2005 8 9 308 716
2005 8 10 256 496
2005 8 11 196 257
2005 8 12 291 700
2005 8 13 143 322
2005 8 14 139 115
2005 8 15 88 0
2005 8 16 111 112
2005 8 17 291 638
2005 8 18 227 430
2005 8 19 169 181
2005 8 20 103 130
2005 8 21 61 0
2005 8 22 52 0
2005 8 23 49 0
2005 8 24 259 513
2005 8 25 156 161
2005 8 26 215 264
2005 8 27 144 246
2005 8 28 106 13
2005 8 29 196 317
2005 8 30 263 608
2005 8 31 229 496
2005 9 1 217 492
2005 9 2 166 311
2005 9 3 217 527
2005 9 4 241 586
2005 9 5 207 478
2005 9 6 252 614
2005 9 7 222 522
2005 9 8 218 473
2005 9 9 119 213
2005 9 10 71 6
2005 9 11 130 154
2005 9 12 161 182
2005 9 13 225 476
2005 9 14 236 557
2005 9 15 233 612
2005 9 16 214 511
2005 9 17 58 0
2005 9 18 90 0
2005 9 19 133 91
2005 9 20 57 1
2005 9 21 193 394
2005 9 22 156 336
2005 9 23 201 547
2005 9 24 209 584
2005 9 25 116 189
2005 9 26 193 573
2005 9 27 45 0
2005 9 28 168 374
2005 9 29 45 15
2005 9 30 193 448
2005 10 1 48 0
2005 10 2 23 0
2005 10 3 48 5
2005 10 4 137 289
2005 10 5 113 120
2005 10 6 168 366
2005 10 7 150 326
2005 10 8 155 377
2005 10 9 171 472
2005 10 10 174 504
2005 10 11 117 262
2005 10 12 171 545
2005 10 13 169 533
2005 10 14 166 545
2005 10 15 167 542
2005 10 16 161 531
2005 10 17 160 523
2005 10 18 158 518
2005 10 19 94 235
2005 10 20 68 46
2005 10 21 112 314
2005 10 22 143 451
2005 10 23 41 7
2005 10 24 131 466
2005 10 25 89 151
2005 10 26 127 473
2005 10 27 132 471
2005 10 28 130 467
2005 10 29 131 464
2005 10 30 123 462
2005 10 31 119 460
2005 11 1 43 1
2005 11 2 68 48
2005 11 3 97 356
2005 11 4 59 11
2005 11 5 26 0
2005 11 6 45 0
2005 11 7 107 420
2005 11 8 108 441
2005 11 9 105 440
2005 11 10 100 417
2005 11 11 103 433
2005 11 12 104 429
2005 11 13 90 411
2005 11 14 100 423
2005 11 15 94 420
2005 11 16 25 0
2005 11 17 93 281
2005 11 18 68 90
2005 11 19 86 267
2005 11 20 83 359
2005 11 21 55 0
2005 11 22 88 354
2005 11 23 96 374
2005 11 24 82 295
2005 11 25 32 0
2005 11 26 35 0
2005 11 27 89 393
2005 11 28 70 195
2005 11 29 44 0
2005 11 30 66 136
2005 12 1 85 387
2005 12 2 51 87
2005 12 3 12 0
2005 12 4 86 238
2005 12 5 57 136
2005 12 6 37 0
2005 12 7 39 5
2005 12 8 30 0
2005 12 9 70 265
2005 12 10 80 376
2005 12 11 79 376
2005 12 12 65 352
2005 12 13 81 318
2005 12 14 50 79
2005 12 15 75 365
2005 12 16 4 0
2005 12 17 10 0
2005 12 18 29 0
2005 12 19 47 1
2005 12 20 66 268
2005 12 21 68 316
2005 12 22 58 118
2005 12 23 32 0
2005 12 24 74 367
2005 12 25 56 184
2005 12 26 55 118
2005 12 27 67 238
2005 12 28 34 0
2005 12 29 57 146
2005 12 30 79 375
2005 12 31 74 347
2006 1 1 34 0
2006 1 2 38 0
2006 1 3 67 65
2006 1 4 80 377
2006 1 5 70 364
2006 1 6 81 380
2006 1 7 84 381
2006 1 8 82 382
2006 1 9 85 383
2006 1 10 87 386
2006 1 11 88 387
2006 1 12 83 371
2006 1 13 90 390
2006 1 14 91 392
2006 1 15 92 394
2006 1 16 92 396
2006 1 17 55 68
2006 1 18 16 0
2006 1 19 96 403
2006 1 20 93 402
2006 1 21 73 65
2006 1 22 85 199
2006 1 23 103 413
2006 1 24 106 415
2006 1 25 76 61
2006 1 26 83 200
2006 1 27 40 0
2006 1 28 69 11
2006 1 29 85 197
2006 1 30 106 430
2006 1 31 113 435
2006 2 1 116 439
2006 2 2 119 441
2006 2 3 120 443
2006 2 4 124 445
2006 2 5 124 442
2006 2 6 95 180
2006 2 7 78 1
2006 2 8 95 51
2006 2 9 77 54
2006 2 10 77 38
2006 2 11 142 459
2006 2 12 141 450
2006 2 13 143 467
2006 2 14 141 443
2006 2 15 51 0
2006 2 16 67 22
2006 2 17 113 183
2006 2 18 63 34
2006 2 19 118 140
2006 2 20 92 48
2006 2 21 141 379
2006 2 22 103 122
2006 2 23 150 378
2006 2 24 113 65
2006 2 25 93 1
2006 2 26 101 0
2006 2 27 169 439
2006 2 28 150 238
2006 3 1 102 23
2006 3 2 165 351
2006 3 3 140 144
2006 3 4 82 0
2006 3 5 92 0
2006 3 6 168 217
2006 3 7 139 129
2006 3 8 77 6
2006 3 9 147 266
2006 3 10 169 187
2006 3 11 125 116
2006 3 12 137 94
2006 3 13 219 579
2006 3 14 223 581
2006 3 15 214 552
2006 3 16 215 576
2006 3 17 227 589
2006 3 18 232 589
2006 3 19 235 593
2006 3 20 215 459
2006 3 21 150 224
2006 3 22 199 275
2006 3 23 150 144
2006 3 24 110 0
2006 3 25 160 178
2006 3 26 194 318
2006 3 27 222 493
2006 3 28 54 0
2006 3 29 178 124
2006 3 30 145 0
2006 3 31 245 406
2006 4 1 211 381
2006 4 2 265 472
2006 4 3 191 217
2006 4 4 275 625
2006 4 5 118 7
2006 4 6 187 154
2006 4 7 287 628
2006 4 8 286 624
2006 4 9 200 187
2006 4 10 97 23
2006 4 11 161 0
2006 4 12 171 0
2006 4 13 171 75
2006 4 14 296 596
2006 4 15 148 131
2006 4 16 190 156
2006 4 17 220 325
2006 4 18 183 50
2006 4 19 229 189
2006 4 20 279 495
2006 4 21 302 593
2006 4 22 225 407
2006 4 23 241 351
2006 4 24 187 261
2006 4 25 149 52
2006 4 26 159 75
2006 4 27 190 166
2006 4 28 77 0
2006 4 29 75 1
2006 4 30 311 636
2006 5 1 279 474
2006 5 2 205 253
2006 5 3 315 642
2006 5 4 320 630
2006 5 5 60 0
2006 5 6 206 237
2006 5 7 325 617
2006 5 8 133 10
2006 5 9 112 0
2006 5 10 308 495
2006 5 11 332 631
2006 5 12 266 421
2006 5 13 229 252
2006 5 14 158 84
2006 5 15 272 419
2006 5 16 215 210
2006 5 17 203 243
2006 5 18 154 116
2006 5 19 283 352
2006 5 20 200 154
2006 5 21 119 29
2006 5 22 151 124
2006 5 23 151 47
2006 5 24 152 21
2006 5 25 235 301
2006 5 26 224 204
2006 5 27 149 36
2006 5 28 110 80
2006 5 29 132 112
2006 5 30 175 177
2006 5 31 274 393
2006 6 1 159 139
2006 6 2 201 187
2006 6 3 210 213
2006 6 4 86 38
2006 6 5 147 96
2006 6 6 230 281
2006 6 7 366 696
2006 6 8 365 680
2006 6 9 270 498
2006 6 10 342 696
2006 6 11 359 700
2006 6 12 355 702
2006 6 13 357 662
2006 6 14 355 703
2006 6 15 327 682
2006 6 16 227 435
2006 6 17 191 225
2006 6 18 314 624
2006 6 19 323 640
2006 6 20 269 535
2006 6 21 232 384
2006 6 22 179 294
2006 6 23 334 605
2006 6 24 272 540
2006 6 25 301 551
2006 6 26 297 587
2006 6 27 267 487
2006 6 28 221 334
2006 6 29 101 58
2006 6 30 348 674
2006 7 1 355 710
2006 7 2 319 629
2006 7 3 348 691
2006 7 4 313 544
2006 7 5 277 474
2006 7 6 178 235
2006 7 7 83 0
2006 7 8 177 203
2006 7 9 305 617
2006 7 10 316 629
2006 7 11 348 690
2006 7 12 264 479
2006 7 13 255 441
2006 7 14 291 557
2006 7 15 340 694
2006 7 16 345 700
2006 7 17 343 750
2006 7 18 338 694
2006 7 19 320 645
2006 7 20 315 650
2006 7 21 204 381
2006 7 22 293 567
2006 7 23 201 283
2006 7 24 303 632
2006 7 25 319 611
2006 7 26 279 545
2006 7 27 243 458
2006 7 28 229 405
2006 7 29 99 37
2006 7 30 298 603
2006 7 31 190 256
2006 8 1 132 120
2006 8 2 237 338
2006 8 3 43 0
2006 8 4 96 32
2006 8 5 138 100
2006 8 6 64 10
2006 8 7 81 32
2006 8 8 137 144
2006 8 9 201 272
2006 8 10 77 44
2006 8 11 133 117
2006 8 12 100 44
2006 8 13 134 170
2006 8 14 152 185
2006 8 15 291 590
2006 8 16 107 161
2006 8 17 152 196
2006 8 18 242 430
2006 8 19 156 247
2006 8 20 113 160
2006 8 21 169 263
2006 8 22 153 197
2006 8 23 283 632
2006 8 24 202 369
2006 8 25 275 576
2006 8 26 251 523
2006 8 27 76 10
2006 8 28 85 23
2006 8 29 87 34
2006 8 30 101 69
2006 8 31 248 472
2006 9 1 266 626
2006 9 2 213 462
2006 9 3 84 7
2006 9 4 232 551
2006 9 5 256 620
2006 9 6 236 567
2006 9 7 181 383
2006 9 8 175 332
2006 9 9 248 613
2006 9 10 222 598
2006 9 11 219 543
2006 9 12 233 580
2006 9 13 236 586
2006 9 14 96 67
2006 9 15 90 56
2006 9 16 160 312
2006 9 17 66 19
2006 9 18 80 3
2006 9 19 85 91
2006 9 20 210 597
2006 9 21 218 595
2006 9 22 218 596
2006 9 23 209 589
2006 9 24 194 567
2006 9 25 62 1
2006 9 26 86 64
2006 9 27 167 396
2006 9 28 191 573
2006 9 29 174 452
2006 9 30 200 481
2006 10 1 79 91
2006 10 2 159 439
2006 10 3 25 2
2006 10 4 77 126
2006 10 5 81 94
2006 10 6 136 328
2006 10 7 73 97
2006 10 8 182 557
2006 10 9 182 550
2006 10 10 171 541
2006 10 11 166 520
2006 10 12 154 478
2006 10 13 162 540
2006 10 14 133 363
2006 10 15 121 367
2006 10 16 160 515
2006 10 17 160 519
2006 10 18 134 456
2006 10 19 59 43
2006 10 20 106 299
2006 10 21 99 271
2006 10 22 134 463
2006 10 23 58 53
2006 10 24 98 289
2006 10 25 119 421
2006 10 26 128 472
2006 10 27 117 409
2006 10 28 104 302
2006 10 29 17 0
2006 10 30 122 459
2006 10 31 95 334
2006 11 1 44 21
2006 11 2 118 372
2006 11 3 61 79
2006 11 4 120 446
2006 11 5 67 164
2006 11 6 102 438
2006 11 7 109 420
2006 11 8 102 362
2006 11 9 23 0
2006 11 10 102 405
2006 11 11 37 24
2006 11 12 34 22
2006 11 13 60 142
2006 11 14 51 134
2006 11 15 96 410
2006 11 16 91 354
2006 11 17 61 170
2006 11 18 48 139
2006 11 19 84 379
2006 11 20 83 319
2006 11 21 56 172
2006 11 22 46 104
2006 11 23 53 131
2006 11 24 62 239
2006 11 25 63 249
2006 11 26 83 380
2006 11 27 81 390
2006 11 28 71 328
2006 11 29 58 238
2006 11 30 77 380
2006 12 1 79 378
2006 12 2 77 374
2006 12 3 36 40
2006 12 4 61 250
2006 12 5 62 266
2006 12 6 15 0
2006 12 7 47 152
2006 12 8 59 196
2006 12 9 5 0
2006 12 10 43 131
2006 12 11 74 322
2006 12 12 34 38
2006 12 13 73 361
2006 12 14 72 362
2006 12 15 69 373
2006 12 16 66 328
2006 12 17 34 3
2006 12 18 33 0
2006 12 19 53 173
2006 12 20 72 373
2006 12 21 72 373
2006 12 22 72 373
2006 12 23 71 372
2006 12 24 72 373
2006 12 25 71 373
2006 12 26 72 373
2006 12 27 71 374
2006 12 28 69 374
2006 12 29 70 362
2006 12 30 61 206
2006 12 31 69 340
2007 1 1 17 0
2007 1 2 30 5
2007 1 3 39 104
2007 1 4 36 15
2007 1 5 74 249
2007 1 6 70 295
2007 1 7 69 218
2007 1 8 58 103
2007 1 9 23 14
2007 1 10 72 268
2007 1 11 70 273
2007 1 12 41 0
2007 1 13 82 390
2007 1 14 75 350
2007 1 15 83 392
2007 1 16 72 303
2007 1 17 81 322
2007 1 18 38 1
2007 1 19 11 0
2007 1 20 60 191
2007 1 21 48 8
2007 1 22 29 0
2007 1 23 60 54
2007 1 24 47 0
2007 1 25 79 139
2007 1 26 72 172
2007 1 27 33 0
2007 1 28 108 422
2007 1 29 106 424
2007 1 30 108 428
2007 1 31 111 432
2007 2 1 81 215
2007 2 2 111 436
2007 2 3 110 340
2007 2 4 119 442
2007 2 5 107 324
2007 2 6 52 0
2007 2 7 77 31
2007 2 8 74 98
2007 2 9 128 458
2007 2 10 113 321
2007 2 11 68 62
2007 2 12 43 12
2007 2 13 57 40
2007 2 14 75 12
2007 2 15 136 366
2007 2 16 143 475
2007 2 17 128 445
2007 2 18 145 479
2007 2 19 116 287
2007 2 20 153 486
2007 2 21 140 373
2007 2 22 131 330
2007 2 23 77 7
2007 2 24 94 133
2007 2 25 55 0
2007 2 26 70 1
2007 2 27 139 238
2007 2 28 127 189
2007 3 1 117 161
2007 3 2 111 170
2007 3 3 55 9
2007 3 4 189 541
2007 3 5 122 316
2007 3 6 157 373
2007 3 7 112 66
2007 3 8 107 62
2007 3 9 198 551
2007 3 10 119 73
2007 3 11 203 574
2007 3 12 214 576
2007 3 13 211 578
2007 3 14 210 578
2007 3 15 213 580
2007 3 16 217 582
2007 3 17 178 331
2007 3 18 221 550
2007 3 19 127 56
2007 3 20 97 0
2007 3 21 156 157
2007 3 22 184 155
2007 3 23 147 94
2007 3 24 178 212
2007 3 25 172 310
2007 3 26 260 579
2007 3 27 177 246
2007 3 28 197 382
2007 3 29 196 352
2007 3 30 223 429
2007 3 31 171 176
2007 4 1 189 189
2007 4 2 195 348
2007 4 3 154 182
2007 4 4 240 421
2007 4 5 271 625
2007 4 6 271 627
2007 4 7 274 621
2007 4 8 215 347
2007 4 9 275 624
2007 4 10 282 631
2007 4 11 282 632
2007 4 12 266 569
2007 4 13 264 569
2007 4 14 285 633
2007 4 15 290 634
2007 4 16 287 624
2007 4 17 287 563
2007 4 18 153 116
2007 4 19 289 633
2007 4 20 293 634
2007 4 21 297 631
2007 4 22 300 634
2007 4 23 259 497
2007 4 24 185 219
2007 4 25 283 553
2007 4 26 241 418
2007 4 27 181 213
2007 4 28 254 441
2007 4 29 307 609
2007 4 30 150 214
2007 5 1 197 263
2007 5 2 183 240
2007 5 3 182 230
2007 5 4 117 7
2007 5 5 85 0
2007 5 6 60 0
2007 5 7 166 54
2007 5 8 225 252
2007 5 9 228 355
2007 5 10 320 602
2007 5 11 195 201
2007 5 12 281 480
2007 5 13 193 250
2007 5 14 123 89
2007 5 15 124 30
2007 5 16 281 450
2007 5 17 79 0
2007 5 18 297 465
2007 5 19 345 671
2007 5 20 330 601
2007 5 21 291 504
2007 5 22 218 222
2007 5 23 294 498
2007 5 24 275 462
2007 5 25 214 311
2007 5 26 208 360
2007 5 27 204 159
2007 5 28 73 1
2007 5 29 101 0
2007 5 30 340 475
2007 5 31 232 254
2007 6 1 65 0
2007 6 2 154 20
2007 6 3 263 344
2007 6 4 240 325
2007 6 5 274 424
2007 6 6 237 352
2007 6 7 275 467
2007 6 8 253 282
2007 6 9 261 463
2007 6 10 278 432
2007 6 11 171 160
2007 6 12 220 234
2007 6 13 170 156
2007 6 14 299 526
2007 6 15 91 39
2007 6 16 309 517
2007 6 17 315 494
2007 6 18 225 255
2007 6 19 319 598
2007 6 20 316 589
2007 6 21 87 73
2007 6 22 77 32
2007 6 23 252 273
2007 6 24 334 633
2007 6 25 181 195
2007 6 26 260 410
2007 6 27 192 251
2007 6 28 296 380
2007 6 29 276 459
2007 6 30 225 257
2007 7 1 269 463
2007 7 2 39 10
2007 7 3 203 287
2007 7 4 206 177
2007 7 5 124 19
2007 7 6 105 12
2007 7 7 323 544
2007 7 8 223 288
2007 7 9 48 3
2007 7 10 200 132
2007 7 11 170 90
2007 7 12 232 236
2007 7 13 344 675
2007 7 14 343 687
2007 7 15 347 687
2007 7 16 350 687
2007 7 17 335 686
2007 7 18 328 683
2007 7 19 347 660
2007 7 20 262 463
2007 7 21 258 463
2007 7 22 225 307
2007 7 23 242 378
2007 7 24 140 137
2007 7 25 327 612
2007 7 26 327 654
2007 7 27 298 562
2007 7 28 268 396
2007 7 29 282 431
2007 7 30 163 149
2007 7 31 325 641
2007 8 1 326 651
2007 8 2 165 271
2007 8 3 75 4
2007 8 4 315 648
2007 8 5 317 648
2007 8 6 310 629
2007 8 7 155 76
2007 8 8 149 99
2007 8 9 150 90
2007 8 10 172 68
2007 8 11 120 5
2007 8 12 297 550
2007 8 13 228 333
2007 8 14 172 238
2007 8 15 290 567
2007 8 16 116 139
2007 8 17 67 0
2007 8 18 276 511
2007 8 19 156 176
2007 8 20 93 17
2007 8 21 110 35
2007 8 22 191 284
2007 8 23 234 450
2007 8 24 243 576
2007 8 25 280 626
2007 8 26 224 464
2007 8 27 101 105
2007 8 28 75 55
2007 8 29 72 13
2007 8 30 69 1
2007 8 31 246 386
2007 9 1 152 142
2007 9 2 264 625
2007 9 3 209 350
2007 9 4 91 51
2007 9 5 100 20
2007 9 6 178 172
2007 9 7 230 377
2007 9 8 208 328
2007 9 9 170 215
2007 9 10 231 471
2007 9 11 127 104
2007 9 12 249 615
2007 9 13 245 614
2007 9 14 188 390
2007 9 15 175 362
2007 9 16 233 562
2007 9 17 136 194
2007 9 18 30 0
2007 9 19 236 485
2007 9 20 217 580
2007 9 21 221 598
2007 9 22 213 576
2007 9 23 210 543
2007 9 24 212 591
2007 9 25 19 1
2007 9 26 61 0
2007 9 27 112 74
2007 9 28 106 83
2007 9 29 169 333
2007 9 30 115 197
2007 10 1 182 572
2007 10 2 180 499
2007 10 3 180 546
2007 10 4 42 9
2007 10 5 172 565
2007 10 6 117 192
2007 10 7 186 562
2007 10 8 185 557
2007 10 9 155 453
2007 10 10 88 44
2007 10 11 170 549
2007 10 12 140 420
2007 10 13 168 545
2007 10 14 166 540
2007 10 15 164 530
2007 10 16 163 521
2007 10 17 142 518
2007 10 18 56 39
2007 10 19 65 42
2007 10 20 128 276
2007 10 21 116 216
2007 10 22 154 458
2007 10 23 99 203
2007 10 24 106 164
2007 10 25 134 441
2007 10 26 75 98
2007 10 27 111 342
2007 10 28 101 218
2007 10 29 109 367
2007 10 30 17 0
2007 10 31 62 16
2007 11 1 125 461
2007 11 2 121 443
2007 11 3 120 455
2007 11 4 96 280
2007 11 5 120 450
2007 11 6 50 89
2007 11 7 37 0
2007 11 8 59 91
2007 11 9 22 0
2007 11 10 13 0
2007 11 11 42 0
2007 11 12 49 9
2007 11 13 95 244
2007 11 14 38 0
2007 11 15 86 211
2007 11 16 103 417
2007 11 17 104 413
2007 11 18 96 411
2007 11 19 66 31
2007 11 20 69 109
2007 11 21 27 2
2007 11 22 52 67
2007 11 23 33 0
2007 11 24 34 0
2007 11 25 48 45
2007 11 26 49 50
2007 11 27 84 354
2007 11 28 83 392
2007 11 29 77 384
2007 11 30 54 65
2007 12 1 71 263
2007 12 2 67 199
2007 12 3 21 0
2007 12 4 22 0
2007 12 5 63 283
2007 12 6 62 204
2007 12 7 32 37
2007 12 8 32 46
2007 12 9 36 2
2007 12 10 50 91
2007 12 11 33 0
2007 12 12 44 38
2007 12 13 74 375
2007 12 14 62 240
2007 12 15 75 374
2007 12 16 74 374
2007 12 17 73 374
2007 12 18 75 373
2007 12 19 72 372
2007 12 20 73 373
2007 12 21 71 372
2007 12 22 67 278
2007 12 23 58 290
2007 12 24 69 354
2007 12 25 73 373
2007 12 26 52 63
2007 12 27 71 374
2007 12 28 73 373
2007 12 29 75 374
2007 12 30 37 3
2007 12 31 37 3
2008 1 1 65 173
2008 1 2 72 319
2008 1 3 46 68
2008 1 4 47 104
2008 1 5 42 30
2008 1 6 23 4
2008 1 7 30 5
2008 1 8 83 383
2008 1 9 49 60
2008 1 10 81 385
2008 1 11 53 60
2008 1 12 15 0
2008 1 13 72 274
2008 1 14 57 35
2008 1 15 69 248
2008 1 16 44 49
2008 1 17 70 274
2008 1 18 83 253
2008 1 19 76 347
2008 1 20 83 336
2008 1 21 90 386
2008 1 22 18 0
2008 1 23 97 407
2008 1 24 95 408
2008 1 25 98 406
2008 1 26 83 357
2008 1 27 87 110
2008 1 28 88 275
2008 1 29 103 423
2008 1 30 65 113
2008 1 31 99 333
2008 2 1 82 198
2008 2 2 62 74
2008 2 3 116 438
2008 2 4 69 43
2008 2 5 118 401
2008 2 6 62 56
2008 2 7 117 354
2008 2 8 127 454
2008 2 9 128 457
2008 2 10 131 460
2008 2 11 136 462
2008 2 12 138 463
2008 2 13 139 465
2008 2 14 142 468
2008 2 15 143 472
2008 2 16 148 474
2008 2 17 150 476
2008 2 18 153 479
2008 2 19 152 480
2008 2 20 144 448
2008 2 21 104 146
2008 2 22 117 171
2008 2 23 142 407
2008 2 24 163 511
2008 2 25 151 484
2008 2 26 170 521
2008 2 27 135 243
2008 2 28 165 415
2008 2 29 102 78
2008 3 1 39 2
2008 3 2 112 81
2008 3 3 146 248
2008 3 4 97 88
2008 3 5 124 155
2008 3 6 190 502
2008 3 7 130 68
2008 3 8 108 70
2008 3 9 123 105
2008 3 10 152 220
2008 3 11 159 227
2008 3 12 66 0
2008 3 13 183 274
2008 3 14 148 198
2008 3 15 204 544
2008 3 16 108 126
2008 3 17 99 0
2008 3 18 130 77
2008 3 19 236 572
2008 3 20 159 187
2008 3 21 65 0
2008 3 22 230 506
2008 3 23 140 51
2008 3 24 228 332
2008 3 25 112 12
2008 3 26 176 95
2008 3 27 173 27
2008 3 28 258 602
2008 3 29 236 447
2008 3 30 255 615
2008 3 31 232 521
2008 4 1 145 107
2008 4 2 64 0
2008 4 3 145 65
2008 4 4 252 168
2008 4 5 126 0
2008 4 6 140 130
2008 4 7 245 337
2008 4 8 169 69
2008 4 9 148 179
2008 4 10 189 110
2008 4 11 130 47
2008 4 12 164 0
2008 4 13 274 501
2008 4 14 138 137
2008 4 15 127 0
2008 4 16 197 49
2008 4 17 253 313
2008 4 18 191 156
2008 4 19 214 283
2008 4 20 236 311
2008 4 21 118 0
2008 4 22 128 18
2008 4 23 140 0
2008 4 24 164 96
2008 4 25 122 17
2008 4 26 313 640
2008 4 27 312 641
2008 4 28 264 429
2008 4 29 216 164
2008 4 30 222 219
2008 5 1 272 376
2008 5 2 279 448
2008 5 3 319 622
2008 5 4 217 216
2008 5 5 281 478
2008 5 6 337 644
2008 5 7 346 645
2008 5 8 331 642
2008 5 9 322 602
2008 5 10 339 634
2008 5 11 267 436
2008 5 12 341 575
2008 5 13 337 568
2008 5 14 287 485
2008 5 15 256 363
2008 5 16 221 186
2008 5 17 128 3
2008 5 18 73 0
2008 5 19 259 248
2008 5 20 132 2
2008 5 21 188 35
2008 5 22 119 2
2008 5 23 341 606
2008 5 24 231 232
2008 5 25 207 202
2008 5 26 103 8
2008 5 27 323 628
2008 5 28 295 604
2008 5 29 205 173
2008 5 30 190 187
2008 5 31 189 91
2008 6 1 301 499
2008 6 2 241 360
2008 6 3 222 203
2008 6 4 142 13
2008 6 5 123 7
2008 6 6 193 105
2008 6 7 99 0
2008 6 8 300 331
2008 6 9 206 162
2008 6 10 248 405
2008 6 11 106 2
2008 6 12 295 355
2008 6 13 225 178
2008 6 14 173 70
2008 6 15 154 5
2008 6 16 178 80
2008 6 17 98 0
2008 6 18 208 211
2008 6 19 344 634
2008 6 20 346 644
2008 6 21 358 638
2008 6 22 346 632
2008 6 23 276 472
2008 6 24 269 456
2008 6 25 326 695
2008 6 26 295 529
2008 6 27 312 487
2008 6 28 328 609
2008 6 29 279 483
2008 6 30 251 388
2008 7 1 278 473
2008 7 2 245 432
2008 7 3 171 219
2008 7 4 255 280
2008 7 5 204 230
2008 7 6 96 137
2008 7 7 62 3
2008 7 8 266 358
2008 7 9 362 690
2008 7 10 343 665
2008 7 11 297 530
2008 7 12 127 106
2008 7 13 34 0
2008 7 14 60 0
2008 7 15 344 678
2008 7 16 346 687
2008 7 17 93 25
2008 7 18 141 22
2008 7 19 302 512
2008 7 20 234 386
2008 7 21 293 469
2008 7 22 146 70
2008 7 23 302 445
2008 7 24 326 657
2008 7 25 331 661
2008 7 26 273 559
2008 7 27 209 239
2008 7 28 191 264
2008 7 29 247 413
2008 7 30 214 334
2008 7 31 260 467
2008 8 1 213 300
2008 8 2 322 637
2008 8 3 325 590
2008 8 4 120 89
2008 8 5 147 51
2008 8 6 242 425
2008 8 7 276 533
2008 8 8 193 256
2008 8 9 168 157
2008 8 10 299 645
2008 8 11 279 502
2008 8 12 134 92
2008 8 13 276 445
2008 8 14 195 308
2008 8 15 82 54
2008 8 16 277 493
2008 8 17 176 195
2008 8 18 294 638
2008 8 19 290 628
2008 8 20 224 250
2008 8 21 284 633
2008 8 22 191 350
2008 8 23 139 93
2008 8 24 288 634
2008 8 25 273 544
2008 8 26 254 598
2008 8 27 270 574
2008 8 28 271 630
2008 8 29 257 633
2008 8 30 271 633
2008 8 31 196 392
2008 9 1 165 223
2008 9 2 262 611
2008 9 3 151 216
2008 9 4 102 60
2008 9 5 147 214
2008 9 6 135 220
2008 9 7 62 24
2008 9 8 259 581
2008 9 9 250 617
2008 9 10 115 160
2008 9 11 193 439
2008 9 12 56 5
2008 9 13 31 0
2008 9 14 45 0
2008 9 15 74 0
2008 9 16 184 278
2008 9 17 227 584
2008 9 18 196 447
2008 9 19 120 130
2008 9 20 225 590
2008 9 21 169 338
2008 9 22 224 524
2008 9 23 133 169
2008 9 24 203 473
2008 9 25 91 36
2008 9 26 181 401
2008 9 27 206 581
2008 9 28 203 580
2008 9 29 190 479
2008 9 30 131 202
2008 10 1 124 213
2008 10 2 139 201
2008 10 3 27 0
2008 10 4 79 13
2008 10 5 190 559
2008 10 6 155 367
2008 10 7 170 440
2008 10 8 148 325
2008 10 9 170 531
2008 10 10 171 551
2008 10 11 166 546
2008 10 12 164 513
2008 10 13 127 341
2008 10 14 114 206
2008 10 15 108 232
2008 10 16 46 36
2008 10 17 145 362
2008 10 18 127 353
2008 10 19 151 499
2008 10 20 149 494
2008 10 21 143 404
2008 10 22 138 376
2008 10 23 125 352
2008 10 24 127 389
2008 10 25 135 475
2008 10 26 135 473
2008 10 27 53 29
2008 10 28 19 0
2008 10 29 22 0
2008 10 30 61 52
2008 10 31 63 0
2008 11 1 111 358
2008 11 2 96 221
2008 11 3 78 182
2008 11 4 58 0
2008 11 5 45 95
2008 11 6 95 324
2008 11 7 58 67
2008 11 8 97 267
2008 11 9 100 335
2008 11 10 101 429
2008 11 11 89 287
2008 11 12 24 0
2008 11 13 39 0
2008 11 14 102 329
2008 11 15 101 417
2008 11 16 98 403
2008 11 17 79 226
2008 11 18 38 0
2008 11 19 63 73
2008 11 20 71 237
2008 11 21 6 0
2008 11 22 15 0
2008 11 23 97 334
2008 11 24 76 251
2008 11 25 51 1
2008 11 26 88 392
2008 11 27 87 392
2008 11 28 33 0
2008 11 29 67 201
2008 11 30 50 44
2008 12 1 21 0
2008 12 2 56 113
2008 12 3 75 302
2008 12 4 60 157
2008 12 5 47 96
2008 12 6 55 106
2008 12 7 37 0
2008 12 8 77 378
2008 12 9 68 280
2008 12 10 30 0
2008 12 11 39 0
2008 12 12 33 0
2008 12 13 50 88
2008 12 14 56 185
2008 12 15 56 111
2008 12 16 50 57
2008 12 17 34 0
2008 12 18 29 0
2008 12 19 24 0
2008 12 20 19 0
2008 12 21 30 0
2008 12 22 43 41
2008 12 23 46 48
2008 12 24 74 373
2008 12 25 73 362
2008 12 26 76 373
2008 12 27 77 374
2008 12 28 75 365
2008 12 29 68 327
2008 12 30 74 375
2008 12 31 60 221
2009 1 1 79 362
2009 1 2 76 370
2009 1 3 81 378
2009 1 4 49 32
2009 1 5 59 200
2009 1 6 61 232
2009 1 7 71 295
2009 1 8 82 384
2009 1 9 82 385
2009 1 10 85 387
2009 1 11 86 387
2009 1 12 83 388
2009 1 13 88 390
2009 1 14 33 0
2009 1 15 83 380
2009 1 16 91 392
2009 1 17 86 309
2009 1 18 41 0
2009 1 19 60 46
2009 1 20 30 32
2009 1 21 36 0
2009 1 22 100 405
2009 1 23 23 0
2009 1 24 82 130
2009 1 25 105 409
2009 1 26 94 357
2009 1 27 56 28
2009 1 28 60 1
2009 1 29 107 426
2009 1 30 112 430
2009 1 31 117 432
2009 2 1 101 295
2009 2 2 60 5
2009 2 3 106 359
2009 2 4 111 334
2009 2 5 114 321
2009 2 6 42 12
2009 2 7 86 207
2009 2 8 73 38
2009 2 9 124 292
2009 2 10 77 87
2009 2 11 71 33
2009 2 12 76 16
2009 2 13 89 63
2009 2 14 106 201
2009 2 15 149 472
2009 2 16 114 234
2009 2 17 21 0
2009 2 18 145 455
2009 2 19 158 484
2009 2 20 66 0
2009 2 21 125 216
2009 2 22 84 1
2009 2 23 66 0
2009 2 24 159 238
2009 2 25 176 519
2009 2 26 105 46
2009 2 27 67 0
2009 2 28 179 544
2009 3 1 132 139
2009 3 2 108 15
2009 3 3 147 223
2009 3 4 160 334
2009 3 5 85 0
2009 3 6 89 5
2009 3 7 98 0
2009 3 8 200 529
2009 3 9 125 119
2009 3 10 123 148
2009 3 11 138 164
2009 3 12 107 0
2009 3 13 135 146
2009 3 14 208 575
2009 3 15 94 6
2009 3 16 228 584
2009 3 17 189 356
2009 3 18 219 566
2009 3 19 165 187
2009 3 20 198 341
2009 3 21 242 595
2009 3 22 183 185
2009 3 23 209 426
2009 3 24 147 19
2009 3 25 137 98
2009 3 26 178 117
2009 3 27 229 421
2009 3 28 178 166
2009 3 29 85 0
2009 3 30 237 345
2009 3 31 245 564
2009 4 1 245 545
2009 4 2 218 282
2009 4 3 244 541
2009 4 4 250 549
2009 4 5 197 323
2009 4 6 264 572
2009 4 7 247 499
2009 4 8 235 475
2009 4 9 277 631
2009 4 10 244 474
2009 4 11 252 487
2009 4 12 275 537
2009 4 13 287 608
2009 4 14 269 546
2009 4 15 264 498
2009 4 16 142 94
2009 4 17 246 352
2009 4 18 203 196
2009 4 19 184 183
2009 4 20 257 369
2009 4 21 208 268
2009 4 22 234 354
2009 4 23 244 295
2009 4 24 266 469
2009 4 25 309 632
2009 4 26 155 115
2009 4 27 113 9
2009 4 28 91 0
2009 4 29 204 11
2009 4 30 233 146
2009 5 1 325 633
2009 5 2 238 285
2009 5 3 333 631
2009 5 4 161 75
2009 5 5 169 136
2009 5 6 264 391
2009 5 7 339 647
2009 5 8 253 402
2009 5 9 296 560
2009 5 10 262 378
2009 5 11 254 381
2009 5 12 196 207
2009 5 13 188 176
2009 5 14 192 108
2009 5 15 122 14
2009 5 16 284 408
2009 5 17 306 480
2009 5 18 245 336
2009 5 19 247 363
2009 5 20 333 631
2009 5 21 241 449
2009 5 22 212 303
2009 5 23 332 629
2009 5 24 258 312
2009 5 25 312 602
2009 5 26 211 304
2009 5 27 337 445
2009 5 28 99 0
2009 5 29 241 326
2009 5 30 359 677
2009 5 31 155 163
2009 6 1 273 419
2009 6 2 220 265
2009 6 3 222 222
2009 6 4 221 201
2009 6 5 243 262
2009 6 6 45 20
2009 6 7 260 324
2009 6 8 165 133
2009 6 9 113 23
2009 6 10 259 316
2009 6 11 263 313
2009 6 12 302 423
2009 6 13 352 592
2009 6 14 336 587
2009 6 15 208 272
2009 6 16 164 53
2009 6 17 264 341
2009 6 18 346 660
2009 6 19 121 55
2009 6 20 218 89
2009 6 21 107 19
2009 6 22 169 90
2009 6 23 159 10
2009 6 24 183 95
2009 6 25 322 487
2009 6 26 156 55
2009 6 27 107 14
2009 6 28 295 331
2009 6 29 265 341
2009 6 30 263 435
2009 7 1 264 424
2009 7 2 268 446
2009 7 3 232 345
2009 7 4 248 393
2009 7 5 193 180
2009 7 6 137 56
2009 7 7 81 32
2009 7 8 257 314
2009 7 9 242 306
2009 7 10 162 71
2009 7 11 189 147
2009 7 12 159 34
2009 7 13 264 432
2009 7 14 270 450
2009 7 15 170 137
2009 7 16 308 587
2009 7 17 68 18
2009 7 18 71 0
2009 7 19 301 430
2009 7 20 301 564
2009 7 21 251 381
2009 7 22 220 312
2009 7 23 299 565
2009 7 24 284 446
2009 7 25 200 207
2009 7 26 331 657
2009 7 27 316 575
2009 7 28 330 606
2009 7 29 326 651
2009 7 30 266 480
2009 7 31 158 91
2009 8 1 302 603
2009 8 2 161 209
2009 8 3 81 16
2009 8 4 122 10
2009 8 5 299 631
2009 8 6 315 646
2009 8 7 289 485
2009 8 8 110 43
2009 8 9 219 383
2009 8 10 113 67
2009 8 11 218 284
2009 8 12 294 548
2009 8 13 264 452
2009 8 14 271 460
2009 8 15 293 629
2009 8 16 286 589
2009 8 17 284 591
2009 8 18 292 614
2009 8 19 290 639
2009 8 20 258 530
2009 8 21 191 304
2009 8 22 134 177
2009 8 23 285 635
2009 8 24 279 600
2009 8 25 254 518
2009 8 26 114 151
2009 8 27 252 525
2009 8 28 230 448
2009 8 29 97 0
2009 8 30 273 633
2009 8 31 269 632
2009 9 1 266 630
2009 9 2 220 455
2009 9 3 173 222
2009 9 4 99 73
2009 9 5 264 623
2009 9 6 258 626
2009 9 7 245 623
2009 9 8 248 620
2009 9 9 230 607
2009 9 10 216 468
2009 9 11 205 391
2009 9 12 160 300
2009 9 13 124 124
2009 9 14 118 113
2009 9 15 148 230
2009 9 16 95 37
2009 9 17 102 43
2009 9 18 194 464
2009 9 19 112 172
2009 9 20 161 332
2009 9 21 196 414
2009 9 22 216 591
2009 9 23 212 590
2009 9 24 197 569
2009 9 25 121 171
2009 9 26 147 298
2009 9 27 147 284
2009 9 28 181 464
2009 9 29 200 577
2009 9 30 187 552
2009 10 1 200 496
2009 10 2 146 279
2009 10 3 191 572
2009 10 4 190 569
2009 10 5 119 282
2009 10 6 122 279
2009 10 7 177 552
2009 10 8 116 247
2009 10 9 63 36
2009 10 10 53 0
2009 10 11 138 246
2009 10 12 70 102
2009 10 13 82 20
2009 10 14 107 88
2009 10 15 147 321
2009 10 16 85 36
2009 10 17 68 0
2009 10 18 91 8
2009 10 19 162 502
2009 10 20 153 463
2009 10 21 110 214
2009 10 22 64 85
2009 10 23 61 0
2009 10 24 126 376
2009 10 25 76 54
2009 10 26 99 207
2009 10 27 135 456
2009 10 28 110 368
2009 10 29 129 424
2009 10 30 130 463
2009 10 31 96 228
2009 11 1 123 459
2009 11 2 18 0
2009 11 3 99 206
2009 11 4 53 43
2009 11 5 102 331
2009 11 6 40 0
2009 11 7 108 330
2009 11 8 57 1
2009 11 9 58 16
2009 11 10 51 8
2009 11 11 56 25
2009 11 12 84 188
2009 11 13 81 220
2009 11 14 59 56
2009 11 15 56 0
2009 11 16 38 0
2009 11 17 97 396
2009 11 18 78 257
2009 11 19 94 406
2009 11 20 73 283
2009 11 21 89 393
2009 11 22 65 192
2009 11 23 87 366
2009 11 24 37 20
2009 11 25 91 394
2009 11 26 47 104
2009 11 27 79 291
2009 11 28 81 390
2009 11 29 44 8
2009 11 30 6 0
2009 12 1 45 0
2009 12 2 83 344
2009 12 3 74 370
2009 12 4 30 0
2009 12 5 64 220
2009 12 6 41 0
2009 12 7 43 2
2009 12 8 40 43
2009 12 9 72 334
2009 12 10 40 7
2009 12 11 30 0
2009 12 12 53 70
2009 12 13 44 41
2009 12 14 74 375
2009 12 15 75 373
2009 12 16 69 326
2009 12 17 68 233
2009 12 18 48 12
2009 12 19 50 16
2009 12 20 76 349
2009 12 21 47 40
2009 12 22 40 21
2009 12 23 40 55
2009 12 24 43 38
2009 12 25 10 0
2009 12 26 58 188
2009 12 27 61 220
2009 12 28 42 62
2009 12 29 44 34
2009 12 30 31 29
2009 12 31 27 0
2010 1 1 57 72
2010 1 2 50 55
2010 1 3 80 377
2010 1 4 41 0
2010 1 5 69 324
2010 1 6 80 381
2010 1 7 64 203
2010 1 8 67 195
2010 1 9 49 0
2010 1 10 81 353
2010 1 11 53 32
2010 1 12 79 328
2010 1 13 45 5
2010 1 14 80 345
2010 1 15 80 392
2010 1 16 84 332
2010 1 17 52 56
2010 1 18 61 112
2010 1 19 93 399
2010 1 20 90 368
2010 1 21 38 0
2010 1 22 99 405
2010 1 23 103 407
2010 1 24 89 338
2010 1 25 86 276
2010 1 26 51 0
2010 1 27 99 383
2010 1 28 50 0
2010 1 29 87 193
2010 1 30 60 1
2010 1 31 99 276
2010 2 1 93 224
2010 2 2 109 337
2010 2 3 84 144
2010 2 4 99 273
2010 2 5 64 27
2010 2 6 68 2
2010 2 7 89 105
2010 2 8 133 456
2010 2 9 107 369
2010 2 10 89 85
2010 2 11 86 55
2010 2 12 127 398
2010 2 13 142 466
2010 2 14 138 469
2010 2 15 141 386
2010 2 16 127 318
2010 2 17 117 226
2010 2 18 137 315
2010 2 19 59 0
2010 2 20 88 28
2010 2 21 155 442
2010 2 22 124 185
2010 2 23 161 424
2010 2 24 138 334
2010 2 25 147 338
2010 2 26 78 49
2010 2 27 151 338
2010 2 28 73 38
2010 3 1 180 525
2010 3 2 122 177
2010 3 3 140 169
2010 3 4 100 29
2010 3 5 133 197
2010 3 6 71 72
2010 3 7 152 372
2010 3 8 209 567
2010 3 9 171 316
2010 3 10 170 377
2010 3 11 143 47
2010 3 12 211 540
2010 3 13 216 565
2010 3 14 219 579
2010 3 15 136 14
2010 3 16 104 2
2010 3 17 215 529
2010 3 18 190 335
2010 3 19 223 572
2010 3 20 163 264
2010 3 21 130 105
2010 3 22 206 426
2010 3 23 200 366
2010 3 24 220 484
2010 3 25 149 114
2010 3 26 148 189
2010 3 27 234 466
2010 3 28 159 27
2010 3 29 149 79
2010 3 30 204 379
2010 3 31 242 408
2010 4 1 60 0
2010 4 2 262 578
2010 4 3 181 225
2010 4 4 82 4
2010 4 5 154 50
2010 4 6 277 627
2010 4 7 284 629
2010 4 8 281 628
2010 4 9 254 542
2010 4 10 279 466
2010 4 11 271 447
2010 4 12 242 453
2010 4 13 251 529
2010 4 14 82 10
2010 4 15 224 386
2010 4 16 284 550
2010 4 17 283 550
2010 4 18 50 0
2010 4 19 192 281
2010 4 20 197 241
2010 4 21 219 288
2010 4 22 284 617
2010 4 23 175 301
2010 4 24 280 508
2010 4 25 182 164
2010 4 26 128 68
2010 4 27 142 107
2010 4 28 315 642
2010 4 29 314 642
2010 4 30 239 435
2010 5 1 149 118
2010 5 2 112 49
2010 5 3 235 154
2010 5 4 162 39
2010 5 5 152 104
2010 5 6 204 157
2010 5 7 196 87
2010 5 8 187 168
2010 5 9 210 228
2010 5 10 189 98
2010 5 11 164 77
2010 5 12 154 21
2010 5 13 120 31
2010 5 14 191 128
2010 5 15 143 1
2010 5 16 74 0
2010 5 17 109 18
2010 5 18 112 36
2010 5 19 210 158
2010 5 20 145 13
2010 5 21 294 326
2010 5 22 354 636
2010 5 23 282 435
2010 5 24 351 684
2010 5 25 352 670
2010 5 26 164 166
2010 5 27 135 17
2010 5 28 169 121
2010 5 29 161 93
2010 5 30 146 86
2010 5 31 133 53
2010 6 1 149 22
2010 6 2 73 0
2010 6 3 142 38
2010 6 4 360 688
2010 6 5 347 627
2010 6 6 258 401
2010 6 7 297 350
2010 6 8 229 297
2010 6 9 246 329
2010 6 10 187 139
2010 6 11 247 465
2010 6 12 205 214
2010 6 13 199 142
2010 6 14 242 195
2010 6 15 134 16
2010 6 16 113 4
2010 6 17 153 185
2010 6 18 87 0
2010 6 19 94 88
2010 6 20 151 6
2010 6 21 157 26
2010 6 22 91 0
2010 6 23 368 690
2010 6 24 351 665
2010 6 25 361 695
2010 6 26 347 629
2010 6 27 360 700
2010 6 28 350 687
2010 6 29 351 662
2010 6 30 311 524
2010 7 1 305 590
2010 7 2 331 687
2010 7 3 321 637
2010 7 4 277 427
2010 7 5 220 232
2010 7 6 137 118
2010 7 7 356 688
2010 7 8 351 692
2010 7 9 328 637
2010 7 10 286 521
2010 7 11 276 516
2010 7 12 346 662
2010 7 13 274 542
2010 7 14 273 538
2010 7 15 336 667
2010 7 16 309 568
2010 7 17 192 205
2010 7 18 303 438
2010 7 19 345 684
2010 7 20 342 684
2010 7 21 290 516
2010 7 22 261 462
2010 7 23 87 69
2010 7 24 89 0
2010 7 25 115 34
2010 7 26 86 0
2010 7 27 115 16
2010 7 28 132 117
2010 7 29 75 1
2010 7 30 241 255
2010 7 31 327 651
2010 8 1 324 649
2010 8 2 147 168
2010 8 3 110 24
2010 8 4 294 571
2010 8 5 39 0
2010 8 6 82 0
2010 8 7 310 595
2010 8 8 176 196
2010 8 9 314 644
2010 8 10 255 447
2010 8 11 138 97
2010 8 12 94 42
2010 8 13 108 5
2010 8 14 149 228
2010 8 15 122 114
2010 8 16 87 0
2010 8 17 170 135
2010 8 18 133 23
2010 8 19 285 598
2010 8 20 211 397
2010 8 21 289 638
2010 8 22 287 631
2010 8 23 134 205
2010 8 24 188 305
2010 8 25 265 540
2010 8 26 262 596
2010 8 27 97 115
2010 8 28 106 59
2010 8 29 272 527
2010 8 30 124 116
2010 8 31 122 27
2010 9 1 279 630
2010 9 2 234 615
2010 9 3 200 339
2010 9 4 114 105
2010 9 5 214 451
2010 9 6 190 336
2010 9 7 79 0
2010 9 8 65 41
2010 9 9 213 361
2010 9 10 149 83
2010 9 11 244 616
2010 9 12 224 543
2010 9 13 75 9
2010 9 14 188 396
2010 9 15 145 241
2010 9 16 213 425
2010 9 17 44 0
2010 9 18 69 5
2010 9 19 228 527
2010 9 20 226 600
2010 9 21 221 598
2010 9 22 216 593
2010 9 23 189 489
2010 9 24 132 236
2010 9 25 71 0
2010 9 26 102 23
2010 9 27 80 20
2010 9 28 77 0
2010 9 29 139 148
2010 9 30 77 2
2010 10 1 99 19
2010 10 2 166 338
2010 10 3 175 456
2010 10 4 103 181
2010 10 5 93 54
2010 10 6 180 565
2010 10 7 182 560
2010 10 8 176 557
2010 10 9 177 555
2010 10 10 169 528
2010 10 11 172 526
2010 10 12 174 546
2010 10 13 157 483
2010 10 14 142 311
2010 10 15 161 457
2010 10 16 48 0
2010 10 17 82 57
2010 10 18 39 0
2010 10 19 153 492
2010 10 20 66 30
2010 10 21 159 493
2010 10 22 109 232
2010 10 23 75 91
2010 10 24 26 0
2010 10 25 39 0
2010 10 26 138 375
2010 10 27 135 448
2010 10 28 103 169
2010 10 29 134 461
2010 10 30 119 335
2010 10 31 99 212
2010 11 1 90 185
2010 11 2 16 0
2010 11 3 92 251
2010 11 4 111 450
2010 11 5 116 448
2010 11 6 109 381
2010 11 7 40 0
2010 11 8 51 34
2010 11 9 101 335
2010 11 10 85 115
2010 11 11 112 398
2010 11 12 43 0
2010 11 13 94 358
2010 11 14 91 324
2010 11 15 83 209
2010 11 16 18 0
2010 11 17 100 405
2010 11 18 38 14
2010 11 19 66 53
2010 11 20 73 163
2010 11 21 60 125
2010 11 22 39 0
2010 11 23 56 11
2010 11 24 58 21
2010 11 25 75 233
2010 11 26 35 0
2010 11 27 78 282
2010 11 28 46 0
2010 11 29 46 58
2010 11 30 69 194
2010 12 1 29 18
2010 12 2 43 0
2010 12 3 80 357
2010 12 4 82 364
2010 12 5 39 0
2010 12 6 25 0
2010 12 7 63 251
2010 12 8 54 126
2010 12 9 42 53
2010 12 10 20 0
2010 12 11 30 2
2010 12 12 36 0
2010 12 13 42 126
2010 12 14 40 0
2010 12 15 51 22
2010 12 16 76 354
2010 12 17 28 0
2010 12 18 73 355
2010 12 19 77 250
2010 12 20 78 368
2010 12 21 62 126
2010 12 22 54 111
2010 12 23 35 9
2010 12 24 28 0
2010 12 25 34 0
2010 12 26 47 110
2010 12 27 67 222
2010 12 28 40 0
2010 12 29 71 343
2010 12 30 68 373
2010 12 31 77 375
2011 1 1 77 376
2011 1 2 41 2
2011 1 3 81 378
2011 1 4 65 270
2011 1 5 80 379
2011 1 6 64 166
2011 1 7 55 101
2011 1 8 55 153
2011 1 9 54 100
2011 1 10 35 0
2011 1 11 80 319
2011 1 12 65 49
2011 1 13 45 75
2011 1 14 70 354
2011 1 15 83 304
2011 1 16 88 393
2011 1 17 86 394
2011 1 18 82 321
2011 1 19 50 44
2011 1 20 74 140
2011 1 21 77 156
2011 1 22 98 405
2011 1 23 97 407
2011 1 24 61 34
2011 1 25 57 30
2011 1 26 59 6
2011 1 27 106 419
2011 1 28 102 416
2011 1 29 82 236
2011 1 30 110 411
2011 1 31 114 432
2011 2 1 118 434
2011 2 2 118 436
2011 2 3 90 261
2011 2 4 117 385
2011 2 5 115 429
2011 2 6 124 437
2011 2 7 129 452
2011 2 8 132 455
2011 2 9 132 458
2011 2 10 136 461
2011 2 11 90 134
2011 2 12 129 449
2011 2 13 75 73
2011 2 14 135 420
2011 2 15 107 227
2011 2 16 111 161
2011 2 17 109 223
2011 2 18 102 116
2011 2 19 149 437
2011 2 20 59 0
2011 2 21 70 5
2011 2 22 91 79
2011 2 23 170 505
2011 2 24 109 215
2011 2 25 133 161
2011 2 26 162 412
2011 2 27 83 22
2011 2 28 181 411
2011 3 1 180 484
2011 3 2 188 546
2011 3 3 142 249
2011 3 4 162 438
2011 3 5 193 556
2011 3 6 200 559
2011 3 7 208 563
2011 3 8 202 567
2011 3 9 203 569
2011 3 10 198 509
2011 3 11 209 574
2011 3 12 160 311
2011 3 13 121 57
2011 3 14 200 478
2011 3 15 153 248
2011 3 16 96 21
2011 3 17 53 0
2011 3 18 106 17
2011 3 19 98 10
2011 3 20 237 591
2011 3 21 237 593
2011 3 22 228 596
2011 3 23 236 599
2011 3 24 239 601
2011 3 25 238 591
2011 3 26 137 154
2011 3 27 140 121
2011 3 28 145 175
2011 3 29 228 512
2011 3 30 204 416
2011 3 31 217 428
2011 4 1 243 504
2011 4 2 260 617
2011 4 3 251 556
2011 4 4 77 16
2011 4 5 267 593
2011 4 6 185 256
2011 4 7 269 628
2011 4 8 236 476
2011 4 9 275 631
2011 4 10 272 616
2011 4 11 271 632
2011 4 12 77 4
2011 4 13 209 295
2011 4 14 238 362
2011 4 15 303 631
2011 4 16 294 621
2011 4 17 297 634
2011 4 18 285 589
2011 4 19 247 434
2011 4 20 296 636
2011 4 21 298 637
2011 4 22 299 639
2011 4 23 161 231
2011 4 24 221 358
2011 4 25 298 569
2011 4 26 293 511
2011 4 27 196 197
2011 4 28 208 305
2011 4 29 171 286
2011 4 30 204 299
2011 5 1 235 318
2011 5 2 198 250
2011 5 3 105 107
2011 5 4 306 483
2011 5 5 333 645
2011 5 6 333 645
2011 5 7 312 645
2011 5 8 280 537
2011 5 9 330 645
2011 5 10 286 591
2011 5 11 245 391
2011 5 12 116 57
2011 5 13 338 622
2011 5 14 221 303
2011 5 15 129 36
2011 5 16 94 4
2011 5 17 159 3
2011 5 18 186 201
2011 5 19 326 601
2011 5 20 327 572
2011 5 21 280 450
2011 5 22 199 200
2011 5 23 337 580
2011 5 24 349 661
2011 5 25 325 613
2011 5 26 217 329
2011 5 27 45 15
2011 5 28 292 329
2011 5 29 347 691
2011 5 30 279 503
2011 5 31 197 300
2011 6 1 111 2
2011 6 2 271 363
2011 6 3 235 341
2011 6 4 173 127
2011 6 5 173 192
2011 6 6 213 234
2011 6 7 173 247
2011 6 8 115 65
2011 6 9 95 0
2011 6 10 221 166
2011 6 11 104 0
2011 6 12 293 358
2011 6 13 141 36
2011 6 14 224 232
2011 6 15 279 419
2011 6 16 156 160
2011 6 17 191 187
2011 6 18 34 0
2011 6 19 217 212
2011 6 20 221 155
2011 6 21 302 545
2011 6 22 230 345
2011 6 23 92 42
2011 6 24 279 287
2011 6 25 165 36
2011 6 26 351 633
2011 6 27 357 701
2011 6 28 282 464
2011 6 29 289 491
2011 6 30 178 152
2011 7 1 151 83
2011 7 2 253 378
2011 7 3 301 431
2011 7 4 360 687
2011 7 5 268 413
2011 7 6 303 520
2011 7 7 101 69
2011 7 8 228 308
2011 7 9 291 513
2011 7 10 242 351
2011 7 11 325 584
2011 7 12 320 624
2011 7 13 57 4
2011 7 14 88 3
2011 7 15 126 4
2011 7 16 312 537
2011 7 17 59 62
2011 7 18 127 53
2011 7 19 143 149
2011 7 20 79 0
2011 7 21 192 201
2011 7 22 201 172
2011 7 23 172 81
2011 7 24 127 29
2011 7 25 164 87
2011 7 26 217 198
2011 7 27 177 151
2011 7 28 164 77
2011 7 29 200 183
2011 7 30 117 41
2011 7 31 288 490
2011 8 1 316 622
2011 8 2 311 628
2011 8 3 159 272
2011 8 4 223 288
2011 8 5 158 104
2011 8 6 256 450
2011 8 7 40 11
2011 8 8 182 192
2011 8 9 152 86
2011 8 10 279 475
2011 8 11 303 617
2011 8 12 281 551
2011 8 13 290 574
2011 8 14 203 343
2011 8 15 113 30
2011 8 16 296 625
2011 8 17 287 614
2011 8 18 264 549
2011 8 19 245 465
2011 8 20 273 580
2011 8 21 280 638
2011 8 22 258 528
2011 8 23 273 616
2011 8 24 240 540
2011 8 25 269 601
2011 8 26 198 385
2011 8 27 95 130
2011 8 28 284 633
2011 8 29 267 587
2011 8 30 244 433
2011 8 31 222 435
2011 9 1 86 67
2011 9 2 204 371
2011 9 3 222 562
2011 9 4 84 50
2011 9 5 67 0
2011 9 6 263 626
2011 9 7 153 217
2011 9 8 84 39
2011 9 9 184 321
2011 9 10 247 618
2011 9 11 235 575
2011 9 12 217 468
2011 9 13 244 614
2011 9 14 170 276
2011 9 15 224 486
2011 9 16 233 608
2011 9 17 169 372
2011 9 18 22 0
2011 9 19 80 0
2011 9 20 141 119
2011 9 21 233 598
2011 9 22 217 538
2011 9 23 219 584
2011 9 24 209 542
2011 9 25 171 482
2011 9 26 207 586
2011 9 27 188 514
2011 9 28 205 581
2011 9 29 198 578
2011 9 30 197 577
2011 10 1 194 576
2011 10 2 192 575
2011 10 3 197 573
2011 10 4 195 571
2011 10 5 191 568
2011 10 6 181 542
2011 10 7 101 123
2011 10 8 33 0
2011 10 9 159 344
2011 10 10 65 27
2011 10 11 157 404
2011 10 12 175 546
2011 10 13 88 86
2011 10 14 175 538
2011 10 15 171 530
2011 10 16 164 521
2011 10 17 163 517
2011 10 18 160 511
2011 10 19 72 23
2011 10 20 101 55
2011 10 21 157 493
2011 10 22 154 488
2011 10 23 150 480
2011 10 24 139 422
2011 10 25 78 102
2011 10 26 91 163
2011 10 27 112 354
2011 10 28 127 448
2011 10 29 126 464
2011 10 30 128 463
2011 10 31 126 462
2011 11 1 112 391
2011 11 2 120 437
2011 11 3 80 196
2011 11 4 77 107
2011 11 5 68 32
2011 11 6 55 52
2011 11 7 54 19
2011 11 8 104 275
2011 11 9 78 288
2011 11 10 105 425
2011 11 11 107 431
2011 11 12 105 428
2011 11 13 108 425
2011 11 14 105 422
2011 11 15 103 419
2011 11 16 100 416
2011 11 17 98 413
2011 11 18 98 411
2011 11 19 85 347
2011 11 20 70 217
2011 11 21 90 403
2011 11 22 88 399
2011 11 23 87 398
2011 11 24 88 397
2011 11 25 87 395
2011 11 26 74 294
2011 11 27 85 392
2011 11 28 70 323
2011 11 29 61 132
2011 11 30 72 368
2011 12 1 79 345
2011 12 2 73 299
2011 12 3 28 3
2011 12 4 63 248
2011 12 5 50 73
2011 12 6 27 0
2011 12 7 12 0
2011 12 8 89 360
2011 12 9 64 348
2011 12 10 74 259
2011 12 11 74 369
2011 12 12 26 0
2011 12 13 51 96
2011 12 14 48 45
2011 12 15 33 21
2011 12 16 15 0
2011 12 17 17 0
2011 12 18 56 155
2011 12 19 48 66
2011 12 20 18 0
2011 12 21 28 0
2011 12 22 10 0
2011 12 23 69 305
2011 12 24 24 0
2011 12 25 49 68
2011 12 26 71 361
2011 12 27 74 374
2011 12 28 73 355
2011 12 29 36 55
2011 12 30 14 0
2011 12 31 14 0
2012 1 1 49 112
2012 1 2 31 0
2012 1 3 80 359
2012 1 4 31 7
2012 1 5 12 0
2012 1 6 12 0
2012 1 7 32 0
2012 1 8 13 0
2012 1 9 63 65
2012 1 10 43 44
2012 1 11 82 386
2012 1 12 87 388
2012 1 13 43 6
2012 1 14 91 390
2012 1 15 91 392
2012 1 16 91 393
2012 1 17 90 394
2012 1 18 91 395
2012 1 19 41 0
2012 1 20 16 0
2012 1 21 38 63
2012 1 22 49 50
2012 1 23 52 9
2012 1 24 60 94
2012 1 25 52 0
2012 1 26 78 141
2012 1 27 82 194
2012 1 28 61 12
2012 1 29 100 370
2012 1 30 106 375
2012 1 31 49 0
2012 2 1 75 62
2012 2 2 75 51
2012 2 3 88 312
2012 2 4 104 397
2012 2 5 127 444
2012 2 6 132 449
2012 2 7 114 362
2012 2 8 121 454
2012 2 9 90 162
2012 2 10 103 386
2012 2 11 130 458
2012 2 12 130 442
2012 2 13 88 79
2012 2 14 79 17
2012 2 15 25 0
2012 2 16 74 11
2012 2 17 132 262
2012 2 18 153 478
2012 2 19 75 7
2012 2 20 125 244
2012 2 21 162 493
2012 2 22 165 497
2012 2 23 89 11
2012 2 24 164 483
2012 2 25 96 54
2012 2 26 87 42
2012 2 27 176 528
2012 2 28 154 321
2012 2 29 174 531
2012 3 1 182 546
2012 3 2 184 550
2012 3 3 185 553
2012 3 4 158 342
2012 3 5 73 0
2012 3 6 148 221
2012 3 7 195 548
2012 3 8 111 12
2012 3 9 186 423
2012 3 10 194 539
2012 3 11 78 57
2012 3 12 174 301
2012 3 13 218 578
2012 3 14 221 580
2012 3 15 226 581
2012 3 16 229 585
2012 3 17 183 357
2012 3 18 113 123
2012 3 19 89 0
2012 3 20 240 593
2012 3 21 198 374
2012 3 22 239 598
2012 3 23 239 600
2012 3 24 223 481
2012 3 25 211 446
2012 3 26 249 608
2012 3 27 250 611
2012 3 28 255 611
2012 3 29 189 307
2012 3 30 117 14
2012 3 31 260 615
2012 4 1 245 451
2012 4 2 266 618
2012 4 3 155 136
2012 4 4 145 96
2012 4 5 116 37
2012 4 6 154 42
2012 4 7 99 9
2012 4 8 165 15
2012 4 9 234 299
2012 4 10 256 463
2012 4 11 55 0
2012 4 12 280 437
2012 4 13 145 0
2012 4 14 200 105
2012 4 15 153 11
2012 4 16 178 76
2012 4 17 221 249
2012 4 18 151 43
2012 4 19 239 353
2012 4 20 217 183
2012 4 21 291 508
2012 4 22 199 179
2012 4 23 217 141
2012 4 24 148 121
2012 4 25 282 463
2012 4 26 306 585
2012 4 27 301 642
2012 4 28 314 592
2012 4 29 287 437
2012 4 30 245 416
2012 5 1 221 181
2012 5 2 284 437
2012 5 3 279 354
2012 5 4 237 317
2012 5 5 156 107
2012 5 6 137 48
2012 5 7 251 247
2012 5 8 257 316
2012 5 9 253 336
2012 5 10 322 648
2012 5 11 331 641
2012 5 12 107 37
2012 5 13 241 279
2012 5 14 353 648
2012 5 15 279 443
2012 5 16 209 116
2012 5 17 355 654
2012 5 18 264 268
2012 5 19 231 327
2012 5 20 218 255
2012 5 21 203 178
2012 5 22 259 401
2012 5 23 232 270
2012 5 24 282 427
2012 5 25 350 655
2012 5 26 295 474
2012 5 27 229 301
2012 5 28 160 70
2012 5 29 179 147
2012 5 30 334 594
2012 5 31 214 174
2012 6 1 124 45
2012 6 2 349 691
2012 6 3 157 94
2012 6 4 173 30
2012 6 5 358 553
2012 6 6 145 53
2012 6 7 304 407
2012 6 8 155 124
2012 6 9 203 268
2012 6 10 198 123
2012 6 11 190 123
2012 6 12 67 0
2012 6 13 222 134
2012 6 14 300 525
2012 6 15 340 658
2012 6 16 361 701
2012 6 17 348 652
2012 6 18 287 446
2012 6 19 292 481
2012 6 20 167 212
2012 6 21 254 376
2012 6 22 351 603
2012 6 23 216 220
2012 6 24 263 417
2012 6 25 129 18
2012 6 26 114 0
2012 6 27 314 443
2012 6 28 310 580
2012 6 29 337 641
2012 6 30 341 695
2012 7 1 255 418
2012 7 2 122 65
2012 7 3 225 277
2012 7 4 225 354
2012 7 5 297 506
2012 7 6 116 30
2012 7 7 278 399
2012 7 8 209 242
2012 7 9 309 483
2012 7 10 236 345
2012 7 11 291 446
2012 7 12 308 433
2012 7 13 166 148
2012 7 14 133 142
2012 7 15 154 67
2012 7 16 256 352
2012 7 17 168 108
2012 7 18 338 677
2012 7 19 199 339
2012 7 20 185 117
2012 7 21 126 13
2012 7 22 220 256
2012 7 23 334 680
2012 7 24 313 592
2012 7 25 107 59
2012 7 26 326 653
2012 7 27 298 520
2012 7 28 135 160
2012 7 29 221 254
2012 7 30 199 139
2012 7 31 287 490
2012 8 1 327 621
2012 8 2 256 457
2012 8 3 308 505
2012 8 4 184 223
2012 8 5 148 177
2012 8 6 94 135
2012 8 7 317 642
2012 8 8 314 627
2012 8 9 235 383
2012 8 10 294 570
2012 8 11 266 521
2012 8 12 249 467
2012 8 13 294 578
2012 8 14 255 446
2012 8 15 258 488
2012 8 16 213 347
2012 8 17 293 640
2012 8 18 294 639
2012 8 19 293 639
2012 8 20 279 607
2012 8 21 232 531
2012 8 22 229 473
2012 8 23 229 447
2012 8 24 129 158
2012 8 25 91 48
2012 8 26 138 121
2012 8 27 281 633
2012 8 28 227 465
2012 8 29 242 553
2012 8 30 65 12
2012 8 31 62 0
2012 9 1 117 36
2012 9 2 222 421
2012 9 3 173 241
2012 9 4 154 229
2012 9 5 161 306
2012 9 6 212 397
2012 9 7 257 622
2012 9 8 250 620
2012 9 9 213 493
2012 9 10 156 325
2012 9 11 201 414
2012 9 12 45 0
2012 9 13 92 20
2012 9 14 241 573
2012 9 15 236 608
2012 9 16 233 609
2012 9 17 211 527
2012 9 18 206 504
2012 9 19 60 0
2012 9 20 231 598
2012 9 21 224 595
2012 9 22 123 148
2012 9 23 206 579
2012 9 24 23 3
2012 9 25 144 300
2012 9 26 152 282
2012 9 27 174 381
2012 9 28 178 553
2012 9 29 34 0
2012 9 30 113 227
2012 10 1 119 159
2012 10 2 163 408
2012 10 3 181 469
2012 10 4 66 18
2012 10 5 187 549
2012 10 6 176 507
2012 10 7 55 6
2012 10 8 144 362
2012 10 9 43 0
2012 10 10 59 60
2012 10 11 136 379
2012 10 12 80 174
2012 10 13 108 273
2012 10 14 129 244
2012 10 15 19 0
2012 10 16 165 472
2012 10 17 106 192
2012 10 18 156 506
2012 10 19 155 499
2012 10 20 151 494
2012 10 21 143 490
2012 10 22 137 481
2012 10 23 139 479
2012 10 24 132 445
2012 10 25 135 475
2012 10 26 39 0
2012 10 27 17 0
2012 10 28 52 26
2012 10 29 117 281
2012 10 30 97 91
2012 10 31 103 251
2012 11 1 96 251
2012 11 2 110 335
2012 11 3 105 285
2012 11 4 60 24
2012 11 5 85 178
2012 11 6 67 95
2012 11 7 59 0
2012 11 8 83 176
2012 11 9 102 394
2012 11 10 36 6
2012 11 11 25 13
2012 11 12 31 0
2012 11 13 103 422
2012 11 14 103 419
2012 11 15 104 417
2012 11 16 101 414
2012 11 17 97 408
2012 11 18 76 220
2012 11 19 91 406
2012 11 20 91 403
2012 11 21 90 377
2012 11 22 26 7
2012 11 23 74 276
2012 11 24 68 163
2012 11 25 76 323
2012 11 26 41 50
2012 11 27 56 126
2012 11 28 14 0
2012 11 29 30 0
2012 11 30 62 101
2012 12 1 62 154
2012 12 2 45 54
2012 12 3 59 147
2012 12 4 31 34
2012 12 5 60 102
2012 12 6 43 32
2012 12 7 35 58
2012 12 8 45 114
2012 12 9 49 1
2012 12 10 29 3
2012 12 11 38 0
2012 12 12 79 375
2012 12 13 47 17
2012 12 14 39 25
2012 12 15 41 102
2012 12 16 58 208
2012 12 17 52 89
2012 12 18 57 135
2012 12 19 59 179
2012 12 20 34 0
2012 12 21 37 21
2012 12 22 56 167
2012 12 23 63 145
2012 12 24 62 251
2012 12 25 70 244
2012 12 26 53 156
2012 12 27 41 46
2012 12 28 36 78
2012 12 29 64 361
2012 12 30 59 206
2012 12 31 78 359
2013 1 1 59 183
2013 1 2 39 0
2013 1 3 43 0
2013 1 4 34 0
2013 1 5 38 0
2013 1 6 65 155
2013 1 7 82 349
2013 1 8 81 381
2013 1 9 61 69
2013 1 10 24 0
2013 1 11 23 0
2013 1 12 84 367
2013 1 13 70 169
2013 1 14 49 0
2013 1 15 70 139
2013 1 16 38 0
2013 1 17 48 0
2013 1 18 91 396
2013 1 19 76 235
2013 1 20 36 0
2013 1 21 43 0
2013 1 22 56 17
2013 1 23 100 385
2013 1 24 102 410
2013 1 25 50 0
2013 1 26 108 417
2013 1 27 96 270
2013 1 28 45 0
2013 1 29 64 95
2013 1 30 101 413
2013 1 31 110 390
2013 2 1 43 0
2013 2 2 31 0
2013 2 3 92 128
2013 2 4 68 7
2013 2 5 77 154
2013 2 6 104 181
2013 2 7 87 67
2013 2 8 58 0
2013 2 9 94 133
2013 2 10 139 459
2013 2 11 80 0
2013 2 12 74 0
2013 2 13 143 438
2013 2 14 141 462
2013 2 15 76 15
2013 2 16 79 2
2013 2 17 137 364
2013 2 18 155 480
2013 2 19 120 188
2013 2 20 102 90
2013 2 21 132 234
2013 2 22 151 395
2013 2 23 148 335
2013 2 24 147 324
2013 2 25 148 358
2013 2 26 164 477
2013 2 27 176 531
2013 2 28 162 411
2013 3 1 187 546
2013 3 2 192 549
2013 3 3 195 553
2013 3 4 198 555
2013 3 5 133 165
2013 3 6 108 34
2013 3 7 109 77
2013 3 8 156 306
2013 3 9 117 12
2013 3 10 156 324
2013 3 11 137 139
2013 3 12 150 224
2013 3 13 164 247
2013 3 14 129 136
2013 3 15 152 110
2013 3 16 214 483
2013 3 17 123 56
2013 3 18 64 0
2013 3 19 195 224
2013 3 20 152 143
2013 3 21 181 192
2013 3 22 211 390
2013 3 23 216 406
2013 3 24 119 0
2013 3 25 91 39
2013 3 26 115 0
2013 3 27 260 582
2013 3 28 144 161
2013 3 29 147 17
2013 3 30 79 0
2013 3 31 161 110
2013 4 1 282 609
2013 4 2 252 576
2013 4 3 260 556
2013 4 4 203 340
2013 4 5 111 4
2013 4 6 216 297
2013 4 7 146 17
2013 4 8 121 12
2013 4 9 178 279
2013 4 10 236 341
2013 4 11 187 161
2013 4 12 180 213
2013 4 13 296 630
2013 4 14 280 531
2013 4 15 289 633
2013 4 16 258 489
2013 4 17 286 634
2013 4 18 258 453
2013 4 19 58 0
2013 4 20 199 10
2013 4 21 200 193
2013 4 22 150 20
2013 4 23 283 403
2013 4 24 316 640
2013 4 25 316 640
2013 4 26 148 55
2013 4 27 167 124
2013 4 28 204 186
2013 4 29 70 0
2013 4 30 124 69
2013 5 1 245 389
2013 5 2 232 321
2013 5 3 184 280
2013 5 4 184 151
2013 5 5 317 621
2013 5 6 139 83
2013 5 7 173 96
2013 5 8 246 359
2013 5 9 178 220
2013 5 10 78 1
2013 5 11 146 36
2013 5 12 141 41
2013 5 13 175 95
2013 5 14 243 358
2013 5 15 120 23
2013 5 16 141 92
2013 5 17 155 87
2013 5 18 319 558
2013 5 19 195 224
2013 5 20 187 143
2013 5 21 144 36
2013 5 22 132 0
2013 5 23 223 164
2013 5 24 164 9
2013 5 25 205 80
2013 5 26 165 66
2013 5 27 274 366
2013 5 28 186 189
2013 5 29 174 127
2013 5 30 138 0
2013 5 31 91 0
2013 6 1 165 25
2013 6 2 66 0
2013 6 3 218 88
2013 6 4 357 629
2013 6 5 370 619
2013 6 6 375 659
2013 6 7 376 646
2013 6 8 287 444
2013 6 9 146 88
2013 6 10 96 1
2013 6 11 139 28
2013 6 12 253 367
2013 6 13 361 699
2013 6 14 278 377
2013 6 15 186 192
2013 6 16 351 649
2013 6 17 365 681
2013 6 18 258 450
2013 6 19 270 502
2013 6 20 223 364
2013 6 21 298 372
2013 6 22 201 151
2013 6 23 264 404
2013 6 24 121 3
2013 6 25 137 5
2013 6 26 217 199
2013 6 27 192 211
2013 6 28 197 134
2013 6 29 81 0
2013 6 30 285 351
2013 7 1 336 614
2013 7 2 257 381
2013 7 3 99 24
2013 7 4 341 478
2013 7 5 314 438
2013 7 6 346 633
2013 7 7 334 605
2013 7 8 272 476
2013 7 9 192 294
2013 7 10 318 474
2013 7 11 354 658
2013 7 12 341 689
2013 7 13 335 673
2013 7 14 339 684
2013 7 15 347 673
2013 7 16 343 683
2013 7 17 214 296
2013 7 18 185 296
2013 7 19 244 341
2013 7 20 290 505
2013 7 21 280 487
2013 7 22 330 597
2013 7 23 229 387
2013 7 24 199 221
2013 7 25 240 429
2013 7 26 223 368
2013 7 27 296 563
2013 7 28 313 513
2013 7 29 72 40
2013 7 30 206 223
2013 7 31 326 645
2013 8 1 323 646
2013 8 2 326 645
2013 8 3 301 613
2013 8 4 281 581
2013 8 5 302 615
2013 8 6 287 539
2013 8 7 158 173
2013 8 8 122 72
2013 8 9 65 0
2013 8 10 293 511
2013 8 11 305 561
2013 8 12 255 478
2013 8 13 217 331
2013 8 14 261 434
2013 8 15 298 641
2013 8 16 300 639
2013 8 17 226 344
2013 8 18 229 423
2013 8 19 57 16
2013 8 20 208 261
2013 8 21 296 636
2013 8 22 287 636
2013 8 23 180 250
2013 8 24 149 173
2013 8 25 102 13
2013 8 26 129 38
2013 8 27 94 8
2013 8 28 103 25
2013 8 29 225 423
2013 8 30 270 568
2013 8 31 247 515
2013 9 1 156 163
2013 9 2 158 159
2013 9 3 263 628
2013 9 4 261 625
2013 9 5 248 586
2013 9 6 219 447
2013 9 7 239 503
2013 9 8 96 72
2013 9 9 199 305
2013 9 10 42 2
2013 9 11 155 206
2013 9 12 74 17
2013 9 13 106 50
2013 9 14 144 140
2013 9 15 71 14
2013 9 16 59 4
2013 9 17 107 76
2013 9 18 147 219
2013 9 19 156 272
2013 9 20 224 503
2013 9 21 217 591
2013 9 22 178 544
2013 9 23 224 590
2013 9 24 222 589
2013 9 25 213 587
2013 9 26 59 32
2013 9 27 113 132
2013 9 28 168 476
2013 9 29 68 3
2013 9 30 39 1
2013 10 1 73 37
2013 10 2 145 302
2013 10 3 163 420
2013 10 4 153 367
2013 10 5 59 1
2013 10 6 114 165
2013 10 7 154 362
2013 10 8 124 267
2013 10 9 59 4
2013 10 10 32 4
2013 10 11 146 284
2013 10 12 138 215
2013 10 13 175 434
2013 10 14 103 73
2013 10 15 128 254
2013 10 16 114 263
2013 10 17 158 471
2013 10 18 158 489
2013 10 19 126 427
2013 10 20 95 190
2013 10 21 136 445
2013 10 22 94 167
2013 10 23 18 0
2013 10 24 95 193
2013 10 25 126 439
2013 10 26 126 432
2013 10 27 43 6
2013 10 28 128 450
2013 10 29 64 74
2013 10 30 74 61
2013 10 31 81 141
2013 11 1 76 87
2013 11 2 58 113
2013 11 3 29 7
2013 11 4 77 55
2013 11 5 103 262
2013 11 6 16 0
2013 11 7 110 376
2013 11 8 111 363
2013 11 9 35 0
2013 11 10 43 0
2013 11 11 114 383
2013 11 12 106 425
2013 11 13 100 318
2013 11 14 45 0
2013 11 15 92 104
2013 11 16 102 412
2013 11 17 104 394
2013 11 18 70 269
2013 11 19 55 79
2013 11 20 50 66
2013 11 21 61 137
2013 11 22 87 198
2013 11 23 51 89
2013 11 24 47 78
2013 11 25 96 314
2013 11 26 72 266
2013 11 27 87 392
2013 11 28 72 256
2013 11 29 86 372
2013 11 30 50 149
2013 12 1 86 372
2013 12 2 83 372
2013 12 3 82 372
2013 12 4 80 372
2013 12 5 67 386
2013 12 6 37 25
2013 12 7 39 0
2013 12 8 78 377
2013 12 9 74 375
2013 12 10 74 377
2013 12 11 76 376
2013 12 12 80 375
2013 12 13 76 371
2013 12 14 60 192
2013 12 15 65 207
2013 12 16 74 373
2013 12 17 85 343
2013 12 18 48 127
2013 12 19 24 0
2013 12 20 27 1
2013 12 21 69 332
2013 12 22 50 88
2013 12 23 69 371
2013 12 24 59 122
2013 12 25 23 0
2013 12 26 8 0
2013 12 27 75 374
2013 12 28 72 314
2013 12 29 44 88
2013 12 30 77 375
2013 12 31 77 375
2014 1 1 68 351
2014 1 2 25 0
2014 1 3 58 128
2014 1 4 24 0
2014 1 5 24 0
2014 1 6 72 356
2014 1 7 72 282
2014 1 8 63 184
2014 1 9 52 73
2014 1 10 30 0
2014 1 11 64 62
2014 1 12 87 388
2014 1 13 70 200
2014 1 14 13 0
2014 1 15 66 155
2014 1 16 53 3
2014 1 17 31 0
2014 1 18 79 256
2014 1 19 93 200
2014 1 20 43 0
2014 1 21 39 0
2014 1 22 96 404
2014 1 23 80 233
2014 1 24 51 29
2014 1 25 105 413
2014 1 26 47 117
2014 1 27 47 0
2014 1 28 66 40
2014 1 29 94 276
2014 1 30 61 29
2014 1 31 94 267
2014 2 1 78 134
2014 2 2 55 0
2014 2 3 97 303
2014 2 4 89 140
2014 2 5 64 27
2014 2 6 124 451
2014 2 7 37 42
2014 2 8 100 205
2014 2 9 103 165
2014 2 10 82 12
2014 2 11 117 326
2014 2 12 106 223
2014 2 13 83 112
2014 2 14 97 108
2014 2 15 90 193
2014 2 16 53 0
2014 2 17 69 1
2014 2 18 124 332
2014 2 19 32 0
2014 2 20 144 420
2014 2 21 90 113
2014 2 22 117 191
2014 2 23 170 507
2014 2 24 175 510
2014 2 25 160 501
2014 2 26 141 358
2014 2 27 145 279
2014 2 28 181 440
2014 3 1 89 0
2014 3 2 108 82
2014 3 3 140 212
2014 3 4 65 0
2014 3 5 88 22
2014 3 6 185 397
2014 3 7 202 563
2014 3 8 204 566
2014 3 9 207 570
2014 3 10 207 572
2014 3 11 172 423
2014 3 12 217 576
2014 3 13 216 569
2014 3 14 218 579
2014 3 15 126 153
2014 3 16 86 77
2014 3 17 223 584
2014 3 18 217 570
2014 3 19 182 359
2014 3 20 224 591
2014 3 21 222 583
2014 3 22 108 73
2014 3 23 35 0
2014 3 24 166 144
2014 3 25 181 293
2014 3 26 204 443
2014 3 27 243 545
2014 3 28 258 610
2014 3 29 248 602
2014 3 30 252 613
2014 3 31 247 611
2014 4 1 244 570
2014 4 2 253 606
2014 4 3 110 0
2014 4 4 269 485
2014 4 5 92 19
2014 4 6 226 391
2014 4 7 246 518
2014 4 8 112 105
2014 4 9 231 441
2014 4 10 154 21
2014 4 11 251 499
2014 4 12 118 82
2014 4 13 144 117
2014 4 14 239 432
2014 4 15 197 267
2014 4 16 307 632
2014 4 17 306 634
2014 4 18 119 10
2014 4 19 283 430
2014 4 20 203 288
2014 4 21 129 34
2014 4 22 188 230
2014 4 23 252 404
2014 4 24 279 495
2014 4 25 237 428
2014 4 26 215 259
2014 4 27 105 0
2014 4 28 141 45
2014 4 29 238 220
2014 4 30 92 0
2014 5 1 214 240
2014 5 2 176 40
2014 5 3 169 51
2014 5 4 354 554
2014 5 5 319 614
2014 5 6 264 460
2014 5 7 77 14
2014 5 8 325 608
2014 5 9 269 338
2014 5 10 246 285
2014 5 11 177 182
2014 5 12 209 190
2014 5 13 256 252
2014 5 14 210 173
2014 5 15 250 282
2014 5 16 190 172
2014 5 17 239 243
2014 5 18 273 378
2014 5 19 313 484
2014 5 20 291 485
2014 5 21 321 625
2014 5 22 247 424
2014 5 23 258 321
2014 5 24 306 531
2014 5 25 284 487
2014 5 26 177 60
2014 5 27 110 11
2014 5 28 197 113
2014 5 29 182 67
2014 5 30 83 0
2014 5 31 351 602
2014 6 1 361 622
2014 6 2 180 189
2014 6 3 207 196
2014 6 4 156 114
2014 6 5 326 569
2014 6 6 352 680
2014 6 7 350 682
2014 6 8 358 693
2014 6 9 288 530
2014 6 10 312 540
2014 6 11 207 366
2014 6 12 307 571
2014 6 13 294 443
2014 6 14 305 435
2014 6 15 219 178
2014 6 16 367 592
2014 6 17 264 400
2014 6 18 262 375
2014 6 19 251 289
2014 6 20 96 26
2014 6 21 364 680
2014 6 22 274 431
2014 6 23 202 332
2014 6 24 168 139
2014 6 25 215 260
2014 6 26 343 535
2014 6 27 213 201
2014 6 28 246 333
2014 6 29 30 0
2014 6 30 180 110
2014 7 1 300 488
2014 7 2 83 0
2014 7 3 356 692
2014 7 4 169 229
2014 7 5 191 175
2014 7 6 244 391
2014 7 7 180 164
2014 7 8 63 0
2014 7 9 149 42
2014 7 10 170 37
2014 7 11 115 49
2014 7 12 300 393
2014 7 13 145 89
2014 7 14 185 144
2014 7 15 350 656
2014 7 16 348 682
2014 7 17 348 659
2014 7 18 347 684
2014 7 19 321 626
2014 7 20 139 149
2014 7 21 67 0
2014 7 22 75 0
2014 7 23 261 388
2014 7 24 124 107
2014 7 25 315 584
2014 7 26 60 0
2014 7 27 54 0
2014 7 28 238 289
2014 7 29 137 105
2014 7 30 63 0
2014 7 31 227 276
2014 8 1 164 212
2014 8 2 132 111
2014 8 3 138 172
2014 8 4 271 462
2014 8 5 180 159
2014 8 6 273 505
2014 8 7 189 219
2014 8 8 222 242
2014 8 9 141 200
2014 8 10 205 335
2014 8 11 33 1
2014 8 12 190 300
2014 8 13 28 1
2014 8 14 145 95
2014 8 15 133 107
2014 8 16 113 98
2014 8 17 263 582
2014 8 18 265 544
2014 8 19 104 126
2014 8 20 128 74
2014 8 21 296 529
2014 8 22 288 578
2014 8 23 115 55
2014 8 24 233 382
2014 8 25 131 60
2014 8 26 72 8
2014 8 27 116 86
2014 8 28 287 602
2014 8 29 186 277
2014 8 30 143 101
2014 8 31 92 9
2014 9 1 148 154
2014 9 2 141 74
2014 9 3 139 170
2014 9 4 118 47
2014 9 5 76 42
2014 9 6 161 148
2014 9 7 254 545
2014 9 8 170 270
2014 9 9 161 304
2014 9 10 97 103
2014 9 11 119 115
2014 9 12 98 1
2014 9 13 164 208
2014 9 14 224 536
2014 9 15 211 416
2014 9 16 163 241
2014 9 17 206 451
2014 9 18 115 195
2014 9 19 96 120
2014 9 20 110 119
2014 9 21 127 144
2014 9 22 160 303
2014 9 23 223 591
2014 9 24 185 514
2014 9 25 108 142
2014 9 26 117 120
2014 9 27 207 583
2014 9 28 203 581
2014 9 29 203 577
2014 9 30 69 4
2014 10 1 106 93
2014 10 2 195 563
2014 10 3 180 512
2014 10 4 190 553
2014 10 5 114 158
2014 10 6 128 291
2014 10 7 64 17
2014 10 8 133 295
2014 10 9 146 369
2014 10 10 95 154
2014 10 11 37 7
2014 10 12 129 314
2014 10 13 22 0
2014 10 14 94 135
2014 10 15 85 89
2014 10 16 51 9
2014 10 17 93 192
2014 10 18 153 510
2014 10 19 152 502
2014 10 20 92 143
2014 10 21 104 228
2014 10 22 31 2
2014 10 23 43 1
2014 10 24 150 478
2014 10 25 65 7
2014 10 26 144 461
2014 10 27 142 472
2014 10 28 138 468
2014 10 29 134 465
2014 10 30 62 48
2014 10 31 109 244
2014 11 1 124 460
2014 11 2 107 428
2014 11 3 104 314
2014 11 4 79 63
2014 11 5 14 0
2014 11 6 42 0
2014 11 7 76 97
2014 11 8 108 379
2014 11 9 101 365
2014 11 10 50 15
2014 11 11 55 104
2014 11 12 61 73
2014 11 13 81 273
2014 11 14 96 414
2014 11 15 38 15
2014 11 16 73 243
2014 11 17 48 26
2014 11 18 47 4
2014 11 19 70 108
2014 11 20 83 251
2014 11 21 99 389
2014 11 22 88 388
2014 11 23 85 393
2014 11 24 75 265
2014 11 25 61 123
2014 11 26 39 0
2014 11 27 51 74
2014 11 28 55 63
2014 11 29 74 322
2014 11 30 48 45
2014 12 1 45 62
2014 12 2 30 0
2014 12 3 76 375
2014 12 4 54 131
2014 12 5 74 339
2014 12 6 53 75
2014 12 7 24 0
2014 12 8 41 13
2014 12 9 46 81
2014 12 10 37 2
2014 12 11 65 167
2014 12 12 79 367
2014 12 13 69 284
2014 12 14 30 0
2014 12 15 41 26
2014 12 16 22 0
2014 12 17 31 0
2014 12 18 29 0
2014 12 19 52 138
2014 12 20 73 361
2014 12 21 69 294
2014 12 22 60 220
2014 12 23 75 372
2014 12 24 51 12
2014 12 25 49 85
2014 12 26 19 0
2014 12 27 19 0
2014 12 28 38 0
2014 12 29 32 29
2014 12 30 25 0
2014 12 31 62 171
2015 1 1 76 375
2015 1 2 60 216
2015 1 3 60 205
2015 1 4 62 224
2015 1 5 79 379
2015 1 6 80 380
2015 1 7 81 382
2015 1 8 72 179
2015 1 9 30 5
2015 1 10 53 153
2015 1 11 25 0
2015 1 12 87 316
2015 1 13 74 264
2015 1 14 41 37
2015 1 15 69 213
2015 1 16 46 31
2015 1 17 20 0
2015 1 18 91 395
2015 1 19 85 338
2015 1 20 93 275
2015 1 21 97 383
2015 1 22 79 114
2015 1 23 52 0
2015 1 24 80 197
2015 1 25 64 107
2015 1 26 93 264
2015 1 27 61 59
2015 1 28 109 330
2015 1 29 50 2
2015 1 30 49 0
2015 1 31 105 358
2015 2 1 77 166
2015 2 2 51 4
2015 2 3 82 65
2015 2 4 102 246
2015 2 5 83 105
2015 2 6 108 355
2015 2 7 127 452
2015 2 8 53 2
2015 2 9 44 0
2015 2 10 135 461
2015 2 11 137 462
2015 2 12 141 464
2015 2 13 141 467
2015 2 14 100 247
2015 2 15 88 152
2015 2 16 147 475
2015 2 17 149 477
2015 2 18 155 479
2015 2 19 160 481
2015 2 20 162 488
2015 2 21 97 38
2015 2 22 80 52
2015 2 23 99 165
2015 2 24 54 0
2015 2 25 113 69
2015 2 26 179 522
2015 2 27 78 0
2015 2 28 132 240
2015 3 1 101 33
2015 3 2 56 9
2015 3 3 188 427
2015 3 4 117 60
2015 3 5 139 136
2015 3 6 198 559
2015 3 7 197 563
2015 3 8 193 561
2015 3 9 191 480
2015 3 10 204 507
2015 3 11 107 111
2015 3 12 212 576
2015 3 13 217 578
2015 3 14 180 440
2015 3 15 181 394
2015 3 16 188 386
2015 3 17 118 1
2015 3 18 219 569
2015 3 19 149 301
2015 3 20 198 591
2015 3 21 84 2
2015 3 22 218 411
2015 3 23 236 599
2015 3 24 144 112
2015 3 25 116 27
2015 3 26 140 64
2015 3 27 139 98
2015 3 28 244 550
2015 3 29 135 90
2015 3 30 47 0
2015 3 31 202 330
2015 4 1 113 10
2015 4 2 45 0
2015 4 3 277 603
2015 4 4 129 0
2015 4 5 198 144
2015 4 6 239 273
2015 4 7 291 614
2015 4 8 282 622
2015 4 9 287 630
2015 4 10 272 603
2015 4 11 195 236
2015 4 12 278 631
2015 4 13 285 629
2015 4 14 274 619
2015 4 15 294 634
2015 4 16 231 390
2015 4 17 65 0
2015 4 18 144 170
2015 4 19 309 637
2015 4 20 292 597
2015 4 21 310 637
2015 4 22 313 639
2015 4 23 320 637
2015 4 24 311 633
2015 4 25 130 27
2015 4 26 230 308
2015 4 27 232 277
2015 4 28 114 0
2015 4 29 289 534
2015 4 30 245 269
2015 5 1 90 0
2015 5 2 209 180
2015 5 3 128 1
2015 5 4 143 30
2015 5 5 264 405
2015 5 6 138 198
2015 5 7 319 525
2015 5 8 228 349
2015 5 9 156 18
2015 5 10 336 645
2015 5 11 317 637
2015 5 12 313 641
2015 5 13 283 482
2015 5 14 339 612
2015 5 15 80 4
2015 5 16 170 39
2015 5 17 353 581
2015 5 18 314 525
2015 5 19 127 70
2015 5 20 86 0
2015 5 21 162 5
2015 5 22 118 0
2015 5 23 93 0
2015 5 24 187 30
2015 5 25 117 0
2015 5 26 166 60
2015 5 27 219 207
2015 5 28 362 685
2015 5 29 340 566
2015 5 30 261 299
2015 5 31 160 170
2015 6 1 264 449
2015 6 2 284 407
2015 6 3 296 498
2015 6 4 211 266
2015 6 5 309 492
2015 6 6 222 396
2015 6 7 307 494
2015 6 8 167 126
2015 6 9 204 198
2015 6 10 238 310
2015 6 11 303 482
2015 6 12 227 327
2015 6 13 228 227
2015 6 14 189 203
2015 6 15 100 0
2015 6 16 135 2
2015 6 17 195 149
2015 6 18 172 42
2015 6 19 158 84
2015 6 20 120 36
2015 6 21 126 3
2015 6 22 211 313
2015 6 23 183 128
2015 6 24 367 639
2015 6 25 314 588
2015 6 26 359 695
2015 6 27 183 209
2015 6 28 363 604
2015 6 29 260 369
2015 6 30 353 696
2015 7 1 351 693
2015 7 2 349 665
2015 7 3 339 657
2015 7 4 318 628
2015 7 5 332 601
2015 7 6 310 571
2015 7 7 290 517
2015 7 8 129 71
2015 7 9 353 568
2015 7 10 357 691
2015 7 11 314 552
2015 7 12 339 624
2015 7 13 150 70
2015 7 14 339 620
2015 7 15 343 670
2015 7 16 304 549
2015 7 17 226 435
2015 7 18 247 440
2015 7 19 306 506
2015 7 20 310 602
2015 7 21 336 671
2015 7 22 226 398
2015 7 23 322 522
2015 7 24 239 349
2015 7 25 180 213
2015 7 26 231 357
2015 7 27 300 405
2015 7 28 246 314
2015 7 29 167 182
2015 7 30 204 183
2015 7 31 308 582
2015 8 1 88 4
2015 8 2 240 306
2015 8 3 317 635
2015 8 4 237 376
2015 8 5 310 642
2015 8 6 295 557
2015 8 7 253 443
2015 8 8 246 481
2015 8 9 191 327
2015 8 10 237 347
2015 8 11 258 420
2015 8 12 298 623
2015 8 13 245 457
2015 8 14 118 110
2015 8 15 140 167
2015 8 16 122 36
2015 8 17 112 0
2015 8 18 218 261
2015 8 19 78 2
2015 8 20 105 23
2015 8 21 160 98
2015 8 22 274 584
2015 8 23 160 209
2015 8 24 117 126
2015 8 25 212 225
2015 8 26 281 633
2015 8 27 269 616
2015 8 28 263 632
2015 8 29 268 633
2015 8 30 274 631
2015 8 31 269 631
2015 9 1 172 329
2015 9 2 99 82
2015 9 3 104 43
2015 9 4 257 517
2015 9 5 63 0
2015 9 6 97 47
2015 9 7 241 506
2015 9 8 259 589
2015 9 9 196 313
2015 9 10 147 202
2015 9 11 195 367
2015 9 12 238 556
2015 9 13 82 76
2015 9 14 100 158
2015 9 15 152 207
2015 9 16 67 56
2015 9 17 122 215
2015 9 18 166 164
2015 9 19 173 277
2015 9 20 221 442
2015 9 21 226 598
2015 9 22 86 16
2015 9 23 63 23
2015 9 24 141 113
2015 9 25 199 553
2015 9 26 202 509
2015 9 27 196 543
2015 9 28 211 564
2015 9 29 208 575
2015 9 30 205 568
2015 10 1 203 514
2015 10 2 119 196
2015 10 3 138 252
2015 10 4 106 244
2015 10 5 161 383
2015 10 6 130 238
2015 10 7 63 4
2015 10 8 113 93
2015 10 9 160 441
2015 10 10 149 360
2015 10 11 105 182
2015 10 12 171 530
2015 10 13 50 10
2015 10 14 160 314
2015 10 15 88 19
2015 10 16 101 55
2015 10 17 73 2
2015 10 18 110 139
2015 10 19 71 40
2015 10 20 159 498
2015 10 21 153 493
2015 10 22 138 393
2015 10 23 149 481
2015 10 24 139 451
2015 10 25 99 275
2015 10 26 138 474
2015 10 27 131 443
2015 10 28 73 96
2015 10 29 53 27
2015 10 30 127 463
2015 10 31 129 462
2015 11 1 130 461
2015 11 2 129 458
2015 11 3 115 408
2015 11 4 102 332
2015 11 5 115 450
2015 11 6 98 341
2015 11 7 106 402
2015 11 8 108 439
2015 11 9 103 359
2015 11 10 106 434
2015 11 11 106 429
2015 11 12 97 373
2015 11 13 103 378
2015 11 14 83 372
2015 11 15 27 0
2015 11 16 91 414
2015 11 17 77 238
2015 11 18 95 410
2015 11 19 80 367
2015 11 20 14 0
2015 11 21 46 94
2015 11 22 49 3
2015 11 23 86 321
2015 11 24 92 397
2015 11 25 56 29
2015 11 26 36 2
2015 11 27 87 387
2015 11 28 28 3
2015 11 29 53 16
2015 11 30 78 184
2015 12 1 21 0
2015 12 2 82 386
2015 12 3 82 384
2015 12 4 66 229
2015 12 5 77 382
2015 12 6 77 381
2015 12 7 75 380
2015 12 8 70 231
2015 12 9 23 0
2015 12 10 78 377
2015 12 11 67 348
2015 12 12 80 375
2015 12 13 64 244
2015 12 14 73 374
2015 12 15 52 70
2015 12 16 28 19
2015 12 17 61 258
2015 12 18 58 221
2015 12 19 64 372
2015 12 20 70 373
2015 12 21 53 190
2015 12 22 66 338
2015 12 23 71 372
2015 12 24 62 280
2015 12 25 72 372
2015 12 26 72 373
2015 12 27 73 374
2015 12 28 73 374
2015 12 29 74 369
2015 12 30 74 374
2015 12 31 18 0
2016 1 1 71 316
2016 1 2 24 0
2016 1 3 70 242
2016 1 4 56 110
2016 1 5 51 134
2016 1 6 64 196
2016 1 7 25 15
2016 1 8 53 82
2016 1 9 21 0
2016 1 10 58 75
2016 1 11 14 0
2016 1 12 17 0
2016 1 13 19 0
2016 1 14 49 0
2016 1 15 46 82
2016 1 16 47 32
2016 1 17 23 0
2016 1 18 92 364
2016 1 19 58 36
2016 1 20 38 0
2016 1 21 99 401
2016 1 22 99 398
2016 1 23 76 246
2016 1 24 84 190
2016 1 25 96 392
2016 1 26 80 243
2016 1 27 92 295
2016 1 28 89 182
2016 1 29 99 340
2016 1 30 104 371
2016 1 31 22 0
2016 2 1 91 262
2016 2 2 71 201
2016 2 3 24 0
2016 2 4 71 45
2016 2 5 57 53
2016 2 6 112 426
2016 2 7 115 161
2016 2 8 104 283
2016 2 9 60 93
2016 2 10 67 79
2016 2 11 137 456
2016 2 12 112 283
2016 2 13 82 183
2016 2 14 76 67
2016 2 15 71 0
2016 2 16 88 36
2016 2 17 78 0
2016 2 18 144 447
2016 2 19 66 0
2016 2 20 65 18
2016 2 21 112 205
2016 2 22 143 289
2016 2 23 74 10
2016 2 24 162 383
2016 2 25 98 30
2016 2 26 174 512
2016 2 27 129 247
2016 2 28 96 15
2016 2 29 69 0
2016 3 1 90 54
2016 3 2 115 30
2016 3 3 107 20
2016 3 4 144 207
2016 3 5 27 0
2016 3 6 181 307
2016 3 7 137 196
2016 3 8 163 242
2016 3 9 211 572
2016 3 10 212 559
2016 3 11 183 515
2016 3 12 209 551
2016 3 13 152 193
2016 3 14 223 580
2016 3 15 137 158
2016 3 16 187 397
2016 3 17 228 587
2016 3 18 234 575
2016 3 19 236 590
2016 3 20 233 588
2016 3 21 232 595
2016 3 22 238 596
2016 3 23 97 2
2016 3 24 206 302
2016 3 25 143 49
2016 3 26 241 417
2016 3 27 231 505
2016 3 28 198 328
2016 3 29 233 586
2016 3 30 225 348
2016 3 31 179 310
2016 4 1 190 289
2016 4 2 153 69
2016 4 3 190 244
2016 4 4 177 284
2016 4 5 97 9
2016 4 6 96 0
2016 4 7 223 358
2016 4 8 121 0
2016 4 9 125 0
2016 4 10 244 441
2016 4 11 257 552
2016 4 12 229 432
2016 4 13 135 164
2016 4 14 174 134
2016 4 15 207 210
2016 4 16 117 51
2016 4 17 114 26
2016 4 18 180 164
2016 4 19 299 506
2016 4 20 317 637
2016 4 21 310 638
2016 4 22 248 441
2016 4 23 104 2
2016 4 24 226 227
2016 4 25 218 164
2016 4 26 182 80
2016 4 27 203 181
2016 4 28 233 142
2016 4 29 328 597
2016 4 30 235 319
2016 5 1 118 0
2016 5 2 107 18
2016 5 3 122 43
2016 5 4 303 400
2016 5 5 335 644
2016 5 6 308 557
2016 5 7 304 560
2016 5 8 232 360
2016 5 9 200 184
2016 5 10 234 286
2016 5 11 171 83
2016 5 12 64 0
2016 5 13 86 0
2016 5 14 156 68
2016 5 15 326 401
2016 5 16 155 19
2016 5 17 173 22
2016 5 18 304 518
2016 5 19 76 0
2016 5 20 290 363
2016 5 21 341 680
2016 5 22 318 588
2016 5 23 54 0
2016 5 24 200 62
2016 5 25 354 644
2016 5 26 268 430
2016 5 27 322 505
2016 5 28 299 519
2016 5 29 130 14
2016 5 30 124 0
2016 5 31 194 268
2016 6 1 199 100
2016 6 2 247 188
2016 6 3 145 19
2016 6 4 103 0
2016 6 5 186 86
2016 6 6 236 339
2016 6 7 276 294
2016 6 8 142 23
2016 6 9 119 10
2016 6 10 366 695
2016 6 11 114 23
2016 6 12 149 48
2016 6 13 200 88
2016 6 14 203 180
2016 6 15 274 315
2016 6 16 127 114
2016 6 17 251 292
2016 6 18 247 230
2016 6 19 182 109
2016 6 20 305 422
2016 6 21 193 116
2016 6 22 359 687
2016 6 23 364 699
2016 6 24 269 465
2016 6 25 200 304
2016 6 26 107 17
2016 6 27 180 143
2016 6 28 352 651
2016 6 29 347 608
2016 6 30 228 294
2016 7 1 317 500
2016 7 2 181 190
2016 7 3 351 530
2016 7 4 346 583
2016 7 5 298 555
2016 7 6 286 434
2016 7 7 351 690
2016 7 8 253 335
2016 7 9 133 65
2016 7 10 310 564
2016 7 11 261 456
2016 7 12 132 173
2016 7 13 113 48
2016 7 14 136 25
2016 7 15 137 53
2016 7 16 315 536
2016 7 17 332 638
2016 7 18 316 620
2016 7 19 343 682
2016 7 20 343 681
2016 7 21 192 226
2016 7 22 145 91
2016 7 23 124 85
2016 7 24 233 371
2016 7 25 177 48
2016 7 26 221 292
2016 7 27 150 150
2016 7 28 270 415
2016 7 29 301 492
2016 7 30 298 546
2016 7 31 110 134
2016 8 1 144 23
2016 8 2 196 89
2016 8 3 257 457
2016 8 4 316 630
2016 8 5 50 0
2016 8 6 180 151
2016 8 7 313 644
2016 8 8 308 632
2016 8 9 50 0
2016 8 10 112 64
2016 8 11 183 242
2016 8 12 87 0
2016 8 13 304 642
2016 8 14 304 640
2016 8 15 241 440
2016 8 16 266 517
2016 8 17 110 115
2016 8 18 205 303
2016 8 19 225 363
2016 8 20 121 189
2016 8 21 186 174
2016 8 22 302 636
2016 8 23 284 636
2016 8 24 284 635
2016 8 25 282 635
2016 8 26 277 634
2016 8 27 252 552
2016 8 28 247 505
2016 8 29 157 246
2016 8 30 190 274
2016 8 31 226 424
2016 9 1 197 333
2016 9 2 254 614
2016 9 3 221 538
2016 9 4 147 204
2016 9 5 70 23
2016 9 6 266 470
2016 9 7 255 622
2016 9 8 233 527
2016 9 9 230 539
2016 9 10 185 399
2016 9 11 227 535
2016 9 12 216 497
2016 9 13 151 340
2016 9 14 218 540
2016 9 15 100 99
2016 9 16 84 50
2016 9 17 68 0
2016 9 18 111 62
2016 9 19 33 0
2016 9 20 183 373
2016 9 21 193 320
2016 9 22 218 587
2016 9 23 165 313
2016 9 24 214 581
2016 9 25 212 586
2016 9 26 205 544
2016 9 27 112 198
2016 9 28 203 578
2016 9 29 198 578
2016 9 30 197 549
2016 10 1 85 37
2016 10 2 113 85
2016 10 3 81 36
2016 10 4 152 316
2016 10 5 179 453
2016 10 6 151 455
2016 10 7 141 267
2016 10 8 82 80
2016 10 9 70 87
2016 10 10 89 19
2016 10 11 144 270
2016 10 12 169 497
2016 10 13 87 13
2016 10 14 61 31
2016 10 15 122 245
2016 10 16 162 512
2016 10 17 75 1
2016 10 18 78 46
2016 10 19 32 0
2016 10 20 109 196
2016 10 21 79 49
2016 10 22 111 215
2016 10 23 78 121
2016 10 24 105 221
2016 10 25 29 0
2016 10 26 31 1
2016 10 27 124 396
2016 10 28 130 466
2016 10 29 118 411
2016 10 30 128 463
2016 10 31 125 459
2016 11 1 122 455
2016 11 2 85 307
2016 11 3 117 400
2016 11 4 84 214
2016 11 5 34 0
2016 11 6 11 0
2016 11 7 79 72
2016 11 8 115 392
2016 11 9 69 32
2016 11 10 82 147
2016 11 11 53 1
2016 11 12 79 115
2016 11 13 60 0
2016 11 14 105 420
2016 11 15 80 130
2016 11 16 53 0
2016 11 17 86 334
2016 11 18 42 2
2016 11 19 31 0
2016 11 20 67 144
2016 11 21 68 95
2016 11 22 94 275
2016 11 23 46 0
2016 11 24 42 0
2016 11 25 29 3
2016 11 26 51 81
2016 11 27 49 12
2016 11 28 86 305
2016 11 29 85 390
2016 11 30 83 386
2016 12 1 47 83
2016 12 2 81 384
2016 12 3 78 382
2016 12 4 80 382
2016 12 5 81 381
2016 12 6 78 380
2016 12 7 78 378
2016 12 8 74 378
2016 12 9 63 237
2016 12 10 74 377
2016 12 11 51 155
2016 12 12 61 255
2016 12 13 71 367
2016 12 14 72 374
2016 12 15 74 374
2016 12 16 74 374
2016 12 17 74 367
2016 12 18 71 326
2016 12 19 64 328
2016 12 20 47 44
2016 12 21 71 373
2016 12 22 71 372
2016 12 23 73 372
2016 12 24 56 180
2016 12 25 30 0
2016 12 26 68 347
2016 12 27 74 374
2016 12 28 74 373
2016 12 29 73 373
2016 12 30 75 374
2016 12 31 75 376
2017 1 1 77 377
2017 1 2 61 254
2017 1 3 80 377
2017 1 4 31 0
2017 1 5 20 0
2017 1 6 93 380
2017 1 7 38 0
2017 1 8 35 0
2017 1 9 86 385
2017 1 10 55 101
2017 1 11 82 194
2017 1 12 63 158
2017 1 13 30 0
2017 1 14 28 0
2017 1 15 60 28
2017 1 16 83 255
2017 1 17 82 323
2017 1 18 94 397
2017 1 19 95 399
2017 1 20 97 401
2017 1 21 99 404
2017 1 22 102 403
2017 1 23 103 408
2017 1 24 102 410
2017 1 25 102 415
2017 1 26 106 417
2017 1 27 106 418
2017 1 28 76 233
2017 1 29 109 426
2017 1 30 55 37
2017 1 31 34 0
2017 2 1 56 61
2017 2 2 90 158
2017 2 3 71 140
2017 2 4 60 39
2017 2 5 51 3
2017 2 6 61 0
2017 2 7 97 162
2017 2 8 77 2
2017 2 9 130 459
2017 2 10 111 274
2017 2 11 134 412
2017 2 12 123 379
2017 2 13 140 468
2017 2 14 143 472
2017 2 15 147 472
2017 2 16 147 475
2017 2 17 57 53
2017 2 18 152 422
2017 2 19 160 462
2017 2 20 144 368
2017 2 21 47 0
2017 2 22 147 360
2017 2 23 141 369
2017 2 24 59 2
2017 2 25 174 519
2017 2 26 103 96
2017 2 27 180 486
2017 2 28 45 0
2017 3 1 140 144
2017 3 2 101 42
2017 3 3 148 278
2017 3 4 112 217
2017 3 5 137 217
2017 3 6 120 58
2017 3 7 131 148
2017 3 8 162 291
2017 3 9 37 0
2017 3 10 201 453
2017 3 11 211 516
2017 3 12 215 576
2017 3 13 218 576
2017 3 14 216 579
2017 3 15 212 551
2017 3 16 222 565
2017 3 17 225 577
2017 3 18 69 0
2017 3 19 93 7
2017 3 20 215 587
2017 3 21 198 415
2017 3 22 110 7
2017 3 23 131 120
2017 3 24 166 105
2017 3 25 244 590
2017 3 26 128 134
2017 3 27 255 606
2017 3 28 252 611
2017 3 29 252 608
2017 3 30 253 612
2017 3 31 252 614
2017 4 1 207 303
2017 4 2 210 383
2017 4 3 226 477
2017 4 4 69 7
2017 4 5 136 72
2017 4 6 175 213
2017 4 7 232 330
2017 4 8 279 629
2017 4 9 280 630
2017 4 10 233 452
2017 4 11 198 310
2017 4 12 284 633
2017 4 13 245 483
2017 4 14 290 632
2017 4 15 133 61
2017 4 16 110 13
2017 4 17 176 38
2017 4 18 207 85
2017 4 19 238 278
2017 4 20 320 501
2017 4 21 308 633
2017 4 22 310 591
2017 4 23 296 482
2017 4 24 245 406
2017 4 25 200 226
2017 4 26 97 2
2017 4 27 128 1
2017 4 28 109 0
2017 4 29 337 641
2017 4 30 332 643
2017 5 1 82 28
2017 5 2 298 535
2017 5 3 202 115
2017 5 4 160 25
2017 5 5 317 450
2017 5 6 141 57
2017 5 7 113 0
2017 5 8 99 1
2017 5 9 318 487
2017 5 10 344 643
2017 5 11 193 191
2017 5 12 223 267
2017 5 13 215 179
2017 5 14 208 228
2017 5 15 247 258
2017 5 16 344 644
2017 5 17 342 652
2017 5 18 213 250
2017 5 19 123 32
2017 5 20 127 7
2017 5 21 320 487
2017 5 22 317 589
2017 5 23 306 495
2017 5 24 226 257
2017 5 25 313 446
2017 5 26 355 683
2017 5 27 354 683
2017 5 28 352 685
2017 5 29 346 642
2017 5 30 320 568
2017 5 31 310 511
2017 6 1 254 327
2017 6 2 305 466
2017 6 3 334 556
2017 6 4 130 81
2017 6 5 158 101
2017 6 6 116 58
2017 6 7 365 592
2017 6 8 339 692
2017 6 9 290 461
2017 6 10 334 528
2017 6 11 354 694
2017 6 12 270 340
2017 6 13 312 589
2017 6 14 110 22
2017 6 15 319 522
2017 6 16 137 79
2017 6 17 363 619
2017 6 18 363 698
2017 6 19 345 660
2017 6 20 331 587
2017 6 21 329 528
2017 6 22 352 656
2017 6 23 178 219
2017 6 24 282 497
2017 6 25 106 43
2017 6 26 316 555
2017 6 27 197 140
2017 6 28 67 32
2017 6 29 256 267
2017 6 30 286 434
2017 7 1 190 107
2017 7 2 135 7
2017 7 3 301 431
2017 7 4 346 655
2017 7 5 346 654
2017 7 6 355 690
2017 7 7 289 442
2017 7 8 195 295
2017 7 9 194 235
2017 7 10 181 132
2017 7 11 254 316
2017 7 12 248 346
2017 7 13 314 452
2017 7 14 123 53
2017 7 15 209 191
2017 7 16 343 616
2017 7 17 330 639
2017 7 18 304 541
2017 7 19 281 495
2017 7 20 185 181
2017 7 21 261 425
2017 7 22 307 487
2017 7 23 259 412
2017 7 24 95 9
2017 7 25 97 5
2017 7 26 80 1
2017 7 27 175 76
2017 7 28 254 298
2017 7 29 308 569
2017 7 30 222 321
2017 7 31 251 459
2017 8 1 272 515
2017 8 2 207 344
2017 8 3 227 408
2017 8 4 228 382
2017 8 5 232 351
2017 8 6 32 0
2017 8 7 310 635
2017 8 8 126 107
2017 8 9 242 358
2017 8 10 112 126
2017 8 11 89 1
2017 8 12 97 30
2017 8 13 284 430
2017 8 14 295 630
2017 8 15 278 619
2017 8 16 164 158
2017 8 17 246 470
2017 8 18 302 614
2017 8 19 108 20
2017 8 20 200 249
2017 8 21 144 42
2017 8 22 229 347
2017 8 23 187 307
2017 8 24 267 538
2017 8 25 269 633
2017 8 26 222 423
2017 8 27 170 273
2017 8 28 178 290
2017 8 29 269 633
2017 8 30 251 629
2017 8 31 51 3
2017 9 1 87 44
2017 9 2 60 0
2017 9 3 164 157
2017 9 4 185 327
2017 9 5 175 297
2017 9 6 108 75
2017 9 7 229 406
2017 9 8 244 618
2017 9 9 33 3
2017 9 10 96 0
2017 9 11 132 120
2017 9 12 104 36
2017 9 13 157 243
2017 9 14 89 173
2017 9 15 146 266
2017 9 16 138 135
2017 9 17 147 160
2017 9 18 221 414
2017 9 19 61 0
2017 9 20 125 73
2017 9 21 228 596
2017 9 22 217 592
2017 9 23 170 388
2017 9 24 141 241
2017 9 25 161 291
2017 9 26 176 386
2017 9 27 113 77
2017 9 28 167 428
2017 9 29 83 44
2017 9 30 144 308
2017 10 1 136 215
2017 10 2 92 120
2017 10 3 54 43
2017 10 4 140 258
2017 10 5 183 480
2017 10 6 93 141
2017 10 7 182 465
2017 10 8 55 7
2017 10 9 131 216
2017 10 10 153 416
2017 10 11 171 537
2017 10 12 172 544
2017 10 13 169 536
2017 10 14 166 528
2017 10 15 166 524
2017 10 16 164 517
2017 10 17 152 479
2017 10 18 159 509
2017 10 19 148 482
2017 10 20 149 486
2017 10 21 120 319
2017 10 22 42 11
2017 10 23 38 0
2017 10 24 136 437
2017 10 25 125 419
2017 10 26 124 463
2017 10 27 27 10
2017 10 28 135 449
2017 10 29 34 1
2017 10 30 133 424
2017 10 31 128 461
2017 11 1 91 223
2017 11 2 89 210
2017 11 3 121 453
2017 11 4 102 390
2017 11 5 17 0
2017 11 6 71 59
2017 11 7 77 212
2017 11 8 81 73
2017 11 9 108 356
2017 11 10 68 122
2017 11 11 68 30
2017 11 12 44 19
2017 11 13 43 0
2017 11 14 106 420
2017 11 15 104 417
2017 11 16 98 391
2017 11 17 92 362
2017 11 18 101 408
2017 11 19 36 2
2017 11 20 75 62
2017 11 21 45 2
2017 11 22 94 388
2017 11 23 76 254
2017 11 24 61 162
2017 11 25 19 0
2017 11 26 42 7
2017 11 27 65 182
2017 11 28 53 10
2017 11 29 39 0
2017 11 30 34 0
2017 12 1 78 258
2017 12 2 70 327
2017 12 3 84 380
2017 12 4 30 0
2017 12 5 67 224
2017 12 6 79 380
2017 12 7 79 379
2017 12 8 30 0
2017 12 9 39 46
2017 12 10 19 0
2017 12 11 19 0
2017 12 12 21 0
2017 12 13 71 255
2017 12 14 30 0
2017 12 15 54 183
2017 12 16 32 6
2017 12 17 33 0
2017 12 18 33 0
2017 12 19 34 8
2017 12 20 72 286
2017 12 21 61 233
