1981 1 1 24 40 9 377 0.0239 79 0.5063
1981 1 2 24 24 0 378 0 81 0.2963
1981 1 3 24 51 32 378 0.0847 81 0.6296
1981 1 4 24 1 0 379 0 81 0.0123
1981 1 5 24 22 0 381 0 93 0.2366
1981 1 6 24 6 0 382 0 93 0.0645
1981 1 7 24 41 0 384 0 93 0.4409
1981 1 8 24 73 273 385 0.7091 86 0.8488
1981 1 9 24 53 0 387 0 87 0.6092
1981 1 10 24 51 0 387 0 93 0.5484
1981 1 11 24 93 338 389 0.8689 93 1
1981 1 12 24 84 389 390 0.9974 93 0.9032
1981 1 13 24 48 0 392 0 91 0.5275
1981 1 14 24 81 313 394 0.7944 92 0.8804
1981 1 15 24 36 0 396 0 92 0.3913
1981 1 16 24 42 0 400 0 92 0.4565
1981 1 17 24 54 0 401 0 94 0.5745
1981 1 18 24 19 0 403 0 96 0.1979
1981 1 19 24 18 0 405 0 99 0.1818
1981 1 20 24 28 0 408 0 99 0.2828
1981 1 21 24 77 199 417 0.4772 107 0.7196
1981 1 22 24 107 417 417 1 107 1
1981 1 23 24 100 408 417 0.9784 107 0.9346
1981 1 24 24 103 416 417 0.9976 106 0.9717
1981 1 25 24 94 322 420 0.7667 108 0.8704
1981 1 26 24 51 44 427 0.103 112 0.4554
1981 1 27 24 106 422 427 0.9883 112 0.9464
1981 1 28 24 102 335 429 0.7809 113 0.9027
1981 1 29 24 106 429 432 0.9931 117 0.906
1981 1 30 24 108 432 436 0.9908 117 0.9231
1981 1 31 24 109 436 439 0.9932 118 0.9237
1981 2 1 24 109 439 441 0.9955 119 0.916
1981 2 2 24 112 441 444 0.9932 120 0.9333
1981 2 3 24 87 165 446 0.37 125 0.696
1981 2 4 24 52 4 449 0.0089 127 0.4094
1981 2 5 24 95 138 452 0.3053 132 0.7197
1981 2 6 24 25 0 463 0 132 0.1894
1981 2 7 24 58 0 463 0 133 0.4361
1981 2 8 24 132 457 463 0.987 133 0.9925
1981 2 9 24 127 459 461 0.9957 139 0.9137
1981 2 10 24 59 0 462 0 142 0.4155
1981 2 11 24 129 366 464 0.7888 142 0.9085
1981 2 12 24 139 464 468 0.9915 143 0.972
1981 2 13 24 139 467 472 0.9894 143 0.972
1981 2 14 24 141 471 473 0.9958 149 0.9463
1981 2 15 24 142 473 476 0.9937 149 0.953
1981 2 16 24 146 476 500 0.952 154 0.9481
1981 2 17 24 154 500 500 1 158 0.9747
1981 2 18 24 144 389 500 0.778 160 0.9
1981 2 19 24 148 478 496 0.9637 162 0.9136
1981 2 20 24 152 496 507 0.9783 164 0.9268
1981 2 21 24 126 109 512 0.2129 165 0.7636
1981 2 22 24 160 510 518 0.9846 170 0.9412
1981 2 23 24 148 379 520 0.7288 177 0.8362
1981 2 24 24 160 520 530 0.9811 177 0.904
1981 2 25 24 161 487 541 0.9002 179 0.8994
1981 2 26 24 170 541 546 0.9908 180 0.9444
1981 2 27 24 175 546 546 1 185 0.9459
1981 2 28 24 135 92 548 0.1679 185 0.7297
1981 3 1 24 114 32 554 0.0578 196 0.5816
1981 3 2 24 167 368 557 0.6607 196 0.852
1981 3 3 24 106 101 558 0.181 198 0.5354
1981 3 4 24 102 0 562 0 205 0.4976
1981 3 5 24 177 453 566 0.8004 205 0.8634
1981 3 6 24 141 82 569 0.1441 208 0.6779
1981 3 7 24 183 510 571 0.8932 209 0.8756
1981 3 8 24 90 0 574 0 211 0.4265
1981 3 9 24 160 333 576 0.5781 213 0.7512
1981 3 10 24 84 0 578 0 213 0.3944
1981 3 11 24 85 16 579 0.0276 217 0.3917
1981 3 12 24 70 71 580 0.1224 219 0.3196
1981 3 13 24 109 103 581 0.1773 223 0.4888
1981 3 14 24 217 565 586 0.9642 226 0.9602
1981 3 15 24 101 0 587 0 229 0.441
1981 3 16 24 173 117 590 0.1983 229 0.7555
1981 3 17 24 34 0 590 0 234 0.1453
1981 3 18 24 28 44 594 0.0741 236 0.1186
1981 3 19 24 228 594 597 0.995 240 0.95
1981 3 20 24 216 382 600 0.6367 242 0.8926
1981 3 21 24 209 480 603 0.796 245 0.8531
1981 3 22 24 209 477 603 0.791 245 0.8531
1981 3 23 24 174 86 606 0.1419 245 0.7102
1981 3 24 24 214 437 610 0.7164 249 0.8594
1981 3 25 24 191 332 612 0.5425 260 0.7346
1981 3 26 24 49 5 613 0.0082 260 0.1885
1981 3 27 24 234 535 615 0.8699 266 0.8797
1981 3 28 24 238 592 617 0.9595 266 0.8947
1981 3 29 24 178 162 617 0.2626 266 0.6692
1981 3 30 24 90 13 620 0.021 263 0.3422
1981 3 31 24 81 0 622 0 282 0.2872
1981 4 1 24 140 0 623 0 282 0.4965
1981 4 2 24 238 558 624 0.8942 282 0.844
1981 4 3 24 217 237 625 0.3792 277 0.7834
1981 4 4 24 247 558 625 0.8928 277 0.8917
1981 4 5 24 146 0 627 0 277 0.5271
1981 4 6 24 213 311 629 0.4944 291 0.732
1981 4 7 24 254 627 629 0.9968 291 0.8729
1981 4 8 24 165 138 631 0.2187 291 0.567
1981 4 9 24 216 257 631 0.4073 287 0.7526
1981 4 10 24 263 624 632 0.9873 296 0.8885
1981 4 11 24 262 557 633 0.8799 299 0.8763
1981 4 12 24 265 613 633 0.9684 299 0.8863
1981 4 13 24 280 630 633 0.9953 300 0.9333
1981 4 14 24 278 630 634 0.9937 303 0.9175
1981 4 15 24 204 307 634 0.4842 307 0.6645
1981 4 16 24 255 445 634 0.7019 307 0.8306
1981 4 17 24 291 565 634 0.8912 307 0.9479
1981 4 18 24 213 180 637 0.2826 309 0.6893
1981 4 19 24 221 152 637 0.2386 320 0.6906
1981 4 20 24 194 0 638 0 320 0.6062
1981 4 21 24 214 217 639 0.3396 320 0.6688
1981 4 22 24 305 636 639 0.9953 320 0.9531
1981 4 23 24 248 205 640 0.3203 320 0.775
1981 4 24 24 190 90 640 0.1406 320 0.5938
1981 4 25 24 163 5 640 0.0078 316 0.5158
1981 4 26 24 247 281 642 0.4377 316 0.7816
1981 4 27 24 205 0 642 0 315 0.6508
1981 4 28 24 146 0 642 0 337 0.4332
1981 4 29 24 147 0 643 0 337 0.4362
1981 4 30 24 259 170 643 0.2644 337 0.7685
1981 5 1 24 137 0 643 0 332 0.4127
1981 5 2 24 142 0 642 0 333 0.4264
1981 5 3 24 120 0 642 0 354 0.339
1981 5 4 24 177 44 645 0.0682 354 0.5
1981 5 5 24 129 0 645 0 354 0.3644
1981 5 6 24 147 0 647 0 353 0.4164
1981 5 7 24 316 553 647 0.8547 353 0.8952
1981 5 8 24 174 7 647 0.0108 353 0.4929
1981 5 9 24 317 645 648 0.9954 344 0.9215
1981 5 10 24 274 322 648 0.4969 344 0.7965
1981 5 11 24 199 170 649 0.2619 344 0.5785
1981 5 12 24 202 89 651 0.1367 341 0.5924
1981 5 13 24 82 0 654 0 353 0.2323
1981 5 14 24 199 50 656 0.0762 353 0.5637
1981 5 15 24 216 213 656 0.3247 353 0.6119
1981 5 16 24 195 201 659 0.305 355 0.5493
1981 5 17 24 157 138 673 0.2051 355 0.4423
1981 5 18 24 235 248 688 0.3605 360 0.6528
1981 5 19 24 293 371 692 0.5361 360 0.8139
1981 5 20 24 282 341 692 0.4928 360 0.7833
1981 5 21 24 318 558 697 0.8006 359 0.8858
1981 5 22 24 84 23 699 0.0329 359 0.234
1981 5 23 24 338 637 702 0.9074 363 0.9311
1981 5 24 24 110 0 705 0 363 0.303
1981 5 25 24 67 18 706 0.0255 363 0.1846
1981 5 26 24 56 0 706 0 358 0.1564
1981 5 27 24 115 0 708 0 362 0.3177
1981 5 28 24 330 483 713 0.6774 369 0.8943
1981 5 29 24 251 144 714 0.2017 369 0.6802
1981 5 30 24 227 251 715 0.351 369 0.6152
1981 5 31 24 311 515 717 0.7183 363 0.8567
1981 6 1 24 324 546 717 0.7615 363 0.8926
1981 6 2 24 335 717 718 0.9986 361 0.928
1981 6 3 24 282 330 718 0.4596 370 0.7622
1981 6 4 24 61 0 718 0 370 0.1649
1981 6 5 24 204 49 698 0.0702 375 0.544
1981 6 6 24 330 598 725 0.8248 376 0.8777
1981 6 7 24 274 257 725 0.3545 376 0.7287
1981 6 8 24 83 0 727 0 376 0.2207
1981 6 9 24 297 497 727 0.6836 366 0.8115
1981 6 10 24 310 459 727 0.6314 366 0.847
1981 6 11 24 343 710 729 0.9739 384 0.8932
1981 6 12 24 304 499 729 0.6845 384 0.7917
1981 6 13 24 310 490 730 0.6712 384 0.8073
1981 6 14 24 349 729 730 0.9986 363 0.9614
1981 6 15 24 350 728 730 0.9973 367 0.9537
1981 6 16 24 165 76 728 0.1044 367 0.4496
1981 6 17 24 272 236 733 0.322 367 0.7411
1981 6 18 24 108 0 733 0 366 0.2951
1981 6 19 24 207 39 733 0.0532 367 0.564
1981 6 20 24 294 84 733 0.1146 367 0.8011
1981 6 21 24 86 0 733 0 368 0.2337
1981 6 22 24 175 0 733 0 373 0.4692
1981 6 23 24 262 211 733 0.2879 373 0.7024
1981 6 24 24 189 14 733 0.0191 373 0.5067
1981 6 25 24 220 92 733 0.1255 367 0.5995
1981 6 26 24 133 8 733 0.0109 361 0.3684
1981 6 27 24 313 445 731 0.6088 363 0.8623
1981 6 28 24 193 116 731 0.1587 363 0.5317
1981 6 29 24 238 31 731 0.0424 363 0.6556
1981 6 30 24 311 298 728 0.4093 360 0.8639
1981 7 1 24 346 686 728 0.9423 365 0.9479
1981 7 2 24 332 682 727 0.9381 365 0.9096
1981 7 3 24 121 12 727 0.0165 365 0.3315
1981 7 4 24 256 270 726 0.3719 360 0.7111
1981 7 5 24 321 562 721 0.7795 360 0.8917
1981 7 6 24 175 78 721 0.1082 356 0.4916
1981 7 7 24 295 492 721 0.6824 365 0.8082
1981 7 8 24 270 403 720 0.5597 365 0.7397
1981 7 9 24 261 375 719 0.5216 365 0.7151
1981 7 10 24 203 160 719 0.2225 362 0.5608
1981 7 11 24 226 210 717 0.2929 357 0.6331
1981 7 12 24 109 0 717 0 354 0.3079
1981 7 13 24 213 96 716 0.1341 350 0.6086
1981 7 14 24 236 130 712 0.1826 354 0.6667
1981 7 15 24 150 17 712 0.0239 354 0.4237
1981 7 16 24 261 175 750 0.2333 354 0.7373
1981 7 17 24 219 128 750 0.1707 350 0.6257
1981 7 18 24 44 0 750 0 348 0.1264
1981 7 19 24 84 0 705 0 347 0.2421
1981 7 20 24 70 0 700 0 347 0.2017
1981 7 21 24 142 61 699 0.0873 346 0.4104
1981 7 22 24 264 153 697 0.2195 346 0.763
1981 7 23 24 101 67 696 0.0963 336 0.3006
1981 7 24 24 43 1 696 0.0014 334 0.1287
1981 7 25 24 153 2 684 0.0029 331 0.4622
1981 7 26 24 116 8 678 0.0118 331 0.3505
1981 7 27 24 86 0 662 0 331 0.2598
1981 7 28 24 196 116 657 0.1766 330 0.5939
1981 7 29 24 319 651 673 0.9673 330 0.9667
1981 7 30 24 312 673 673 1 327 0.9541
1981 7 31 24 212 180 673 0.2675 327 0.6483
1981 8 1 24 276 483 651 0.7419 327 0.844
1981 8 2 24 222 24 651 0.0369 327 0.6789
1981 8 3 24 259 450 648 0.6944 326 0.7945
1981 8 4 24 300 596 648 0.9198 325 0.9231
1981 8 5 24 308 636 648 0.9815 317 0.9716
1981 8 6 24 210 347 648 0.5355 317 0.6625
1981 8 7 24 206 212 646 0.3282 317 0.6498
1981 8 8 24 264 466 716 0.6508 317 0.8328
1981 8 9 24 118 72 716 0.1006 314 0.3758
1981 8 10 24 126 13 716 0.0182 314 0.4013
1981 8 11 24 109 0 700 0 305 0.3574
1981 8 12 24 246 344 700 0.4914 315 0.781
1981 8 13 24 288 598 700 0.8543 315 0.9143
1981 8 14 24 267 579 642 0.9019 315 0.8476
1981 8 15 24 284 640 641 0.9984 304 0.9342
1981 8 16 24 269 559 641 0.8721 300 0.8967
1981 8 17 24 169 117 640 0.1828 302 0.5596
1981 8 18 24 284 637 640 0.9953 302 0.9404
1981 8 19 24 274 629 639 0.9844 302 0.9073
1981 8 20 24 219 375 639 0.5869 296 0.7399
1981 8 21 24 100 14 638 0.0219 302 0.3311
1981 8 22 24 268 635 638 0.9953 302 0.8874
1981 8 23 24 93 29 636 0.0456 302 0.3079
1981 8 24 24 131 57 636 0.0896 288 0.4549
1981 8 25 24 268 613 635 0.9654 288 0.9306
1981 8 26 24 255 522 635 0.822 282 0.9043
1981 8 27 24 168 125 634 0.1972 289 0.5813
1981 8 28 24 193 275 633 0.4344 289 0.6678
1981 8 29 24 264 630 633 0.9953 289 0.9135
1981 8 30 24 258 630 633 0.9953 280 0.9214
1981 8 31 24 226 444 633 0.7014 280 0.8071
1981 9 1 24 53 0 632 0 280 0.1893
1981 9 2 24 105 5 630 0.0079 279 0.3763
1981 9 3 24 84 0 628 0 264 0.3182
1981 9 4 24 159 117 628 0.1863 264 0.6023
1981 9 5 24 227 542 628 0.8631 266 0.8534
1981 9 6 24 233 550 628 0.8758 266 0.8759
1981 9 7 24 231 613 626 0.9792 266 0.8684
1981 9 8 24 202 348 626 0.5559 259 0.7799
1981 9 9 24 73 0 624 0 259 0.2819
1981 9 10 24 175 352 624 0.5641 250 0.7
1981 9 11 24 135 153 623 0.2456 249 0.5422
1981 9 12 24 159 220 621 0.3543 249 0.6386
1981 9 13 24 33 0 620 0 249 0.1325
1981 9 14 24 79 31 617 0.0502 245 0.3224
1981 9 15 24 134 167 615 0.2715 244 0.5492
1981 9 16 24 73 12 614 0.0195 241 0.3029
1981 9 17 24 205 549 612 0.8971 251 0.8167
1981 9 18 24 206 584 611 0.9558 251 0.8207
1981 9 19 24 78 10 610 0.0164 251 0.3108
1981 9 20 24 157 309 608 0.5082 236 0.6653
1981 9 21 24 114 165 604 0.2732 233 0.4893
1981 9 22 24 54 22 601 0.0366 233 0.2318
1981 9 23 24 50 0 599 0 224 0.2232
1981 9 24 24 80 114 596 0.1913 224 0.3571
1981 9 25 24 168 376 594 0.633 222 0.7568
1981 9 26 24 89 48 592 0.0811 214 0.4159
1981 9 27 24 98 73 590 0.1237 212 0.4623
1981 9 28 24 34 0 588 0 211 0.1611
1981 9 29 24 56 0 586 0 211 0.2654
1981 9 30 24 164 288 581 0.4957 210 0.781
1981 10 1 24 187 579 580 0.9983 207 0.9034
1981 10 2 24 85 1 579 0.0017 204 0.4167
1981 10 3 24 97 18 578 0.0311 197 0.4924
1981 10 4 24 163 438 576 0.7604 197 0.8274
1981 10 5 24 148 357 574 0.622 195 0.759
1981 10 6 24 150 506 572 0.8846 191 0.7853
1981 10 7 24 86 159 567 0.2804 190 0.4526
1981 10 8 24 168 561 567 0.9894 187 0.8984
1981 10 9 24 129 349 562 0.621 185 0.6973
1981 10 10 24 48 0 559 0 182 0.2637
1981 10 11 24 86 38 557 0.0682 181 0.4751
1981 10 12 24 41 0 555 0 178 0.2303
1981 10 13 24 82 49 551 0.0889 178 0.4607
1981 10 14 24 102 132 548 0.2409 175 0.5829
1981 10 15 24 65 36 546 0.0659 175 0.3714
1981 10 16 24 135 294 544 0.5404 171 0.7895
1981 10 17 24 89 24 539 0.0445 169 0.5266
1981 10 18 24 131 480 529 0.9074 165 0.7939
1981 10 19 24 136 296 519 0.5703 162 0.8395
1981 10 20 24 137 496 517 0.9594 162 0.8457
1981 10 21 24 29 8 510 0.0157 159 0.1824
1981 10 22 24 59 0 502 0 159 0.3711
1981 10 23 24 139 428 493 0.8682 154 0.9026
1981 10 24 24 76 65 489 0.1329 150 0.5067
1981 10 25 24 106 88 483 0.1822 150 0.7067
1981 10 26 24 49 0 480 0 149 0.3289
1981 10 27 24 30 0 480 0 144 0.2083
1981 10 28 24 97 162 472 0.3432 142 0.6831
1981 10 29 24 104 252 470 0.5362 138 0.7536
1981 10 30 24 59 0 465 0 134 0.4403
1981 10 31 24 57 10 463 0.0216 133 0.4286
1981 11 1 24 116 438 462 0.9481 130 0.8923
1981 11 2 24 109 434 461 0.9414 130 0.8385
1981 11 3 24 112 460 460 1 129 0.8682
1981 11 4 24 109 458 460 0.9957 125 0.872
1981 11 5 24 99 336 458 0.7336 125 0.792
1981 11 6 24 106 413 451 0.9157 125 0.848
1981 11 7 24 66 93 449 0.2071 121 0.5455
1981 11 8 24 109 442 445 0.9933 121 0.9008
1981 11 9 24 89 295 443 0.6659 118 0.7542
1981 11 10 24 90 384 441 0.8707 118 0.7627
1981 11 11 24 60 23 439 0.0524 114 0.5263
1981 11 12 24 35 0 435 0 114 0.307
1981 11 13 24 37 0 431 0 108 0.3426
1981 11 14 24 43 0 428 0 108 0.3981
1981 11 15 24 92 330 423 0.7801 106 0.8679
1981 11 16 24 101 419 421 0.9952 104 0.9712
1981 11 17 24 97 417 419 0.9952 104 0.9327
1981 11 18 24 87 318 417 0.7626 104 0.8365
1981 11 19 24 41 0 415 0 102 0.402
1981 11 20 24 56 135 414 0.3261 99 0.5657
1981 11 21 24 87 406 410 0.9902 99 0.8788
1981 11 22 24 80 374 407 0.9189 99 0.8081
1981 11 23 24 83 403 405 0.9951 97 0.8557
1981 11 24 24 44 61 403 0.1514 97 0.4536
1981 11 25 24 72 184 401 0.4589 96 0.75
1981 11 26 24 38 0 399 0 96 0.3958
1981 11 27 24 52 127 396 0.3207 89 0.5843
1981 11 28 24 36 0 395 0 89 0.4045
1981 11 29 24 43 0 392 0 86 0.5
1981 11 30 24 31 0 391 0 102 0.3039
1981 12 1 24 27 0 389 0 102 0.2647
1981 12 2 24 55 43 388 0.1108 102 0.5392
1981 12 3 24 65 227 387 0.5866 86 0.7558
1981 12 4 24 44 39 387 0.1008 86 0.5116
1981 12 5 24 46 15 387 0.0388 86 0.5349
1981 12 6 24 51 0 386 0 81 0.6296
1981 12 7 24 42 0 381 0 89 0.4719
1981 12 8 24 65 254 380 0.6684 89 0.7303
1981 12 9 24 38 27 379 0.0712 89 0.427
1981 12 10 24 52 0 377 0 80 0.65
1981 12 11 24 41 24 377 0.0637 80 0.5125
1981 12 12 24 46 32 377 0.0849 81 0.5679
1981 12 13 24 67 278 375 0.7413 81 0.8272
1981 12 14 24 32 0 375 0 81 0.3951
1981 12 15 24 20 0 375 0 76 0.2632
1981 12 16 24 12 0 374 0 85 0.1412
1981 12 17 24 48 146 374 0.3904 85 0.5647
1981 12 18 24 43 25 374 0.0668 85 0.5059
1981 12 19 24 31 0 386 0 84 0.369
1981 12 20 24 73 333 386 0.8627 84 0.869
1981 12 21 24 45 0 386 0 84 0.5357
1981 12 22 24 42 24 373 0.0643 78 0.5385
1981 12 23 24 46 52 373 0.1394 82 0.561
1981 12 24 24 41 58 373 0.1555 82 0.5
1981 12 25 24 34 0 373 0 82 0.4146
1981 12 26 24 69 295 374 0.7888 77 0.8961
1981 12 27 24 46 5 374 0.0134 77 0.5974
1981 12 28 24 46 66 374 0.1765 77 0.5974
1981 12 29 24 21 4 375 0.0107 79 0.2658
1981 12 30 24 40 0 376 0 79 0.5063
1981 12 31 24 36 0 377 0 79 0.4557
1982 1 1 24 25 0 377 0 79 0.3165
1982 1 2 24 77 375 378 0.9921 81 0.9506
1982 1 3 24 70 350 378 0.9259 81 0.8642
1982 1 4 24 47 48 379 0.1266 81 0.5802
1982 1 5 24 40 0 381 0 93 0.4301
1982 1 6 24 28 0 382 0 93 0.3011
1982 1 7 24 71 243 384 0.6328 93 0.7634
1982 1 8 24 37 0 385 0 86 0.4302
1982 1 9 24 43 0 387 0 87 0.4943
1982 1 10 24 32 0 387 0 93 0.3441
1982 1 11 24 60 52 389 0.1337 93 0.6452
1982 1 12 24 40 0 390 0 93 0.4301
1982 1 13 24 79 390 392 0.9949 91 0.8681
1982 1 14 24 80 388 394 0.9848 92 0.8696
1982 1 15 24 82 336 396 0.8485 92 0.8913
1982 1 16 24 63 190 400 0.475 92 0.6848
1982 1 17 24 74 296 401 0.7382 94 0.7872
1982 1 18 24 87 401 403 0.995 96 0.9062
1982 1 19 24 87 402 405 0.9926 99 0.8788
1982 1 20 24 88 405 408 0.9926 99 0.8889
1982 1 21 24 89 406 417 0.9736 107 0.8318
1982 1 22 24 82 381 417 0.9137 107 0.7664
1982 1 23 24 68 57 417 0.1367 107 0.6355
1982 1 24 24 60 0 417 0 106 0.566
1982 1 25 24 68 62 420 0.1476 108 0.6296
1982 1 26 24 71 125 427 0.2927 112 0.6339
1982 1 27 24 50 0 427 0 112 0.4464
1982 1 28 24 73 99 429 0.2308 113 0.646
1982 1 29 24 14 0 432 0 117 0.1197
1982 1 30 24 57 1 436 0.0023 117 0.4872
1982 1 31 24 57 0 439 0 118 0.4831
1982 2 1 24 110 438 441 0.9932 119 0.9244
1982 2 2 24 106 417 444 0.9392 120 0.8833
1982 2 3 24 117 443 446 0.9933 125 0.936
1982 2 4 24 108 364 449 0.8107 127 0.8504
1982 2 5 24 118 448 452 0.9912 132 0.8939
1982 2 6 24 82 0 463 0 132 0.6212
1982 2 7 24 114 412 463 0.8898 133 0.8571
1982 2 8 24 96 70 463 0.1512 133 0.7218
1982 2 9 24 44 0 461 0 139 0.3165
1982 2 10 24 123 460 462 0.9957 142 0.8662
1982 2 11 24 125 461 464 0.9935 142 0.8803
1982 2 12 24 127 463 468 0.9893 143 0.8881
1982 2 13 24 123 434 472 0.9195 143 0.8601
1982 2 14 24 112 160 473 0.3383 149 0.7517
1982 2 15 24 101 158 476 0.3319 149 0.6779
1982 2 16 24 95 108 500 0.216 154 0.6169
1982 2 17 24 128 104 500 0.208 158 0.8101
1982 2 18 24 140 458 500 0.916 160 0.875
1982 2 19 24 81 1 496 0.002 162 0.5
1982 2 20 24 66 0 507 0 164 0.4024
1982 2 21 24 155 502 512 0.9805 165 0.9394
1982 2 22 24 141 331 518 0.639 170 0.8294
1982 2 23 24 109 32 520 0.0615 177 0.6158
1982 2 24 24 130 227 530 0.4283 177 0.7345
1982 2 25 24 155 501 541 0.9261 179 0.8659
1982 2 26 24 144 192 546 0.3516 180 0.8
1982 2 27 24 172 545 546 0.9982 185 0.9297
1982 2 28 24 137 256 548 0.4672 185 0.7405
1982 3 1 24 169 502 554 0.9061 196 0.8622
1982 3 2 24 67 0 557 0 196 0.3418
1982 3 3 24 139 153 558 0.2742 198 0.702
1982 3 4 24 136 289 562 0.5142 205 0.6634
1982 3 5 24 121 40 566 0.0707 205 0.5902
1982 3 6 24 149 158 569 0.2777 208 0.7163
1982 3 7 24 171 446 571 0.7811 209 0.8182
1982 3 8 24 144 202 574 0.3519 211 0.6825
1982 3 9 24 192 492 576 0.8542 213 0.9014
1982 3 10 24 166 347 578 0.6003 213 0.7793
1982 3 11 24 78 0 579 0 217 0.3594
1982 3 12 24 144 166 580 0.2862 219 0.6575
1982 3 13 24 133 0 581 0 223 0.5964
1982 3 14 24 212 333 586 0.5683 226 0.9381
1982 3 15 24 212 583 587 0.9932 229 0.9258
1982 3 16 24 194 334 590 0.5661 229 0.8472
1982 3 17 24 95 110 590 0.1864 234 0.406
1982 3 18 24 103 0 594 0 236 0.4364
1982 3 19 24 132 53 597 0.0888 240 0.55
1982 3 20 24 115 0 600 0 242 0.4752
1982 3 21 24 203 186 603 0.3085 245 0.8286
1982 3 22 24 132 0 603 0 245 0.5388
1982 3 23 24 157 51 606 0.0842 245 0.6408
1982 3 24 24 235 606 610 0.9934 249 0.9438
1982 3 25 24 226 435 612 0.7108 260 0.8692
1982 3 26 24 238 612 613 0.9984 260 0.9154
1982 3 27 24 242 603 615 0.9805 266 0.9098
1982 3 28 24 217 177 617 0.2869 266 0.8158
1982 3 29 24 222 350 617 0.5673 266 0.8346
1982 3 30 24 237 358 620 0.5774 263 0.9011
1982 3 31 24 174 144 622 0.2315 282 0.617
1982 4 1 24 253 621 623 0.9968 282 0.8972
1982 4 2 24 243 493 624 0.7901 282 0.8617
1982 4 3 24 159 1 625 0.0016 277 0.574
1982 4 4 24 253 563 625 0.9008 277 0.9134
1982 4 5 24 247 581 627 0.9266 277 0.8917
1982 4 6 24 237 437 629 0.6948 291 0.8144
1982 4 7 24 159 148 629 0.2353 291 0.5464
1982 4 8 24 199 216 631 0.3423 291 0.6838
1982 4 9 24 276 453 631 0.7179 287 0.9617
1982 4 10 24 280 455 632 0.7199 296 0.9459
1982 4 11 24 296 626 633 0.9889 299 0.99
1982 4 12 24 258 401 633 0.6335 299 0.8629
1982 4 13 24 135 0 633 0 300 0.45
1982 4 14 24 219 48 634 0.0757 303 0.7228
1982 4 15 24 216 186 634 0.2934 307 0.7036
1982 4 16 24 249 376 634 0.5931 307 0.8111
1982 4 17 24 174 11 634 0.0174 307 0.5668
1982 4 18 24 279 555 637 0.8713 309 0.9029
1982 4 19 24 295 628 637 0.9859 320 0.9219
1982 4 20 24 225 64 638 0.1003 320 0.7031
1982 4 21 24 211 99 639 0.1549 320 0.6594
1982 4 22 24 225 130 639 0.2034 320 0.7031
1982 4 23 24 284 537 640 0.8391 320 0.8875
1982 4 24 24 183 5 640 0.0078 320 0.5719
1982 4 25 24 287 423 640 0.6609 316 0.9082
1982 4 26 24 285 443 642 0.69 316 0.9019
1982 4 27 24 204 67 642 0.1044 315 0.6476
1982 4 28 24 218 164 642 0.2555 337 0.6469
1982 4 29 24 165 10 643 0.0156 337 0.4896
1982 4 30 24 235 98 643 0.1524 337 0.6973
1982 5 1 24 158 135 643 0.21 332 0.4759
1982 5 2 24 261 272 642 0.4237 333 0.7838
1982 5 3 24 307 566 642 0.8816 354 0.8672
1982 5 4 24 149 0 645 0 354 0.4209
1982 5 5 24 133 63 645 0.0977 354 0.3757
1982 5 6 24 248 196 647 0.3029 353 0.7025
1982 5 7 24 353 491 647 0.7589 353 1
1982 5 8 24 147 0 647 0 353 0.4164
1982 5 9 24 237 82 648 0.1265 344 0.689
1982 5 10 24 303 470 648 0.7253 344 0.8808
1982 5 11 24 335 648 649 0.9985 344 0.9738
1982 5 12 24 330 646 651 0.9923 341 0.9677
1982 5 13 24 333 651 654 0.9954 353 0.9433
1982 5 14 24 331 653 656 0.9954 353 0.9377
1982 5 15 24 325 655 656 0.9985 353 0.9207
1982 5 16 24 260 388 659 0.5888 355 0.7324
1982 5 17 24 196 23 673 0.0342 355 0.5521
1982 5 18 24 210 315 688 0.4578 360 0.5833
1982 5 19 24 235 130 692 0.1879 360 0.6528
1982 5 20 24 220 39 692 0.0564 360 0.6111
1982 5 21 24 138 2 697 0.0029 359 0.3844
1982 5 22 24 209 182 699 0.2604 359 0.5822
1982 5 23 24 221 196 702 0.2792 363 0.6088
1982 5 24 24 194 13 705 0.0184 363 0.5344
1982 5 25 24 352 704 706 0.9972 363 0.9697
1982 5 26 24 351 705 706 0.9986 358 0.9804
1982 5 27 24 302 579 708 0.8178 362 0.8343
1982 5 28 24 234 11 713 0.0154 369 0.6341
1982 5 29 24 321 547 714 0.7661 369 0.8699
1982 5 30 24 337 712 715 0.9958 369 0.9133
1982 5 31 24 288 455 717 0.6346 363 0.7934
1982 6 1 24 333 704 717 0.9819 363 0.9174
1982 6 2 24 334 667 718 0.929 361 0.9252
1982 6 3 24 331 640 718 0.8914 370 0.8946
1982 6 4 24 262 349 718 0.4861 370 0.7081
1982 6 5 24 324 584 698 0.8367 375 0.864
1982 6 6 24 229 210 725 0.2897 376 0.609
1982 6 7 24 223 75 725 0.1034 376 0.5931
1982 6 8 24 155 278 727 0.3824 376 0.4122
1982 6 9 24 242 214 727 0.2944 366 0.6612
1982 6 10 24 312 482 727 0.663 366 0.8525
1982 6 11 24 97 60 729 0.0823 384 0.2526
1982 6 12 24 75 0 729 0 384 0.1953
1982 6 13 24 118 0 730 0 384 0.3073
1982 6 14 24 92 0 730 0 363 0.2534
1982 6 15 24 191 27 730 0.037 367 0.5204
1982 6 16 24 113 40 728 0.0549 367 0.3079
1982 6 17 24 277 380 733 0.5184 367 0.7548
1982 6 18 24 109 0 733 0 366 0.2978
1982 6 19 24 242 218 733 0.2974 367 0.6594
1982 6 20 24 343 656 733 0.895 367 0.9346
1982 6 21 24 149 2 733 0.0027 368 0.4049
1982 6 22 24 271 265 733 0.3615 373 0.7265
1982 6 23 24 58 0 733 0 373 0.1555
1982 6 24 24 324 539 733 0.7353 373 0.8686
1982 6 25 24 201 30 733 0.0409 367 0.5477
1982 6 26 24 63 0 733 0 361 0.1745
1982 6 27 24 141 33 731 0.0451 363 0.3884
1982 6 28 24 264 124 731 0.1696 363 0.7273
1982 6 29 24 243 249 731 0.3406 363 0.6694
1982 6 30 24 321 456 728 0.6264 360 0.8917
1982 7 1 24 311 576 728 0.7912 365 0.8521
1982 7 2 24 285 427 727 0.5873 365 0.7808
1982 7 3 24 227 143 727 0.1967 365 0.6219
1982 7 4 24 235 300 726 0.4132 360 0.6528
1982 7 5 24 337 645 721 0.8946 360 0.9361
1982 7 6 24 261 278 721 0.3856 356 0.7331
1982 7 7 24 261 403 721 0.5589 365 0.7151
1982 7 8 24 334 717 720 0.9958 365 0.9151
1982 7 9 24 338 719 719 1 365 0.926
1982 7 10 24 284 287 719 0.3992 362 0.7845
1982 7 11 24 321 680 717 0.9484 357 0.8992
1982 7 12 24 320 680 717 0.9484 354 0.904
1982 7 13 24 294 631 716 0.8813 350 0.84
1982 7 14 24 246 356 712 0.5 354 0.6949
1982 7 15 24 272 496 712 0.6966 354 0.7684
1982 7 16 24 294 510 750 0.68 354 0.8305
1982 7 17 24 176 102 750 0.136 350 0.5029
1982 7 18 24 319 594 750 0.792 348 0.9167
1982 7 19 24 237 349 705 0.495 347 0.683
1982 7 20 24 177 75 700 0.1071 347 0.5101
1982 7 21 24 223 361 699 0.5165 346 0.6445
1982 7 22 24 235 341 697 0.4892 346 0.6792
1982 7 23 24 197 72 696 0.1034 336 0.5863
1982 7 24 24 140 0 696 0 334 0.4192
1982 7 25 24 89 0 684 0 331 0.2689
1982 7 26 24 43 0 678 0 331 0.1299
1982 7 27 24 62 0 662 0 331 0.1873
1982 7 28 24 70 7 657 0.0107 330 0.2121
1982 7 29 24 294 499 673 0.7415 330 0.8909
1982 7 30 24 205 106 673 0.1575 327 0.6269
1982 7 31 24 88 9 673 0.0134 327 0.2691
1982 8 1 24 300 648 651 0.9954 327 0.9174
1982 8 2 24 175 119 651 0.1828 327 0.5352
1982 8 3 24 128 18 648 0.0278 326 0.3926
1982 8 4 24 142 19 648 0.0293 325 0.4369
1982 8 5 24 237 179 648 0.2762 317 0.7476
1982 8 6 24 150 164 648 0.2531 317 0.4732
1982 8 7 24 145 9 646 0.0139 317 0.4574
1982 8 8 24 119 0 716 0 317 0.3754
1982 8 9 24 132 0 716 0 314 0.4204
1982 8 10 24 209 153 716 0.2137 314 0.6656
1982 8 11 24 285 633 700 0.9043 305 0.9344
1982 8 12 24 280 576 700 0.8229 315 0.8889
1982 8 13 24 207 414 700 0.5914 315 0.6571
1982 8 14 24 237 417 642 0.6495 315 0.7524
1982 8 15 24 211 396 641 0.6178 304 0.6941
1982 8 16 24 182 326 641 0.5086 300 0.6067
1982 8 17 24 82 9 640 0.0141 302 0.2715
1982 8 18 24 277 626 640 0.9781 302 0.9172
1982 8 19 24 212 356 639 0.5571 302 0.702
1982 8 20 24 32 0 639 0 296 0.1081
1982 8 21 24 158 125 638 0.1959 302 0.5232
1982 8 22 24 278 633 638 0.9922 302 0.9205
1982 8 23 24 266 634 636 0.9969 302 0.8808
1982 8 24 24 151 210 636 0.3302 288 0.5243
1982 8 25 24 131 38 635 0.0598 288 0.4549
1982 8 26 24 213 391 635 0.6157 282 0.7553
1982 8 27 24 68 0 634 0 289 0.2353
1982 8 28 24 43 0 633 0 289 0.1488
1982 8 29 24 189 220 633 0.3476 289 0.654
1982 8 30 24 259 627 633 0.9905 280 0.925
1982 8 31 24 41 46 633 0.0727 280 0.1464
1982 9 1 24 182 193 632 0.3054 280 0.65
1982 9 2 24 248 606 630 0.9619 279 0.8889
1982 9 3 24 249 628 628 1 264 0.9432
1982 9 4 24 232 625 628 0.9952 264 0.8788
1982 9 5 24 211 539 628 0.8583 266 0.7932
1982 9 6 24 55 26 628 0.0414 266 0.2068
1982 9 7 24 44 0 626 0 266 0.1654
1982 9 8 24 67 46 626 0.0735 259 0.2587
1982 9 9 24 228 546 624 0.875 259 0.8803
1982 9 10 24 220 568 624 0.9103 250 0.88
1982 9 11 24 218 456 623 0.7319 249 0.8755
1982 9 12 24 225 607 621 0.9775 249 0.9036
1982 9 13 24 224 602 620 0.971 249 0.8996
1982 9 14 24 219 587 617 0.9514 245 0.8939
1982 9 15 24 216 601 615 0.9772 244 0.8852
1982 9 16 24 211 584 614 0.9511 241 0.8755
1982 9 17 24 207 563 612 0.9199 251 0.8247
1982 9 18 24 186 458 611 0.7496 251 0.741
1982 9 19 24 199 535 610 0.877 251 0.7928
1982 9 20 24 187 487 608 0.801 236 0.7924
1982 9 21 24 80 15 604 0.0248 233 0.3433
1982 9 22 24 107 65 601 0.1082 233 0.4592
1982 9 23 24 57 13 599 0.0217 224 0.2545
1982 9 24 24 122 238 596 0.3993 224 0.5446
1982 9 25 24 79 40 594 0.0673 222 0.3559
1982 9 26 24 97 89 592 0.1503 214 0.4533
1982 9 27 24 188 584 590 0.9898 212 0.8868
1982 9 28 24 162 416 588 0.7075 211 0.7678
1982 9 29 24 187 581 586 0.9915 211 0.8863
1982 9 30 24 53 17 581 0.0293 210 0.2524
1982 10 1 24 62 13 580 0.0224 207 0.2995
1982 10 2 24 144 369 579 0.6373 204 0.7059
1982 10 3 24 149 409 578 0.7076 197 0.7563
1982 10 4 24 124 201 576 0.349 197 0.6294
1982 10 5 24 55 0 574 0 195 0.2821
1982 10 6 24 27 0 572 0 191 0.1414
1982 10 7 24 181 512 567 0.903 190 0.9526
1982 10 8 24 134 178 567 0.3139 187 0.7166
1982 10 9 24 79 13 562 0.0231 185 0.427
1982 10 10 24 73 2 559 0.0036 182 0.4011
1982 10 11 24 143 386 557 0.693 181 0.7901
1982 10 12 24 101 37 555 0.0667 178 0.5674
1982 10 13 24 84 37 551 0.0672 178 0.4719
1982 10 14 24 158 488 548 0.8905 175 0.9029
1982 10 15 24 70 31 546 0.0568 175 0.4
1982 10 16 24 150 534 544 0.9816 171 0.8772
1982 10 17 24 92 182 539 0.3377 169 0.5444
1982 10 18 24 110 286 529 0.5406 165 0.6667
1982 10 19 24 50 12 519 0.0231 162 0.3086
1982 10 20 24 141 509 517 0.9845 162 0.8704
1982 10 21 24 143 502 510 0.9843 159 0.8994
1982 10 22 24 108 291 502 0.5797 159 0.6792
1982 10 23 24 53 53 493 0.1075 154 0.3442
1982 10 24 24 45 0 489 0 150 0.3
1982 10 25 24 68 28 483 0.058 150 0.4533
1982 10 26 24 124 480 480 1 149 0.8322
1982 10 27 24 140 472 480 0.9833 144 0.9722
1982 10 28 24 125 469 472 0.9936 142 0.8803
1982 10 29 24 121 450 470 0.9574 138 0.8768
1982 10 30 24 121 462 465 0.9935 134 0.903
1982 10 31 24 114 457 463 0.987 133 0.8571
1982 11 1 24 108 348 462 0.7532 130 0.8308
1982 11 2 24 79 74 461 0.1605 130 0.6077
1982 11 3 24 111 438 460 0.9522 129 0.8605
1982 11 4 24 95 360 460 0.7826 125 0.76
1982 11 5 24 86 300 458 0.655 125 0.688
1982 11 6 24 108 448 451 0.9933 125 0.864
1982 11 7 24 90 278 449 0.6192 121 0.7438
1982 11 8 24 44 19 445 0.0427 121 0.3636
1982 11 9 24 19 0 443 0 118 0.161
1982 11 10 24 52 16 441 0.0363 118 0.4407
1982 11 11 24 99 424 439 0.9658 114 0.8684
1982 11 12 24 97 387 435 0.8897 114 0.8509
1982 11 13 24 19 0 431 0 108 0.1759
1982 11 14 24 60 60 428 0.1402 108 0.5556
1982 11 15 24 67 6 423 0.0142 106 0.6321
1982 11 16 24 96 411 421 0.9762 104 0.9231
1982 11 17 24 43 0 419 0 104 0.4135
1982 11 18 24 18 0 417 0 104 0.1731
1982 11 19 24 73 137 415 0.3301 102 0.7157
1982 11 20 24 87 408 414 0.9855 99 0.8788
1982 11 21 24 86 405 410 0.9878 99 0.8687
1982 11 22 24 85 404 407 0.9926 99 0.8586
1982 11 23 24 81 401 405 0.9901 97 0.8351
1982 11 24 24 70 114 403 0.2829 97 0.7216
1982 11 25 24 59 98 401 0.2444 96 0.6146
1982 11 26 24 74 209 399 0.5238 96 0.7708
1982 11 27 24 53 61 396 0.154 89 0.5955
1982 11 28 24 24 0 395 0 89 0.2697
1982 11 29 24 32 0 392 0 86 0.3721
1982 11 30 24 71 329 391 0.8414 102 0.6961
1982 12 1 24 68 299 389 0.7686 102 0.6667
1982 12 2 24 59 161 388 0.4149 102 0.5784
1982 12 3 24 64 280 387 0.7235 86 0.7442
1982 12 4 24 71 382 387 0.9871 86 0.8256
1982 12 5 24 72 381 387 0.9845 86 0.8372
1982 12 6 24 36 4 386 0.0104 81 0.4444
1982 12 7 24 40 38 381 0.0997 89 0.4494
1982 12 8 24 51 132 380 0.3474 89 0.573
1982 12 9 24 46 51 379 0.1346 89 0.5169
1982 12 10 24 56 140 377 0.3714 80 0.7
1982 12 11 24 52 27 377 0.0716 80 0.65
1982 12 12 24 37 58 377 0.1538 81 0.4568
1982 12 13 24 67 171 375 0.456 81 0.8272
1982 12 14 24 44 0 375 0 81 0.5432
1982 12 15 24 41 0 375 0 76 0.5395
1982 12 16 24 17 0 374 0 85 0.2
1982 12 17 24 46 98 374 0.262 85 0.5412
1982 12 18 24 27 0 374 0 85 0.3176
1982 12 19 24 59 263 386 0.6813 84 0.7024
1982 12 20 24 38 0 386 0 84 0.4524
1982 12 21 24 46 123 386 0.3187 84 0.5476
1982 12 22 24 68 370 373 0.992 78 0.8718
1982 12 23 24 61 243 373 0.6515 82 0.7439
1982 12 24 24 58 165 373 0.4424 82 0.7073
1982 12 25 24 28 0 373 0 82 0.3415
1982 12 26 24 68 370 374 0.9893 77 0.8831
1982 12 27 24 62 348 374 0.9305 77 0.8052
1982 12 28 24 36 0 374 0 77 0.4675
1982 12 29 24 65 318 375 0.848 79 0.8228
1982 12 30 24 69 372 376 0.9894 79 0.8734
1982 12 31 24 67 361 377 0.9576 79 0.8481
1983 1 1 24 69 373 377 0.9894 79 0.8734
1983 1 2 24 41 15 378 0.0397 81 0.5062
1983 1 3 24 39 0 378 0 81 0.4815
1983 1 4 24 56 83 379 0.219 81 0.6914
1983 1 5 24 16 0 381 0 93 0.172
1983 1 6 24 73 379 382 0.9921 93 0.7849
1983 1 7 24 49 0 384 0 93 0.5269
1983 1 8 24 61 114 385 0.2961 86 0.7093
1983 1 9 24 76 382 387 0.9871 87 0.8736
1983 1 10 24 77 384 387 0.9922 93 0.828
1983 1 11 24 77 386 389 0.9923 93 0.828
1983 1 12 24 78 387 390 0.9923 93 0.8387
1983 1 13 24 71 224 392 0.5714 91 0.7802
1983 1 14 24 67 183 394 0.4645 92 0.7283
1983 1 15 24 11 0 396 0 92 0.1196
1983 1 16 24 8 0 400 0 92 0.087
1983 1 17 24 42 71 401 0.1771 94 0.4468
1983 1 18 24 87 400 403 0.9926 96 0.9062
1983 1 19 24 44 0 405 0 99 0.4444
1983 1 20 24 33 0 408 0 99 0.3333
1983 1 21 24 77 267 417 0.6403 107 0.7196
1983 1 22 24 87 407 417 0.976 107 0.8131
1983 1 23 24 93 410 417 0.9832 107 0.8692
1983 1 24 24 97 414 417 0.9928 106 0.9151
1983 1 25 24 91 247 420 0.5881 108 0.8426
1983 1 26 24 26 0 427 0 112 0.2321
1983 1 27 24 46 0 427 0 112 0.4107
1983 1 28 24 88 332 429 0.7739 113 0.7788
1983 1 29 24 62 122 432 0.2824 117 0.5299
1983 1 30 24 59 46 436 0.1055 117 0.5043
1983 1 31 24 62 0 439 0 118 0.5254
1983 2 1 24 101 384 441 0.8707 119 0.8487
1983 2 2 24 48 0 444 0 120 0.4
1983 2 3 24 70 0 446 0 125 0.56
1983 2 4 24 100 193 449 0.4298 127 0.7874
1983 2 5 24 66 0 452 0 132 0.5
1983 2 6 24 66 0 463 0 132 0.5
1983 2 7 24 102 254 463 0.5486 133 0.7669
1983 2 8 24 115 288 463 0.622 133 0.8647
1983 2 9 24 107 342 461 0.7419 139 0.7698
1983 2 10 24 117 301 462 0.6515 142 0.8239
1983 2 11 24 91 0 464 0 142 0.6408
1983 2 12 24 126 460 468 0.9829 143 0.8811
1983 2 13 24 121 400 472 0.8475 143 0.8462
1983 2 14 24 128 426 473 0.9006 149 0.8591
1983 2 15 24 137 469 476 0.9853 149 0.9195
1983 2 16 24 142 475 500 0.95 154 0.9221
1983 2 17 24 141 476 500 0.952 158 0.8924
1983 2 18 24 143 478 500 0.956 160 0.8938
1983 2 19 24 147 487 496 0.9819 162 0.9074
1983 2 20 24 149 492 507 0.9704 164 0.9085
1983 2 21 24 152 498 512 0.9727 165 0.9212
1983 2 22 24 158 507 518 0.9788 170 0.9294
1983 2 23 24 160 514 520 0.9885 177 0.904
1983 2 24 24 162 519 530 0.9792 177 0.9153
1983 2 25 24 95 0 541 0 179 0.5307
1983 2 26 24 114 88 546 0.1612 180 0.6333
1983 2 27 24 85 0 546 0 185 0.4595
1983 2 28 24 71 0 548 0 185 0.3838
1983 3 1 24 121 0 554 0 196 0.6173
1983 3 2 24 123 3 557 0.0054 196 0.6276
1983 3 3 24 181 555 558 0.9946 198 0.9141
1983 3 4 24 186 557 562 0.9911 205 0.9073
1983 3 5 24 164 393 566 0.6943 205 0.8
1983 3 6 24 172 471 569 0.8278 208 0.8269
1983 3 7 24 114 67 571 0.1173 209 0.5455
1983 3 8 24 192 569 574 0.9913 211 0.91
1983 3 9 24 197 572 576 0.9931 213 0.9249
1983 3 10 24 187 547 578 0.9464 213 0.8779
1983 3 11 24 192 576 579 0.9948 217 0.8848
1983 3 12 24 180 441 580 0.7603 219 0.8219
1983 3 13 24 197 579 581 0.9966 223 0.8834
1983 3 14 24 164 117 586 0.1997 226 0.7257
1983 3 15 24 151 0 587 0 229 0.6594
1983 3 16 24 140 7 590 0.0119 229 0.6114
1983 3 17 24 78 0 590 0 234 0.3333
1983 3 18 24 94 0 594 0 236 0.3983
1983 3 19 24 117 0 597 0 240 0.4875
1983 3 20 24 204 428 600 0.7133 242 0.843
1983 3 21 24 212 512 603 0.8491 245 0.8653
1983 3 22 24 73 3 603 0.005 245 0.298
1983 3 23 24 171 73 606 0.1205 245 0.698
1983 3 24 24 163 109 610 0.1787 249 0.6546
1983 3 25 24 76 0 612 0 260 0.2923
1983 3 26 24 107 0 613 0 260 0.4115
1983 3 27 24 242 505 615 0.8211 266 0.9098
1983 3 28 24 159 6 617 0.0097 266 0.5977
1983 3 29 24 153 0 617 0 266 0.5752
1983 3 30 24 243 530 620 0.8548 263 0.924
1983 3 31 24 236 475 622 0.7637 282 0.8369
1983 4 1 24 154 0 623 0 282 0.5461
1983 4 2 24 95 31 624 0.0497 282 0.3369
1983 4 3 24 196 0 625 0 277 0.7076
1983 4 4 24 196 148 625 0.2368 277 0.7076
1983 4 5 24 192 22 627 0.0351 277 0.6931
1983 4 6 24 107 0 629 0 291 0.3677
1983 4 7 24 167 24 629 0.0382 291 0.5739
1983 4 8 24 206 89 631 0.141 291 0.7079
1983 4 9 24 181 28 631 0.0444 287 0.6307
1983 4 10 24 259 458 632 0.7247 296 0.875
1983 4 11 24 235 156 633 0.2464 299 0.786
1983 4 12 24 176 9 633 0.0142 299 0.5886
1983 4 13 24 217 0 633 0 300 0.7233
1983 4 14 24 194 0 634 0 303 0.6403
1983 4 15 24 112 0 634 0 307 0.3648
1983 4 16 24 292 631 634 0.9953 307 0.9511
1983 4 17 24 276 387 634 0.6104 307 0.899
1983 4 18 24 188 112 637 0.1758 309 0.6084
1983 4 19 24 197 177 637 0.2779 320 0.6156
1983 4 20 24 267 314 638 0.4922 320 0.8344
1983 4 21 24 200 108 639 0.169 320 0.625
1983 4 22 24 257 452 639 0.7074 320 0.8031
1983 4 23 24 285 515 640 0.8047 320 0.8906
1983 4 24 24 229 224 640 0.35 320 0.7156
1983 4 25 24 235 254 640 0.3969 316 0.7437
1983 4 26 24 168 73 642 0.1137 316 0.5316
1983 4 27 24 244 291 642 0.4533 315 0.7746
1983 4 28 24 172 6 642 0.0093 337 0.5104
1983 4 29 24 161 4 643 0.0062 337 0.4777
1983 4 30 24 155 22 643 0.0342 337 0.4599
1983 5 1 24 94 46 643 0.0715 332 0.2831
1983 5 2 24 317 343 642 0.5343 333 0.952
1983 5 3 24 254 248 642 0.3863 354 0.7175
1983 5 4 24 152 101 645 0.1566 354 0.4294
1983 5 5 24 184 29 645 0.045 354 0.5198
1983 5 6 24 272 105 647 0.1623 353 0.7705
1983 5 7 24 153 103 647 0.1592 353 0.4334
1983 5 8 24 75 0 647 0 353 0.2125
1983 5 9 24 176 7 648 0.0108 344 0.5116
1983 5 10 24 205 187 648 0.2886 344 0.5959
1983 5 11 24 138 7 649 0.0108 344 0.4012
1983 5 12 24 201 150 651 0.2304 341 0.5894
1983 5 13 24 189 57 654 0.0872 353 0.5354
1983 5 14 24 228 223 656 0.3399 353 0.6459
1983 5 15 24 125 30 656 0.0457 353 0.3541
1983 5 16 24 206 323 659 0.4901 355 0.5803
1983 5 17 24 334 659 673 0.9792 355 0.9408
1983 5 18 24 211 112 688 0.1628 360 0.5861
1983 5 19 24 188 99 692 0.1431 360 0.5222
1983 5 20 24 293 418 692 0.604 360 0.8139
1983 5 21 24 115 86 697 0.1234 359 0.3203
1983 5 22 24 93 0 699 0 359 0.2591
1983 5 23 24 109 0 702 0 363 0.3003
1983 5 24 24 145 0 705 0 363 0.3994
1983 5 25 24 98 0 706 0 363 0.27
1983 5 26 24 148 0 706 0 358 0.4134
1983 5 27 24 218 0 708 0 362 0.6022
1983 5 28 24 243 10 713 0.014 369 0.6585
1983 5 29 24 317 187 714 0.2619 369 0.8591
1983 5 30 24 311 402 715 0.5622 369 0.8428
1983 5 31 24 296 386 717 0.5384 363 0.8154
1983 6 1 24 258 207 717 0.2887 363 0.7107
1983 6 2 24 200 146 718 0.2033 361 0.554
1983 6 3 24 299 321 718 0.4471 370 0.8081
1983 6 4 24 315 559 718 0.7786 370 0.8514
1983 6 5 24 294 455 698 0.6519 375 0.784
1983 6 6 24 88 48 725 0.0662 376 0.234
1983 6 7 24 353 723 725 0.9972 376 0.9388
1983 6 8 24 353 724 727 0.9959 376 0.9388
1983 6 9 24 250 326 727 0.4484 366 0.6831
1983 6 10 24 191 77 727 0.1059 366 0.5219
1983 6 11 24 316 334 729 0.4582 384 0.8229
1983 6 12 24 346 635 729 0.8711 384 0.901
1983 6 13 24 148 0 730 0 384 0.3854
1983 6 14 24 62 0 730 0 363 0.1708
1983 6 15 24 137 48 730 0.0658 367 0.3733
1983 6 16 24 147 13 728 0.0179 367 0.4005
1983 6 17 24 255 21 733 0.0286 367 0.6948
1983 6 18 24 203 18 733 0.0246 366 0.5546
1983 6 19 24 264 340 733 0.4638 367 0.7193
1983 6 20 24 208 190 733 0.2592 367 0.5668
1983 6 21 24 260 171 733 0.2333 368 0.7065
1983 6 22 24 272 170 733 0.2319 373 0.7292
1983 6 23 24 262 346 733 0.472 373 0.7024
1983 6 24 24 231 290 733 0.3956 373 0.6193
1983 6 25 24 242 320 733 0.4366 367 0.6594
1983 6 26 24 239 166 733 0.2265 361 0.662
1983 6 27 24 102 15 731 0.0205 363 0.281
1983 6 28 24 115 0 731 0 363 0.3168
1983 6 29 24 339 727 731 0.9945 363 0.9339
1983 6 30 24 279 234 728 0.3214 360 0.775
1983 7 1 24 152 37 728 0.0508 365 0.4164
1983 7 2 24 338 625 727 0.8597 365 0.926
1983 7 3 24 340 716 727 0.9849 365 0.9315
1983 7 4 24 279 339 726 0.4669 360 0.775
1983 7 5 24 196 294 721 0.4078 360 0.5444
1983 7 6 24 186 187 721 0.2594 356 0.5225
1983 7 7 24 129 0 721 0 365 0.3534
1983 7 8 24 199 29 720 0.0403 365 0.5452
1983 7 9 24 252 432 719 0.6008 365 0.6904
1983 7 10 24 216 256 719 0.3561 362 0.5967
1983 7 11 24 309 594 717 0.8285 357 0.8655
1983 7 12 24 195 342 717 0.477 354 0.5508
1983 7 13 24 181 203 716 0.2835 350 0.5171
1983 7 14 24 259 328 712 0.4607 354 0.7316
1983 7 15 24 331 711 712 0.9986 354 0.935
1983 7 16 24 325 709 750 0.9453 354 0.9181
1983 7 17 24 291 538 750 0.7173 350 0.8314
1983 7 18 24 281 546 750 0.728 348 0.8075
1983 7 19 24 254 421 705 0.5972 347 0.732
1983 7 20 24 278 544 700 0.7771 347 0.8012
1983 7 21 24 248 443 699 0.6338 346 0.7168
1983 7 22 24 289 655 697 0.9397 346 0.8353
1983 7 23 24 199 399 696 0.5733 336 0.5923
1983 7 24 24 202 398 696 0.5718 334 0.6048
1983 7 25 24 302 652 684 0.9532 331 0.9124
1983 7 26 24 240 499 678 0.736 331 0.7251
1983 7 27 24 274 595 662 0.8988 331 0.8278
1983 7 28 24 236 492 657 0.7489 330 0.7152
1983 7 29 24 145 135 673 0.2006 330 0.4394
1983 7 30 24 298 653 673 0.9703 327 0.9113
1983 7 31 24 291 651 673 0.9673 327 0.8899
1983 8 1 24 227 436 651 0.6697 327 0.6942
1983 8 2 24 103 48 651 0.0737 327 0.315
1983 8 3 24 62 0 648 0 326 0.1902
1983 8 4 24 77 16 648 0.0247 325 0.2369
1983 8 5 24 57 0 648 0 317 0.1798
1983 8 6 24 66 0 648 0 317 0.2082
1983 8 7 24 193 168 646 0.2601 317 0.6088
1983 8 8 24 292 643 716 0.898 317 0.9211
1983 8 9 24 262 559 716 0.7807 314 0.8344
1983 8 10 24 110 25 716 0.0349 314 0.3503
1983 8 11 24 120 28 700 0.04 305 0.3934
1983 8 12 24 93 3 700 0.0043 315 0.2952
1983 8 13 24 94 59 700 0.0843 315 0.2984
1983 8 14 24 283 640 642 0.9969 315 0.8984
1983 8 15 24 275 640 641 0.9984 304 0.9046
1983 8 16 24 255 483 641 0.7535 300 0.85
1983 8 17 24 209 218 640 0.3406 302 0.6921
1983 8 18 24 268 579 640 0.9047 302 0.8874
1983 8 19 24 224 424 639 0.6635 302 0.7417
1983 8 20 24 178 253 639 0.3959 296 0.6014
1983 8 21 24 242 484 638 0.7586 302 0.8013
1983 8 22 24 185 360 638 0.5643 302 0.6126
1983 8 23 24 176 338 636 0.5314 302 0.5828
1983 8 24 24 55 0 636 0 288 0.191
1983 8 25 24 136 101 635 0.1591 288 0.4722
1983 8 26 24 180 225 635 0.3543 282 0.6383
1983 8 27 24 248 588 634 0.9274 289 0.8581
1983 8 28 24 199 419 633 0.6619 289 0.6886
1983 8 29 24 88 2 633 0.0032 289 0.3045
1983 8 30 24 222 429 633 0.6777 280 0.7929
1983 8 31 24 225 480 633 0.7583 280 0.8036
1983 9 1 24 187 406 632 0.6424 280 0.6679
1983 9 2 24 120 83 630 0.1317 279 0.4301
1983 9 3 24 50 11 628 0.0175 264 0.1894
1983 9 4 24 207 405 628 0.6449 264 0.7841
1983 9 5 24 112 68 628 0.1083 266 0.4211
1983 9 6 24 183 299 628 0.4761 266 0.688
1983 9 7 24 173 283 626 0.4521 266 0.6504
1983 9 8 24 233 624 626 0.9968 259 0.8996
1983 9 9 24 164 269 624 0.4311 259 0.6332
1983 9 10 24 51 21 624 0.0337 250 0.204
1983 9 11 24 97 53 623 0.0851 249 0.3896
1983 9 12 24 104 0 621 0 249 0.4177
1983 9 13 24 236 610 620 0.9839 249 0.9478
1983 9 14 24 213 582 617 0.9433 245 0.8694
1983 9 15 24 202 601 615 0.9772 244 0.8279
1983 9 16 24 26 0 614 0 241 0.1079
1983 9 17 24 123 85 612 0.1389 251 0.49
1983 9 18 24 194 400 611 0.6547 251 0.7729
1983 9 19 24 214 608 610 0.9967 251 0.8526
1983 9 20 24 188 355 608 0.5839 236 0.7966
1983 9 21 24 120 122 604 0.202 233 0.515
1983 9 22 24 186 524 601 0.8719 233 0.7983
1983 9 23 24 201 596 599 0.995 224 0.8973
1983 9 24 24 199 594 596 0.9966 224 0.8884
1983 9 25 24 87 119 594 0.2003 222 0.3919
1983 9 26 24 190 590 592 0.9966 214 0.8879
1983 9 27 24 192 588 590 0.9966 212 0.9057
1983 9 28 24 189 586 588 0.9966 211 0.8957
1983 9 29 24 171 509 586 0.8686 211 0.8104
1983 9 30 24 138 305 581 0.525 210 0.6571
1983 10 1 24 173 542 580 0.9345 207 0.8357
1983 10 2 24 71 1 579 0.0017 204 0.348
1983 10 3 24 160 410 578 0.7093 197 0.8122
1983 10 4 24 173 574 576 0.9965 197 0.8782
1983 10 5 24 174 572 574 0.9965 195 0.8923
1983 10 6 24 58 136 572 0.2378 191 0.3037
1983 10 7 24 165 567 567 1 190 0.8684
1983 10 8 24 145 353 567 0.6226 187 0.7754
1983 10 9 24 35 0 562 0 185 0.1892
1983 10 10 24 155 555 559 0.9928 182 0.8516
1983 10 11 24 44 1 557 0.0018 181 0.2431
1983 10 12 24 163 523 555 0.9423 178 0.9157
1983 10 13 24 154 548 551 0.9946 178 0.8652
1983 10 14 24 134 448 548 0.8175 175 0.7657
1983 10 15 24 88 252 546 0.4615 175 0.5029
1983 10 16 24 85 112 544 0.2059 171 0.4971
1983 10 17 24 66 3 539 0.0056 169 0.3905
1983 10 18 24 128 291 529 0.5501 165 0.7758
1983 10 19 24 125 381 519 0.7341 162 0.7716
1983 10 20 24 140 485 517 0.9381 162 0.8642
1983 10 21 24 96 104 510 0.2039 159 0.6038
1983 10 22 24 135 493 502 0.9821 159 0.8491
1983 10 23 24 134 489 493 0.9919 154 0.8701
1983 10 24 24 132 483 489 0.9877 150 0.88
1983 10 25 24 132 477 483 0.9876 150 0.88
1983 10 26 24 124 405 480 0.8438 149 0.8322
1983 10 27 24 121 472 480 0.9833 144 0.8403
1983 10 28 24 119 469 472 0.9936 142 0.838
1983 10 29 24 101 291 470 0.6191 138 0.7319
1983 10 30 24 83 199 465 0.428 134 0.6194
1983 10 31 24 56 31 463 0.067 133 0.4211
1983 11 1 24 115 460 462 0.9957 130 0.8846
1983 11 2 24 107 458 461 0.9935 130 0.8231
1983 11 3 24 96 348 460 0.7565 129 0.7442
1983 11 4 24 64 29 460 0.063 125 0.512
1983 11 5 24 91 244 458 0.5328 125 0.728
1983 11 6 24 94 409 451 0.9069 125 0.752
1983 11 7 24 99 423 449 0.9421 121 0.8182
1983 11 8 24 101 443 445 0.9955 121 0.8347
1983 11 9 24 99 441 443 0.9955 118 0.839
1983 11 10 24 99 439 441 0.9955 118 0.839
1983 11 11 24 96 435 439 0.9909 114 0.8421
1983 11 12 24 95 431 435 0.9908 114 0.8333
1983 11 13 24 95 428 431 0.993 108 0.8796
1983 11 14 24 31 3 428 0.007 108 0.287
1983 11 15 24 90 421 423 0.9953 106 0.8491
1983 11 16 24 88 413 421 0.981 104 0.8462
1983 11 17 24 90 417 419 0.9952 104 0.8654
1983 11 18 24 88 415 417 0.9952 104 0.8462
1983 11 19 24 88 414 415 0.9976 102 0.8627
1983 11 20 24 84 341 414 0.8237 99 0.8485
1983 11 21 24 86 407 410 0.9927 99 0.8687
1983 11 22 24 85 405 407 0.9951 99 0.8586
1983 11 23 24 71 297 405 0.7333 97 0.732
1983 11 24 24 78 389 403 0.9653 97 0.8041
1983 11 25 24 31 0 401 0 96 0.3229
1983 11 26 24 18 0 399 0 96 0.1875
1983 11 27 24 10 0 396 0 89 0.1124
1983 11 28 24 20 0 395 0 89 0.2247
1983 11 29 24 32 8 392 0.0204 86 0.3721
1983 11 30 24 27 0 391 0 102 0.2647
1983 12 1 24 81 387 389 0.9949 102 0.7941
1983 12 2 24 80 386 388 0.9948 102 0.7843
1983 12 3 24 78 384 387 0.9922 86 0.907
1983 12 4 24 72 382 387 0.9871 86 0.8372
1983 12 5 24 73 381 387 0.9845 86 0.8488
1983 12 6 24 45 13 386 0.0337 81 0.5556
1983 12 7 24 38 7 381 0.0184 89 0.427
1983 12 8 24 71 371 380 0.9763 89 0.7978
1983 12 9 24 53 131 379 0.3456 89 0.5955
1983 12 10 24 61 209 377 0.5544 80 0.7625
1983 12 11 24 50 131 377 0.3475 80 0.625
1983 12 12 24 60 155 377 0.4111 81 0.7407
1983 12 13 24 56 222 375 0.592 81 0.6914
1983 12 14 24 69 373 375 0.9947 81 0.8519
1983 12 15 24 69 372 375 0.992 76 0.9079
1983 12 16 24 58 89 374 0.238 85 0.6824
1983 12 17 24 45 21 374 0.0561 85 0.5294
1983 12 18 24 43 70 374 0.1872 85 0.5059
1983 12 19 24 19 0 386 0 84 0.2262
1983 12 20 24 64 340 386 0.8808 84 0.7619
1983 12 21 24 29 0 386 0 84 0.3452
1983 12 22 24 35 20 373 0.0536 78 0.4487
1983 12 23 24 23 0 373 0 82 0.2805
1983 12 24 24 60 298 373 0.7989 82 0.7317
1983 12 25 24 48 169 373 0.4531 82 0.5854
1983 12 26 24 44 85 374 0.2273 77 0.5714
1983 12 27 24 64 306 374 0.8182 77 0.8312
1983 12 28 24 64 370 374 0.9893 77 0.8312
1983 12 29 24 65 372 375 0.992 79 0.8228
1983 12 30 24 66 293 376 0.7793 79 0.8354
1983 12 31 24 56 265 377 0.7029 79 0.7089
1984 1 1 24 53 220 377 0.5836 79 0.6709
1984 1 2 24 61 251 378 0.664 81 0.7531
1984 1 3 24 55 160 378 0.4233 81 0.679
1984 1 4 24 43 27 379 0.0712 81 0.5309
1984 1 5 24 35 85 381 0.2231 93 0.3763
1984 1 6 24 39 0 382 0 93 0.4194
1984 1 7 24 67 235 384 0.612 93 0.7204
1984 1 8 24 48 96 385 0.2494 86 0.5581
1984 1 9 24 42 5 387 0.0129 87 0.4828
1984 1 10 24 59 139 387 0.3592 93 0.6344
1984 1 11 24 78 386 389 0.9923 93 0.8387
1984 1 12 24 40 0 390 0 93 0.4301
1984 1 13 24 58 169 392 0.4311 91 0.6374
1984 1 14 24 63 121 394 0.3071 92 0.6848
1984 1 15 24 35 0 396 0 92 0.3804
1984 1 16 24 56 130 400 0.325 92 0.6087
1984 1 17 24 61 44 401 0.1097 94 0.6489
1984 1 18 24 69 214 403 0.531 96 0.7188
1984 1 19 24 41 0 405 0 99 0.4141
1984 1 20 24 40 4 408 0.0098 99 0.404
1984 1 21 24 59 20 417 0.048 107 0.5514
1984 1 22 24 70 210 417 0.5036 107 0.6542
1984 1 23 24 66 122 417 0.2926 107 0.6168
1984 1 24 24 42 0 417 0 106 0.3962
1984 1 25 24 34 0 420 0 108 0.3148
1984 1 26 24 71 129 427 0.3021 112 0.6339
1984 1 27 24 83 237 427 0.555 112 0.7411
1984 1 28 24 71 179 429 0.4172 113 0.6283
1984 1 29 24 98 360 432 0.8333 117 0.8376
1984 1 30 24 60 0 436 0 117 0.5128
1984 1 31 24 70 136 439 0.3098 118 0.5932
1984 2 1 24 109 422 441 0.9569 119 0.916
1984 2 2 24 52 0 444 0 120 0.4333
1984 2 3 24 108 406 446 0.9103 125 0.864
1984 2 4 24 89 177 449 0.3942 127 0.7008
1984 2 5 24 88 188 452 0.4159 132 0.6667
1984 2 6 24 47 0 463 0 132 0.3561
1984 2 7 24 24 0 463 0 133 0.1805
1984 2 8 24 22 0 463 0 133 0.1654
1984 2 9 24 38 0 461 0 139 0.2734
1984 2 10 24 102 274 462 0.5931 142 0.7183
1984 2 11 24 38 0 464 0 142 0.2676
1984 2 12 24 131 461 468 0.985 143 0.9161
1984 2 13 24 128 385 472 0.8157 143 0.8951
1984 2 14 24 132 467 473 0.9873 149 0.8859
1984 2 15 24 133 470 476 0.9874 149 0.8926
1984 2 16 24 132 449 500 0.898 154 0.8571
1984 2 17 24 140 476 500 0.952 158 0.8861
1984 2 18 24 144 478 500 0.956 160 0.9
1984 2 19 24 144 486 496 0.9798 162 0.8889
1984 2 20 24 120 184 507 0.3629 164 0.7317
1984 2 21 24 130 276 512 0.5391 165 0.7879
1984 2 22 24 113 242 518 0.4672 170 0.6647
1984 2 23 24 109 27 520 0.0519 177 0.6158
1984 2 24 24 139 360 530 0.6792 177 0.7853
1984 2 25 24 122 308 541 0.5693 179 0.6816
1984 2 26 24 56 0 546 0 180 0.3111
1984 2 27 24 103 38 546 0.0696 185 0.5568
1984 2 28 24 169 428 548 0.781 185 0.9135
1984 2 29 24 158 463 549 0.8434 195 0.8103
1984 3 1 24 171 504 554 0.9097 196 0.8724
1984 3 2 24 107 52 557 0.0934 196 0.5459
1984 3 3 24 87 0 558 0 198 0.4394
1984 3 4 24 147 106 562 0.1886 205 0.7171
1984 3 5 24 186 542 566 0.9576 205 0.9073
1984 3 6 24 186 565 569 0.993 208 0.8942
1984 3 7 24 170 457 571 0.8004 209 0.8134
1984 3 8 24 145 144 574 0.2509 211 0.6872
1984 3 9 24 174 451 576 0.783 213 0.8169
1984 3 10 24 192 574 578 0.9931 213 0.9014
1984 3 11 24 200 577 579 0.9965 217 0.9217
1984 3 12 24 201 579 580 0.9983 219 0.9178
1984 3 13 24 203 579 581 0.9966 223 0.9103
1984 3 14 24 209 581 586 0.9915 226 0.9248
1984 3 15 24 212 585 587 0.9966 229 0.9258
1984 3 16 24 210 587 590 0.9949 229 0.917
1984 3 17 24 208 576 590 0.9763 234 0.8889
1984 3 18 24 144 136 594 0.229 236 0.6102
1984 3 19 24 197 453 597 0.7588 240 0.8208
1984 3 20 24 180 402 600 0.67 242 0.7438
1984 3 21 24 200 513 603 0.8507 245 0.8163
1984 3 22 24 192 454 603 0.7529 245 0.7837
1984 3 23 24 166 206 606 0.3399 245 0.6776
1984 3 24 24 188 361 610 0.5918 249 0.755
1984 3 25 24 55 0 612 0 260 0.2115
1984 3 26 24 231 468 613 0.7635 260 0.8885
1984 3 27 24 255 504 615 0.8195 266 0.9586
1984 3 28 24 151 70 617 0.1135 266 0.5677
1984 3 29 24 40 0 617 0 266 0.1504
1984 3 30 24 175 0 620 0 263 0.6654
1984 3 31 24 254 614 622 0.9871 282 0.9007
1984 4 1 24 144 0 623 0 282 0.5106
1984 4 2 24 59 0 624 0 282 0.2092
1984 4 3 24 203 16 625 0.0256 277 0.7329
1984 4 4 24 245 178 625 0.2848 277 0.8845
1984 4 5 24 196 157 627 0.2504 277 0.7076
1984 4 6 24 165 0 629 0 291 0.567
1984 4 7 24 239 420 629 0.6677 291 0.8213
1984 4 8 24 95 0 631 0 291 0.3265
1984 4 9 24 194 6 631 0.0095 287 0.676
1984 4 10 24 188 200 632 0.3165 296 0.6351
1984 4 11 24 147 0 633 0 299 0.4916
1984 4 12 24 163 9 633 0.0142 299 0.5452
1984 4 13 24 284 526 633 0.831 300 0.9467
1984 4 14 24 283 631 634 0.9953 303 0.934
1984 4 15 24 286 631 634 0.9953 307 0.9316
1984 4 16 24 218 23 634 0.0363 307 0.7101
1984 4 17 24 175 0 634 0 307 0.57
1984 4 18 24 217 47 637 0.0738 309 0.7023
1984 4 19 24 301 634 637 0.9953 320 0.9406
1984 4 20 24 306 635 638 0.9953 320 0.9562
1984 4 21 24 240 333 639 0.5211 320 0.75
1984 4 22 24 274 626 639 0.9797 320 0.8562
1984 4 23 24 284 589 640 0.9203 320 0.8875
1984 4 24 24 282 590 640 0.9219 320 0.8812
1984 4 25 24 300 638 640 0.9969 316 0.9494
1984 4 26 24 291 579 642 0.9019 316 0.9209
1984 4 27 24 277 479 642 0.7461 315 0.8794
1984 4 28 24 243 338 642 0.5265 337 0.7211
1984 4 29 24 168 164 643 0.2551 337 0.4985
1984 4 30 24 175 0 643 0 337 0.5193
1984 5 1 24 254 263 643 0.409 332 0.7651
1984 5 2 24 233 290 642 0.4517 333 0.6997
1984 5 3 24 181 62 642 0.0966 354 0.5113
1984 5 4 24 211 41 645 0.0636 354 0.596
1984 5 5 24 228 314 645 0.4868 354 0.6441
1984 5 6 24 231 341 647 0.527 353 0.6544
1984 5 7 24 91 0 647 0 353 0.2578
1984 5 8 24 109 0 647 0 353 0.3088
1984 5 9 24 324 633 648 0.9769 344 0.9419
1984 5 10 24 161 23 648 0.0355 344 0.468
1984 5 11 24 234 147 649 0.2265 344 0.6802
1984 5 12 24 234 314 651 0.4823 341 0.6862
1984 5 13 24 265 304 654 0.4648 353 0.7507
1984 5 14 24 152 19 656 0.029 353 0.4306
1984 5 15 24 247 220 656 0.3354 353 0.6997
1984 5 16 24 206 210 659 0.3187 355 0.5803
1984 5 17 24 185 106 673 0.1575 355 0.5211
1984 5 18 24 177 124 688 0.1802 360 0.4917
1984 5 19 24 185 175 692 0.2529 360 0.5139
1984 5 20 24 154 51 692 0.0737 360 0.4278
1984 5 21 24 104 0 697 0 359 0.2897
1984 5 22 24 242 220 699 0.3147 359 0.6741
1984 5 23 24 198 32 702 0.0456 363 0.5455
1984 5 24 24 185 63 705 0.0894 363 0.5096
1984 5 25 24 164 140 706 0.1983 363 0.4518
1984 5 26 24 228 273 706 0.3867 358 0.6369
1984 5 27 24 104 0 708 0 362 0.2873
1984 5 28 24 138 32 713 0.0449 369 0.374
1984 5 29 24 193 179 714 0.2507 369 0.523
1984 5 30 24 195 61 715 0.0853 369 0.5285
1984 5 31 24 171 67 717 0.0934 363 0.4711
1984 6 1 24 344 668 717 0.9317 363 0.9477
1984 6 2 24 236 320 718 0.4457 361 0.6537
1984 6 3 24 224 117 718 0.163 370 0.6054
1984 6 4 24 237 264 718 0.3677 370 0.6405
1984 6 5 24 97 0 698 0 375 0.2587
1984 6 6 24 194 64 725 0.0883 376 0.516
1984 6 7 24 261 233 725 0.3214 376 0.6941
1984 6 8 24 222 252 727 0.3466 376 0.5904
1984 6 9 24 269 351 727 0.4828 366 0.735
1984 6 10 24 354 720 727 0.9904 366 0.9672
1984 6 11 24 209 212 729 0.2908 384 0.5443
1984 6 12 24 231 201 729 0.2757 384 0.6016
1984 6 13 24 343 717 730 0.9822 384 0.8932
1984 6 14 24 260 327 730 0.4479 363 0.7163
1984 6 15 24 156 100 730 0.137 367 0.4251
1984 6 16 24 350 688 728 0.9451 367 0.9537
1984 6 17 24 349 695 733 0.9482 367 0.951
1984 6 18 24 355 725 733 0.9891 366 0.9699
1984 6 19 24 351 726 733 0.9905 367 0.9564
1984 6 20 24 246 465 733 0.6344 367 0.6703
1984 6 21 24 179 111 733 0.1514 368 0.4864
1984 6 22 24 87 27 733 0.0368 373 0.2332
1984 6 23 24 171 74 733 0.101 373 0.4584
1984 6 24 24 92 3 733 0.0041 373 0.2466
1984 6 25 24 261 255 733 0.3479 367 0.7112
1984 6 26 24 133 76 733 0.1037 361 0.3684
1984 6 27 24 352 689 731 0.9425 363 0.9697
1984 6 28 24 139 85 731 0.1163 363 0.3829
1984 6 29 24 207 217 731 0.2969 363 0.5702
1984 6 30 24 274 379 728 0.5206 360 0.7611
1984 7 1 24 305 585 728 0.8036 365 0.8356
1984 7 2 24 140 54 727 0.0743 365 0.3836
1984 7 3 24 188 150 727 0.2063 365 0.5151
1984 7 4 24 152 28 726 0.0386 360 0.4222
1984 7 5 24 275 452 721 0.6269 360 0.7639
1984 7 6 24 342 721 721 1 356 0.9607
1984 7 7 24 345 720 721 0.9986 365 0.9452
1984 7 8 24 328 713 720 0.9903 365 0.8986
1984 7 9 24 304 606 719 0.8428 365 0.8329
1984 7 10 24 315 692 719 0.9624 362 0.8702
1984 7 11 24 235 403 717 0.5621 357 0.6583
1984 7 12 24 315 711 717 0.9916 354 0.8898
1984 7 13 24 265 456 716 0.6369 350 0.7571
1984 7 14 24 317 587 712 0.8244 354 0.8955
1984 7 15 24 178 140 712 0.1966 354 0.5028
1984 7 16 24 145 54 750 0.072 354 0.4096
1984 7 17 24 106 5 750 0.0067 350 0.3029
1984 7 18 24 326 676 750 0.9013 348 0.9368
1984 7 19 24 213 151 705 0.2142 347 0.6138
1984 7 20 24 299 540 700 0.7714 347 0.8617
1984 7 21 24 299 660 699 0.9442 346 0.8642
1984 7 22 24 290 545 697 0.7819 346 0.8382
1984 7 23 24 209 288 696 0.4138 336 0.622
1984 7 24 24 241 426 696 0.6121 334 0.7216
1984 7 25 24 207 355 684 0.519 331 0.6254
1984 7 26 24 117 80 678 0.118 331 0.3535
1984 7 27 24 74 6 662 0.0091 331 0.2236
1984 7 28 24 52 0 657 0 330 0.1576
1984 7 29 24 219 235 673 0.3492 330 0.6636
1984 7 30 24 299 614 673 0.9123 327 0.9144
1984 7 31 24 302 650 673 0.9658 327 0.9235
1984 8 1 24 93 12 651 0.0184 327 0.2844
1984 8 2 24 304 634 651 0.9739 327 0.9297
1984 8 3 24 300 647 648 0.9985 326 0.9202
1984 8 4 24 283 619 648 0.9552 325 0.8708
1984 8 5 24 115 94 648 0.1451 317 0.3628
1984 8 6 24 98 0 648 0 317 0.3091
1984 8 7 24 95 0 646 0 317 0.2997
1984 8 8 24 145 84 716 0.1173 317 0.4574
1984 8 9 24 119 50 716 0.0698 314 0.379
1984 8 10 24 93 37 716 0.0517 314 0.2962
1984 8 11 24 50 0 700 0 305 0.1639
1984 8 12 24 208 241 700 0.3443 315 0.6603
1984 8 13 24 166 218 700 0.3114 315 0.527
1984 8 14 24 148 99 642 0.1542 315 0.4698
1984 8 15 24 188 289 641 0.4509 304 0.6184
1984 8 16 24 135 109 641 0.17 300 0.45
1984 8 17 24 267 539 640 0.8422 302 0.8841
1984 8 18 24 274 611 640 0.9547 302 0.9073
1984 8 19 24 203 287 639 0.4491 302 0.6722
1984 8 20 24 252 550 639 0.8607 296 0.8514
1984 8 21 24 268 626 638 0.9812 302 0.8874
1984 8 22 24 226 400 638 0.627 302 0.7483
1984 8 23 24 212 381 636 0.5991 302 0.702
1984 8 24 24 80 20 636 0.0314 288 0.2778
1984 8 25 24 96 0 635 0 288 0.3333
1984 8 26 24 28 0 635 0 282 0.0993
1984 8 27 24 172 255 634 0.4022 289 0.5952
1984 8 28 24 226 484 633 0.7646 289 0.782
1984 8 29 24 246 529 633 0.8357 289 0.8512
1984 8 30 24 237 565 633 0.8926 280 0.8464
1984 8 31 24 244 628 633 0.9921 280 0.8714
1984 9 1 24 238 600 632 0.9494 280 0.85
1984 9 2 24 248 628 630 0.9968 279 0.8889
1984 9 3 24 198 472 628 0.7516 264 0.75
1984 9 4 24 234 562 628 0.8949 264 0.8864
1984 9 5 24 23 0 628 0 266 0.0865
1984 9 6 24 109 0 628 0 266 0.4098
1984 9 7 24 228 432 626 0.6901 266 0.8571
1984 9 8 24 111 11 626 0.0176 259 0.4286
1984 9 9 24 197 315 624 0.5048 259 0.7606
1984 9 10 24 123 112 624 0.1795 250 0.492
1984 9 11 24 197 389 623 0.6244 249 0.7912
1984 9 12 24 183 352 621 0.5668 249 0.7349
1984 9 13 24 227 616 620 0.9935 249 0.9116
1984 9 14 24 190 457 617 0.7407 245 0.7755
1984 9 15 24 30 0 615 0 244 0.123
1984 9 16 24 79 0 614 0 241 0.3278
1984 9 17 24 62 40 612 0.0654 251 0.247
1984 9 18 24 106 26 611 0.0426 251 0.4223
1984 9 19 24 176 377 610 0.618 251 0.7012
1984 9 20 24 208 582 608 0.9572 236 0.8814
1984 9 21 24 181 424 604 0.702 233 0.7768
1984 9 22 24 155 227 601 0.3777 233 0.6652
1984 9 23 24 52 45 599 0.0751 224 0.2321
1984 9 24 24 150 227 596 0.3809 224 0.6696
1984 9 25 24 80 16 594 0.0269 222 0.3604
1984 9 26 24 94 5 592 0.0084 214 0.4393
1984 9 27 24 107 93 590 0.1576 212 0.5047
1984 9 28 24 176 560 588 0.9524 211 0.8341
1984 9 29 24 182 566 586 0.9659 211 0.8626
1984 9 30 24 145 309 581 0.5318 210 0.6905
1984 10 1 24 116 163 580 0.281 207 0.5604
1984 10 2 24 63 3 579 0.0052 204 0.3088
1984 10 3 24 107 92 578 0.1592 197 0.5431
1984 10 4 24 124 174 576 0.3021 197 0.6294
1984 10 5 24 107 150 574 0.2613 195 0.5487
1984 10 6 24 66 12 572 0.021 191 0.3455
1984 10 7 24 75 18 567 0.0317 190 0.3947
1984 10 8 24 155 388 567 0.6843 187 0.8289
1984 10 9 24 113 190 562 0.3381 185 0.6108
1984 10 10 24 154 490 559 0.8766 182 0.8462
1984 10 11 24 70 62 557 0.1113 181 0.3867
1984 10 12 24 60 0 555 0 178 0.3371
1984 10 13 24 153 547 551 0.9927 178 0.8596
1984 10 14 24 156 546 548 0.9964 175 0.8914
1984 10 15 24 156 543 546 0.9945 175 0.8914
1984 10 16 24 152 532 544 0.9779 171 0.8889
1984 10 17 24 149 522 539 0.9685 169 0.8817
1984 10 18 24 139 517 529 0.9773 165 0.8424
1984 10 19 24 129 408 519 0.7861 162 0.7963
1984 10 20 24 89 183 517 0.354 162 0.5494
1984 10 21 24 137 426 510 0.8353 159 0.8616
1984 10 22 24 128 438 502 0.8725 159 0.805
1984 10 23 24 117 382 493 0.7748 154 0.7597
1984 10 24 24 116 386 489 0.7894 150 0.7733
1984 10 25 24 121 400 483 0.8282 150 0.8067
1984 10 26 24 35 5 480 0.0104 149 0.2349
1984 10 27 24 88 100 480 0.2083 144 0.6111
1984 10 28 24 122 467 472 0.9894 142 0.8592
1984 10 29 24 123 464 470 0.9872 138 0.8913
1984 10 30 24 117 462 465 0.9935 134 0.8731
1984 10 31 24 116 460 463 0.9935 133 0.8722
1984 11 1 24 114 459 462 0.9935 130 0.8769
1984 11 2 24 114 457 461 0.9913 130 0.8769
1984 11 3 24 71 195 460 0.4239 129 0.5504
1984 11 4 24 106 452 460 0.9826 125 0.848
1984 11 5 24 100 377 458 0.8231 125 0.8
1984 11 6 24 76 180 451 0.3991 125 0.608
1984 11 7 24 54 77 449 0.1715 121 0.4463
1984 11 8 24 78 253 445 0.5685 121 0.6446
1984 11 9 24 92 389 443 0.8781 118 0.7797
1984 11 10 24 89 416 441 0.9433 118 0.7542
1984 11 11 24 90 430 439 0.9795 114 0.7895
1984 11 12 24 82 248 435 0.5701 114 0.7193
1984 11 13 24 92 407 431 0.9443 108 0.8519
1984 11 14 24 50 45 428 0.1051 108 0.463
1984 11 15 24 53 77 423 0.182 106 0.5
1984 11 16 24 53 78 421 0.1853 104 0.5096
1984 11 17 24 92 294 419 0.7017 104 0.8846
1984 11 18 24 83 339 417 0.8129 104 0.7981
1984 11 19 24 65 99 415 0.2386 102 0.6373
1984 11 20 24 39 2 414 0.0048 99 0.3939
1984 11 21 24 46 0 410 0 99 0.4646
1984 11 22 24 34 0 407 0 99 0.3434
1984 11 23 24 70 142 405 0.3506 97 0.7216
1984 11 24 24 56 40 403 0.0993 97 0.5773
1984 11 25 24 52 15 401 0.0374 96 0.5417
1984 11 26 24 39 0 399 0 96 0.4062
1984 11 27 24 84 195 396 0.4924 89 0.9438
1984 11 28 24 79 391 395 0.9899 89 0.8876
1984 11 29 24 78 389 392 0.9923 86 0.907
1984 11 30 24 78 388 391 0.9923 102 0.7647
1984 12 1 24 46 179 389 0.4602 102 0.451
1984 12 2 24 17 0 388 0 102 0.1667
1984 12 3 24 62 158 387 0.4083 86 0.7209
1984 12 4 24 69 381 387 0.9845 86 0.8023
1984 12 5 24 70 381 387 0.9845 86 0.814
1984 12 6 24 71 379 386 0.9819 81 0.8765
1984 12 7 24 76 378 381 0.9921 89 0.8539
1984 12 8 24 71 377 380 0.9921 89 0.7978
1984 12 9 24 70 314 379 0.8285 89 0.7865
1984 12 10 24 43 17 377 0.0451 80 0.5375
1984 12 11 24 32 4 377 0.0106 80 0.4
1984 12 12 24 64 374 377 0.992 81 0.7901
1984 12 13 24 66 368 375 0.9813 81 0.8148
1984 12 14 24 23 0 375 0 81 0.284
1984 12 15 24 63 103 375 0.2747 76 0.8289
1984 12 16 24 54 99 374 0.2647 85 0.6353
1984 12 17 24 39 44 374 0.1176 85 0.4588
1984 12 18 24 44 1 374 0.0027 85 0.5176
1984 12 19 24 45 0 386 0 84 0.5357
1984 12 20 24 64 314 386 0.8135 84 0.7619
1984 12 21 24 31 1 386 0.0026 84 0.369
1984 12 22 24 67 370 373 0.992 78 0.859
1984 12 23 24 68 371 373 0.9946 82 0.8293
1984 12 24 24 58 215 373 0.5764 82 0.7073
1984 12 25 24 32 0 373 0 82 0.3902
1984 12 26 24 67 363 374 0.9706 77 0.8701
1984 12 27 24 37 0 374 0 77 0.4805
1984 12 28 24 58 105 374 0.2807 77 0.7532
1984 12 29 24 29 0 375 0 79 0.3671
1984 12 30 24 28 0 376 0 79 0.3544
1984 12 31 24 70 214 377 0.5676 79 0.8861
1985 1 1 24 34 0 377 0 79 0.4304
1985 1 2 24 35 0 378 0 81 0.4321
1985 1 3 24 35 0 378 0 81 0.4321
1985 1 4 24 17 0 379 0 81 0.2099
1985 1 5 24 59 340 381 0.8924 93 0.6344
1985 1 6 24 90 380 382 0.9948 93 0.9677
1985 1 7 24 75 300 384 0.7812 93 0.8065
1985 1 8 24 64 279 385 0.7247 86 0.7442
1985 1 9 24 79 380 387 0.9819 87 0.908
1985 1 10 24 75 335 387 0.8656 93 0.8065
1985 1 11 24 81 387 389 0.9949 93 0.871
1985 1 12 24 69 214 390 0.5487 93 0.7419
1985 1 13 24 70 203 392 0.5179 91 0.7692
1985 1 14 24 46 0 394 0 92 0.5
1985 1 15 24 35 0 396 0 92 0.3804
1985 1 16 24 47 0 400 0 92 0.5109
1985 1 17 24 67 67 401 0.1671 94 0.7128
1985 1 18 24 60 80 403 0.1985 96 0.625
1985 1 19 24 33 0 405 0 99 0.3333
1985 1 20 24 73 216 408 0.5294 99 0.7374
1985 1 21 24 71 186 417 0.446 107 0.6636
1985 1 22 24 42 0 417 0 107 0.3925
1985 1 23 24 40 0 417 0 107 0.3738
1985 1 24 24 54 0 417 0 106 0.5094
1985 1 25 24 81 249 420 0.5929 108 0.75
1985 1 26 24 33 0 427 0 112 0.2946
1985 1 27 24 52 11 427 0.0258 112 0.4643
1985 1 28 24 72 115 429 0.2681 113 0.6372
1985 1 29 24 104 420 432 0.9722 117 0.8889
1985 1 30 24 45 0 436 0 117 0.3846
1985 1 31 24 94 280 439 0.6378 118 0.7966
1985 2 1 24 65 16 441 0.0363 119 0.5462
1985 2 2 24 39 0 444 0 120 0.325
1985 2 3 24 66 90 446 0.2018 125 0.528
1985 2 4 24 108 439 449 0.9777 127 0.8504
1985 2 5 24 109 430 452 0.9513 132 0.8258
1985 2 6 24 48 11 463 0.0238 132 0.3636
1985 2 7 24 102 373 463 0.8056 133 0.7669
1985 2 8 24 48 0 463 0 133 0.3609
1985 2 9 24 54 0 461 0 139 0.3885
1985 2 10 24 86 122 462 0.2641 142 0.6056
1985 2 11 24 61 9 464 0.0194 142 0.4296
1985 2 12 24 133 464 468 0.9915 143 0.9301
1985 2 13 24 76 6 472 0.0127 143 0.5315
1985 2 14 24 69 0 473 0 149 0.4631
1985 2 15 24 68 0 476 0 149 0.4564
1985 2 16 24 137 461 500 0.922 154 0.8896
1985 2 17 24 88 64 500 0.128 158 0.557
1985 2 18 24 149 485 500 0.97 160 0.9312
1985 2 19 24 148 490 496 0.9879 162 0.9136
1985 2 20 24 150 496 507 0.9783 164 0.9146
1985 2 21 24 157 506 512 0.9883 165 0.9515
1985 2 22 24 159 512 518 0.9884 170 0.9353
1985 2 23 24 159 518 520 0.9962 177 0.8983
1985 2 24 24 86 34 530 0.0642 177 0.4859
1985 2 25 24 142 444 541 0.8207 179 0.7933
1985 2 26 24 116 191 546 0.3498 180 0.6444
1985 2 27 24 105 212 546 0.3883 185 0.5676
1985 2 28 24 95 0 548 0 185 0.5135
1985 3 1 24 161 478 554 0.8628 196 0.8214
1985 3 2 24 44 0 557 0 196 0.2245
1985 3 3 24 168 453 558 0.8118 198 0.8485
1985 3 4 24 132 58 562 0.1032 205 0.6439
1985 3 5 24 120 112 566 0.1979 205 0.5854
1985 3 6 24 104 62 569 0.109 208 0.5
1985 3 7 24 125 6 571 0.0105 209 0.5981
1985 3 8 24 117 14 574 0.0244 211 0.5545
1985 3 9 24 102 31 576 0.0538 213 0.4789
1985 3 10 24 191 476 578 0.8235 213 0.8967
1985 3 11 24 156 293 579 0.506 217 0.7189
1985 3 12 24 199 489 580 0.8431 219 0.9087
1985 3 13 24 197 579 581 0.9966 223 0.8834
1985 3 14 24 199 564 586 0.9625 226 0.8805
1985 3 15 24 172 301 587 0.5128 229 0.7511
1985 3 16 24 153 120 590 0.2034 229 0.6681
1985 3 17 24 107 2 590 0.0034 234 0.4573
1985 3 18 24 95 0 594 0 236 0.4025
1985 3 19 24 202 535 597 0.8961 240 0.8417
1985 3 20 24 222 597 600 0.995 242 0.9174
1985 3 21 24 142 96 603 0.1592 245 0.5796
1985 3 22 24 144 141 603 0.2338 245 0.5878
1985 3 23 24 161 144 606 0.2376 245 0.6571
1985 3 24 24 186 374 610 0.6131 249 0.747
1985 3 25 24 228 571 612 0.933 260 0.8769
1985 3 26 24 220 507 613 0.8271 260 0.8462
1985 3 27 24 62 0 615 0 266 0.2331
1985 3 28 24 214 214 617 0.3468 266 0.8045
1985 3 29 24 255 617 617 1 266 0.9586
1985 3 30 24 198 305 620 0.4919 263 0.7529
1985 3 31 24 216 434 622 0.6977 282 0.766
1985 4 1 24 218 393 623 0.6308 282 0.773
1985 4 2 24 184 261 624 0.4183 282 0.6525
1985 4 3 24 254 624 625 0.9984 277 0.917
1985 4 4 24 243 625 625 1 277 0.8773
1985 4 5 24 225 490 627 0.7815 277 0.8123
1985 4 6 24 148 98 629 0.1558 291 0.5086
1985 4 7 24 269 627 629 0.9968 291 0.9244
1985 4 8 24 96 38 631 0.0602 291 0.3299
1985 4 9 24 113 13 631 0.0206 287 0.3937
1985 4 10 24 149 65 632 0.1028 296 0.5034
1985 4 11 24 263 509 633 0.8041 299 0.8796
1985 4 12 24 115 4 633 0.0063 299 0.3846
1985 4 13 24 240 214 633 0.3381 300 0.8
1985 4 14 24 260 426 634 0.6719 303 0.8581
1985 4 15 24 241 282 634 0.4448 307 0.785
1985 4 16 24 156 23 634 0.0363 307 0.5081
1985 4 17 24 261 469 634 0.7397 307 0.8502
1985 4 18 24 286 634 637 0.9953 309 0.9256
1985 4 19 24 291 635 637 0.9969 320 0.9094
1985 4 20 24 296 635 638 0.9953 320 0.925
1985 4 21 24 289 635 639 0.9937 320 0.9031
1985 4 22 24 172 43 639 0.0673 320 0.5375
1985 4 23 24 108 4 640 0.0062 320 0.3375
1985 4 24 24 196 201 640 0.3141 320 0.6125
1985 4 25 24 306 639 640 0.9984 316 0.9684
1985 4 26 24 263 484 642 0.7539 316 0.8323
1985 4 27 24 274 485 642 0.7555 315 0.8698
1985 4 28 24 203 159 642 0.2477 337 0.6024
1985 4 29 24 221 57 643 0.0886 337 0.6558
1985 4 30 24 139 0 643 0 337 0.4125
1985 5 1 24 229 149 643 0.2317 332 0.6898
1985 5 2 24 126 30 642 0.0467 333 0.3784
1985 5 3 24 206 93 642 0.1449 354 0.5819
1985 5 4 24 213 252 645 0.3907 354 0.6017
1985 5 5 24 207 163 645 0.2527 354 0.5847
1985 5 6 24 299 465 647 0.7187 353 0.847
1985 5 7 24 167 24 647 0.0371 353 0.4731
1985 5 8 24 117 0 647 0 353 0.3314
1985 5 9 24 149 0 648 0 344 0.4331
1985 5 10 24 222 218 648 0.3364 344 0.6453
1985 5 11 24 299 508 649 0.7827 344 0.8692
1985 5 12 24 265 321 651 0.4931 341 0.7771
1985 5 13 24 219 160 654 0.2446 353 0.6204
1985 5 14 24 311 568 656 0.8659 353 0.881
1985 5 15 24 261 376 656 0.5732 353 0.7394
1985 5 16 24 252 377 659 0.5721 355 0.7099
1985 5 17 24 324 644 673 0.9569 355 0.9127
1985 5 18 24 146 29 688 0.0422 360 0.4056
1985 5 19 24 288 554 692 0.8006 360 0.8
1985 5 20 24 166 64 692 0.0925 360 0.4611
1985 5 21 24 162 45 697 0.0646 359 0.4513
1985 5 22 24 143 85 699 0.1216 359 0.3983
1985 5 23 24 209 242 702 0.3447 363 0.5758
1985 5 24 24 323 644 705 0.9135 363 0.8898
1985 5 25 24 217 315 706 0.4462 363 0.5978
1985 5 26 24 272 486 706 0.6884 358 0.7598
1985 5 27 24 230 342 708 0.4831 362 0.6354
1985 5 28 24 215 275 713 0.3857 369 0.5827
1985 5 29 24 212 148 714 0.2073 369 0.5745
1985 5 30 24 253 279 715 0.3902 369 0.6856
1985 5 31 24 330 669 717 0.9331 363 0.9091
1985 6 1 24 319 606 717 0.8452 363 0.8788
1985 6 2 24 344 643 718 0.8955 361 0.9529
1985 6 3 24 329 676 718 0.9415 370 0.8892
1985 6 4 24 226 366 718 0.5097 370 0.6108
1985 6 5 24 199 216 698 0.3095 375 0.5307
1985 6 6 24 260 438 725 0.6041 376 0.6915
1985 6 7 24 43 0 725 0 376 0.1144
1985 6 8 24 159 130 727 0.1788 376 0.4229
1985 6 9 24 361 666 727 0.9161 366 0.9863
1985 6 10 24 214 262 727 0.3604 366 0.5847
1985 6 11 24 183 88 729 0.1207 384 0.4766
1985 6 12 24 256 416 729 0.5706 384 0.6667
1985 6 13 24 144 136 730 0.1863 384 0.375
1985 6 14 24 238 363 730 0.4973 363 0.6556
1985 6 15 24 168 72 730 0.0986 367 0.4578
1985 6 16 24 237 308 728 0.4231 367 0.6458
1985 6 17 24 128 90 733 0.1228 367 0.3488
1985 6 18 24 122 25 733 0.0341 366 0.3333
1985 6 19 24 153 213 733 0.2906 367 0.4169
1985 6 20 24 240 205 733 0.2797 367 0.654
1985 6 21 24 310 508 733 0.693 368 0.8424
1985 6 22 24 54 0 733 0 373 0.1448
1985 6 23 24 212 142 733 0.1937 373 0.5684
1985 6 24 24 191 128 733 0.1746 373 0.5121
1985 6 25 24 296 339 733 0.4625 367 0.8065
1985 6 26 24 184 301 733 0.4106 361 0.5097
1985 6 27 24 263 282 731 0.3858 363 0.7245
1985 6 28 24 279 376 731 0.5144 363 0.7686
1985 6 29 24 267 423 731 0.5787 363 0.7355
1985 6 30 24 321 625 728 0.8585 360 0.8917
1985 7 1 24 139 88 728 0.1209 365 0.3808
1985 7 2 24 150 91 727 0.1252 365 0.411
1985 7 3 24 342 726 727 0.9986 365 0.937
1985 7 4 24 255 419 726 0.5771 360 0.7083
1985 7 5 24 85 0 721 0 360 0.2361
1985 7 6 24 144 136 721 0.1886 356 0.4045
1985 7 7 24 280 453 721 0.6283 365 0.7671
1985 7 8 24 328 600 720 0.8333 365 0.8986
1985 7 9 24 256 452 719 0.6287 365 0.7014
1985 7 10 24 239 329 719 0.4576 362 0.6602
1985 7 11 24 326 690 717 0.9623 357 0.9132
1985 7 12 24 313 655 717 0.9135 354 0.8842
1985 7 13 24 320 700 716 0.9777 350 0.9143
1985 7 14 24 315 712 712 1 354 0.8898
1985 7 15 24 251 464 712 0.6517 354 0.709
1985 7 16 24 61 75 750 0.1 354 0.1723
1985 7 17 24 313 587 750 0.7827 350 0.8943
1985 7 18 24 317 616 750 0.8213 348 0.9109
1985 7 19 24 250 406 705 0.5759 347 0.7205
1985 7 20 24 257 455 700 0.65 347 0.7406
1985 7 21 24 225 342 699 0.4893 346 0.6503
1985 7 22 24 329 692 697 0.9928 346 0.9509
1985 7 23 24 324 696 696 1 336 0.9643
1985 7 24 24 321 684 696 0.9828 334 0.9611
1985 7 25 24 311 665 684 0.9722 331 0.9396
1985 7 26 24 277 564 678 0.8319 331 0.8369
1985 7 27 24 171 300 662 0.4532 331 0.5166
1985 7 28 24 264 497 657 0.7565 330 0.8
1985 7 29 24 210 307 673 0.4562 330 0.6364
1985 7 30 24 174 233 673 0.3462 327 0.5321
1985 7 31 24 147 108 673 0.1605 327 0.4495
1985 8 1 24 210 278 651 0.427 327 0.6422
1985 8 2 24 228 330 651 0.5069 327 0.6972
1985 8 3 24 235 408 648 0.6296 326 0.7209
1985 8 4 24 282 480 648 0.7407 325 0.8677
1985 8 5 24 248 474 648 0.7315 317 0.7823
1985 8 6 24 41 0 648 0 317 0.1293
1985 8 7 24 100 14 646 0.0217 317 0.3155
1985 8 8 24 192 69 716 0.0964 317 0.6057
1985 8 9 24 302 642 716 0.8966 314 0.9618
1985 8 10 24 159 151 716 0.2109 314 0.5064
1985 8 11 24 265 492 700 0.7029 305 0.8689
1985 8 12 24 276 630 700 0.9 315 0.8762
1985 8 13 24 245 524 700 0.7486 315 0.7778
1985 8 14 24 280 637 642 0.9922 315 0.8889
1985 8 15 24 287 632 641 0.986 304 0.9441
1985 8 16 24 158 276 641 0.4306 300 0.5267
1985 8 17 24 172 188 640 0.2938 302 0.5695
1985 8 18 24 296 606 640 0.9469 302 0.9801
1985 8 19 24 231 405 639 0.6338 302 0.7649
1985 8 20 24 271 545 639 0.8529 296 0.9155
1985 8 21 24 274 636 638 0.9969 302 0.9073
1985 8 22 24 254 588 638 0.9216 302 0.8411
1985 8 23 24 252 597 636 0.9387 302 0.8344
1985 8 24 24 181 313 636 0.4921 288 0.6285
1985 8 25 24 27 2 635 0.0031 288 0.0938
1985 8 26 24 38 0 635 0 282 0.1348
1985 8 27 24 124 16 634 0.0252 289 0.4291
1985 8 28 24 275 631 633 0.9968 289 0.9516
1985 8 29 24 270 630 633 0.9953 289 0.9343
1985 8 30 24 268 630 633 0.9953 280 0.9571
1985 8 31 24 259 630 633 0.9953 280 0.925
1985 9 1 24 95 85 632 0.1345 280 0.3393
1985 9 2 24 229 508 630 0.8063 279 0.8208
1985 9 3 24 81 69 628 0.1099 264 0.3068
1985 9 4 24 152 196 628 0.3121 264 0.5758
1985 9 5 24 202 364 628 0.5796 266 0.7594
1985 9 6 24 105 48 628 0.0764 266 0.3947
1985 9 7 24 245 626 626 1 266 0.9211
1985 9 8 24 167 326 626 0.5208 259 0.6448
1985 9 9 24 79 14 624 0.0224 259 0.305
1985 9 10 24 239 623 624 0.9984 250 0.956
1985 9 11 24 234 612 623 0.9823 249 0.9398
1985 9 12 24 228 619 621 0.9968 249 0.9157
1985 9 13 24 226 617 620 0.9952 249 0.9076
1985 9 14 24 185 380 617 0.6159 245 0.7551
1985 9 15 24 143 330 615 0.5366 244 0.5861
1985 9 16 24 117 13 614 0.0212 241 0.4855
1985 9 17 24 162 298 612 0.4869 251 0.6454
1985 9 18 24 214 610 611 0.9984 251 0.8526
1985 9 19 24 213 606 610 0.9934 251 0.8486
1985 9 20 24 194 551 608 0.9062 236 0.822
1985 9 21 24 197 583 604 0.9652 233 0.8455
1985 9 22 24 197 598 601 0.995 233 0.8455
1985 9 23 24 197 595 599 0.9933 224 0.8795
1985 9 24 24 193 593 596 0.995 224 0.8616
1985 9 25 24 169 486 594 0.8182 222 0.7613
1985 9 26 24 188 588 592 0.9932 214 0.8785
1985 9 27 24 184 587 590 0.9949 212 0.8679
1985 9 28 24 189 579 588 0.9847 211 0.8957
1985 9 29 24 188 581 586 0.9915 211 0.891
1985 9 30 24 190 580 581 0.9983 210 0.9048
1985 10 1 24 160 557 580 0.9603 207 0.7729
1985 10 2 24 151 457 579 0.7893 204 0.7402
1985 10 3 24 166 574 578 0.9931 197 0.8426
1985 10 4 24 169 573 576 0.9948 197 0.8579
1985 10 5 24 152 450 574 0.784 195 0.7795
1985 10 6 24 136 465 572 0.8129 191 0.712
1985 10 7 24 160 563 567 0.9929 190 0.8421
1985 10 8 24 87 190 567 0.3351 187 0.4652
1985 10 9 24 66 28 562 0.0498 185 0.3568
1985 10 10 24 132 354 559 0.6333 182 0.7253
1985 10 11 24 157 555 557 0.9964 181 0.8674
1985 10 12 24 153 508 555 0.9153 178 0.8596
1985 10 13 24 148 511 551 0.9274 178 0.8315
1985 10 14 24 119 319 548 0.5821 175 0.68
1985 10 15 24 50 7 546 0.0128 175 0.2857
1985 10 16 24 122 461 544 0.8474 171 0.7135
1985 10 17 24 144 527 539 0.9777 169 0.8521
1985 10 18 24 129 427 529 0.8072 165 0.7818
1985 10 19 24 49 0 519 0 162 0.3025
1985 10 20 24 135 507 517 0.9807 162 0.8333
1985 10 21 24 134 487 510 0.9549 159 0.8428
1985 10 22 24 133 492 502 0.9801 159 0.8365
1985 10 23 24 120 426 493 0.8641 154 0.7792
1985 10 24 24 125 480 489 0.9816 150 0.8333
1985 10 25 24 127 476 483 0.9855 150 0.8467
1985 10 26 24 124 474 480 0.9875 149 0.8322
1985 10 27 24 124 471 480 0.9812 144 0.8611
1985 10 28 24 125 468 472 0.9915 142 0.8803
1985 10 29 24 78 272 470 0.5787 138 0.5652
1985 10 30 24 65 109 465 0.2344 134 0.4851
1985 10 31 24 71 84 463 0.1814 133 0.5338
1985 11 1 24 44 56 462 0.1212 130 0.3385
1985 11 2 24 93 197 461 0.4273 130 0.7154
1985 11 3 24 101 323 460 0.7022 129 0.7829
1985 11 4 24 113 453 460 0.9848 125 0.904
1985 11 5 24 69 124 458 0.2707 125 0.552
1985 11 6 24 39 3 451 0.0067 125 0.312
1985 11 7 24 106 444 449 0.9889 121 0.876
1985 11 8 24 30 0 445 0 121 0.2479
1985 11 9 24 77 310 443 0.6998 118 0.6525
1985 11 10 24 24 0 441 0 118 0.2034
1985 11 11 24 80 234 439 0.533 114 0.7018
1985 11 12 24 36 0 435 0 114 0.3158
1985 11 13 24 46 7 431 0.0162 108 0.4259
1985 11 14 24 83 174 428 0.4065 108 0.7685
1985 11 15 24 96 420 423 0.9929 106 0.9057
1985 11 16 24 93 399 421 0.9477 104 0.8942
1985 11 17 24 89 301 419 0.7184 104 0.8558
1985 11 18 24 70 76 417 0.1823 104 0.6731
1985 11 19 24 82 380 415 0.9157 102 0.8039
1985 11 20 24 73 235 414 0.5676 99 0.7374
1985 11 21 24 44 0 410 0 99 0.4444
1985 11 22 24 71 225 407 0.5528 99 0.7172
1985 11 23 24 60 175 405 0.4321 97 0.6186
1985 11 24 24 82 401 403 0.995 97 0.8454
1985 11 25 24 79 398 401 0.9925 96 0.8229
1985 11 26 24 80 396 399 0.9925 96 0.8333
1985 11 27 24 82 395 396 0.9975 89 0.9213
1985 11 28 24 78 290 395 0.7342 89 0.8764
1985 11 29 24 41 0 392 0 86 0.4767
1985 11 30 24 62 178 391 0.4552 102 0.6078
1985 12 1 24 72 388 389 0.9974 102 0.7059
1985 12 2 24 64 373 388 0.9613 102 0.6275
1985 12 3 24 71 357 387 0.9225 86 0.8256
1985 12 4 24 58 272 387 0.7028 86 0.6744
1985 12 5 24 69 349 387 0.9018 86 0.8023
1985 12 6 24 50 116 386 0.3005 81 0.6173
1985 12 7 24 55 103 381 0.2703 89 0.618
1985 12 8 24 47 110 380 0.2895 89 0.5281
1985 12 9 24 46 118 379 0.3113 89 0.5169
1985 12 10 24 32 0 377 0 80 0.4
1985 12 11 24 69 377 377 1 80 0.8625
1985 12 12 24 58 208 377 0.5517 81 0.716
1985 12 13 24 67 374 375 0.9973 81 0.8272
1985 12 14 24 59 268 375 0.7147 81 0.7284
1985 12 15 24 62 374 375 0.9973 76 0.8158
1985 12 16 24 31 30 374 0.0802 85 0.3647
1985 12 17 24 37 305 374 0.8155 85 0.4353
1985 12 18 24 54 284 374 0.7594 85 0.6353
1985 12 19 24 69 372 386 0.9637 84 0.8214
1985 12 20 24 53 191 386 0.4948 84 0.631
1985 12 21 24 64 372 386 0.9637 84 0.7619
1985 12 22 24 62 373 373 1 78 0.7949
1985 12 23 24 67 372 373 0.9973 82 0.8171
1985 12 24 24 63 372 373 0.9973 82 0.7683
1985 12 25 24 49 146 373 0.3914 82 0.5976
1985 12 26 24 54 215 374 0.5749 77 0.7013
1985 12 27 24 61 325 374 0.869 77 0.7922
1985 12 28 24 32 0 374 0 77 0.4156
1985 12 29 24 18 0 375 0 79 0.2278
1985 12 30 24 47 168 376 0.4468 79 0.5949
1985 12 31 24 63 364 377 0.9655 79 0.7975
1986 1 1 24 56 281 377 0.7454 79 0.7089
1986 1 2 24 38 106 378 0.2804 81 0.4691
1986 1 3 24 63 291 378 0.7698 81 0.7778
1986 1 4 24 38 158 379 0.4169 81 0.4691
1986 1 5 24 72 363 381 0.9528 93 0.7742
1986 1 6 24 27 0 382 0 93 0.2903
1986 1 7 24 71 382 384 0.9948 93 0.7634
1986 1 8 24 53 92 385 0.239 86 0.6163
1986 1 9 24 38 17 387 0.0439 87 0.4368
1986 1 10 24 72 319 387 0.8243 93 0.7742
1986 1 11 24 27 0 389 0 93 0.2903
1986 1 12 24 28 0 390 0 93 0.3011
1986 1 13 24 10 0 392 0 91 0.1099
1986 1 14 24 68 180 394 0.4569 92 0.7391
1986 1 15 24 14 0 396 0 92 0.1522
1986 1 16 24 30 3 400 0.0075 92 0.3261
1986 1 17 24 46 26 401 0.0648 94 0.4894
1986 1 18 24 39 15 403 0.0372 96 0.4062
1986 1 19 24 75 209 405 0.516 99 0.7576
1986 1 20 24 53 65 408 0.1593 99 0.5354
1986 1 21 24 84 408 417 0.9784 107 0.785
1986 1 22 24 76 255 417 0.6115 107 0.7103
1986 1 23 24 38 0 417 0 107 0.3551
1986 1 24 24 33 0 417 0 106 0.3113
1986 1 25 24 35 4 420 0.0095 108 0.3241
1986 1 26 24 81 280 427 0.6557 112 0.7232
1986 1 27 24 102 427 427 1 112 0.9107
1986 1 28 24 96 354 429 0.8252 113 0.8496
1986 1 29 24 74 225 432 0.5208 117 0.6325
1986 1 30 24 50 95 436 0.2179 117 0.4274
1986 1 31 24 41 0 439 0 118 0.3475
1986 2 1 24 75 158 441 0.3583 119 0.6303
1986 2 2 24 107 389 444 0.8761 120 0.8917
1986 2 3 24 109 444 446 0.9955 125 0.872
1986 2 4 24 116 442 449 0.9844 127 0.9134
1986 2 5 24 111 449 452 0.9934 132 0.8409
1986 2 6 24 105 376 463 0.8121 132 0.7955
1986 2 7 24 93 178 463 0.3844 133 0.6992
1986 2 8 24 80 129 463 0.2786 133 0.6015
1986 2 9 24 72 2 461 0.0043 139 0.518
1986 2 10 24 95 311 462 0.6732 142 0.669
1986 2 11 24 104 332 464 0.7155 142 0.7324
1986 2 12 24 127 464 468 0.9915 143 0.8881
1986 2 13 24 122 440 472 0.9322 143 0.8531
1986 2 14 24 111 206 473 0.4355 149 0.745
1986 2 15 24 130 421 476 0.8845 149 0.8725
1986 2 16 24 119 283 500 0.566 154 0.7727
1986 2 17 24 85 74 500 0.148 158 0.538
1986 2 18 24 117 346 500 0.692 160 0.7312
1986 2 19 24 59 0 496 0 162 0.3642
1986 2 20 24 139 431 507 0.8501 164 0.8476
1986 2 21 24 152 502 512 0.9805 165 0.9212
1986 2 22 24 155 509 518 0.9826 170 0.9118
1986 2 23 24 76 15 520 0.0288 177 0.4294
1986 2 24 24 66 0 530 0 177 0.3729
1986 2 25 24 167 525 541 0.9704 179 0.933
1986 2 26 24 169 539 546 0.9872 180 0.9389
1986 2 27 24 164 526 546 0.9634 185 0.8865
1986 2 28 24 129 300 548 0.5474 185 0.6973
1986 3 1 24 86 0 554 0 196 0.4388
1986 3 2 24 109 88 557 0.158 196 0.5561
1986 3 3 24 92 56 558 0.1004 198 0.4646
1986 3 4 24 176 537 562 0.9555 205 0.8585
1986 3 5 24 144 317 566 0.5601 205 0.7024
1986 3 6 24 133 122 569 0.2144 208 0.6394
1986 3 7 24 100 2 571 0.0035 209 0.4785
1986 3 8 24 137 205 574 0.3571 211 0.6493
1986 3 9 24 119 38 576 0.066 213 0.5587
1986 3 10 24 182 529 578 0.9152 213 0.8545
1986 3 11 24 146 313 579 0.5406 217 0.6728
1986 3 12 24 196 496 580 0.8552 219 0.895
1986 3 13 24 129 144 581 0.2478 223 0.5785
1986 3 14 24 188 529 586 0.9027 226 0.8319
1986 3 15 24 178 429 587 0.7308 229 0.7773
1986 3 16 24 204 579 590 0.9814 229 0.8908
1986 3 17 24 204 588 590 0.9966 234 0.8718
1986 3 18 24 195 587 594 0.9882 236 0.8263
1986 3 19 24 139 87 597 0.1457 240 0.5792
1986 3 20 24 213 352 600 0.5867 242 0.8802
1986 3 21 24 93 0 603 0 245 0.3796
1986 3 22 24 217 464 603 0.7695 245 0.8857
1986 3 23 24 98 0 606 0 245 0.4
1986 3 24 24 165 205 610 0.3361 249 0.6627
1986 3 25 24 224 447 612 0.7304 260 0.8615
1986 3 26 24 196 378 613 0.6166 260 0.7538
1986 3 27 24 193 346 615 0.5626 266 0.7256
1986 3 28 24 233 556 617 0.9011 266 0.8759
1986 3 29 24 175 211 617 0.342 266 0.6579
1986 3 30 24 226 330 620 0.5323 263 0.8593
1986 3 31 24 230 448 622 0.7203 282 0.8156
1986 4 1 24 238 531 623 0.8523 282 0.844
1986 4 2 24 234 513 624 0.8221 282 0.8298
1986 4 3 24 113 39 625 0.0624 277 0.4079
1986 4 4 24 158 64 625 0.1024 277 0.5704
1986 4 5 24 161 30 627 0.0478 277 0.5812
1986 4 6 24 187 145 629 0.2305 291 0.6426
1986 4 7 24 240 425 629 0.6757 291 0.8247
1986 4 8 24 220 396 631 0.6276 291 0.756
1986 4 9 24 175 288 631 0.4564 287 0.6098
1986 4 10 24 152 12 632 0.019 296 0.5135
1986 4 11 24 178 80 633 0.1264 299 0.5953
1986 4 12 24 119 0 633 0 299 0.398
1986 4 13 24 280 473 633 0.7472 300 0.9333
1986 4 14 24 276 508 634 0.8013 303 0.9109
1986 4 15 24 208 268 634 0.4227 307 0.6775
1986 4 16 24 225 342 634 0.5394 307 0.7329
1986 4 17 24 179 173 634 0.2729 307 0.5831
1986 4 18 24 105 0 637 0 309 0.3398
1986 4 19 24 214 210 637 0.3297 320 0.6688
1986 4 20 24 143 0 638 0 320 0.4469
1986 4 21 24 260 466 639 0.7293 320 0.8125
1986 4 22 24 249 341 639 0.5336 320 0.7781
1986 4 23 24 215 227 640 0.3547 320 0.6719
1986 4 24 24 206 219 640 0.3422 320 0.6438
1986 4 25 24 199 184 640 0.2875 316 0.6297
1986 4 26 24 260 419 642 0.6526 316 0.8228
1986 4 27 24 124 0 642 0 315 0.3937
1986 4 28 24 143 9 642 0.014 337 0.4243
1986 4 29 24 85 0 643 0 337 0.2522
1986 4 30 24 178 142 643 0.2208 337 0.5282
1986 5 1 24 272 532 643 0.8274 332 0.8193
1986 5 2 24 240 463 642 0.7212 333 0.7207
1986 5 3 24 265 410 642 0.6386 354 0.7486
1986 5 4 24 202 219 645 0.3395 354 0.5706
1986 5 5 24 134 19 645 0.0295 354 0.3785
1986 5 6 24 280 536 647 0.8284 353 0.7932
1986 5 7 24 169 96 647 0.1484 353 0.4788
1986 5 8 24 229 293 647 0.4529 353 0.6487
1986 5 9 24 143 51 648 0.0787 344 0.4157
1986 5 10 24 235 134 648 0.2068 344 0.6831
1986 5 11 24 231 240 649 0.3698 344 0.6715
1986 5 12 24 276 530 651 0.8141 341 0.8094
1986 5 13 24 275 520 654 0.7951 353 0.779
1986 5 14 24 259 378 656 0.5762 353 0.7337
1986 5 15 24 123 43 656 0.0655 353 0.3484
1986 5 16 24 235 279 659 0.4234 355 0.662
1986 5 17 24 282 419 673 0.6226 355 0.7944
1986 5 18 24 303 572 688 0.8314 360 0.8417
1986 5 19 24 250 376 692 0.5434 360 0.6944
1986 5 20 24 295 622 692 0.8988 360 0.8194
1986 5 21 24 179 236 697 0.3386 359 0.4986
1986 5 22 24 291 431 699 0.6166 359 0.8106
1986 5 23 24 232 408 702 0.5812 363 0.6391
1986 5 24 24 142 66 705 0.0936 363 0.3912
1986 5 25 24 330 698 706 0.9887 363 0.9091
1986 5 26 24 257 457 706 0.6473 358 0.7179
1986 5 27 24 232 332 708 0.4689 362 0.6409
1986 5 28 24 76 6 713 0.0084 369 0.206
1986 5 29 24 54 0 714 0 369 0.1463
1986 5 30 24 158 0 715 0 369 0.4282
1986 5 31 24 204 45 717 0.0628 363 0.562
1986 6 1 24 328 530 717 0.7392 363 0.9036
1986 6 2 24 86 0 718 0 361 0.2382
1986 6 3 24 175 65 718 0.0905 370 0.473
1986 6 4 24 87 39 718 0.0543 370 0.2351
1986 6 5 24 243 217 698 0.3109 375 0.648
1986 6 6 24 177 81 725 0.1117 376 0.4707
1986 6 7 24 145 38 725 0.0524 376 0.3856
1986 6 8 24 259 324 727 0.4457 376 0.6888
1986 6 9 24 340 725 727 0.9972 366 0.929
1986 6 10 24 353 726 727 0.9986 366 0.9645
1986 6 11 24 98 2 729 0.0027 384 0.2552
1986 6 12 24 105 0 729 0 384 0.2734
1986 6 13 24 137 7 730 0.0096 384 0.3568
1986 6 14 24 248 338 730 0.463 363 0.6832
1986 6 15 24 232 336 730 0.4603 367 0.6322
1986 6 16 24 184 165 728 0.2266 367 0.5014
1986 6 17 24 219 282 733 0.3847 367 0.5967
1986 6 18 24 230 414 733 0.5648 366 0.6284
1986 6 19 24 202 223 733 0.3042 367 0.5504
1986 6 20 24 194 136 733 0.1855 367 0.5286
1986 6 21 24 287 494 733 0.6739 368 0.7799
1986 6 22 24 308 649 733 0.8854 373 0.8257
1986 6 23 24 281 533 733 0.7271 373 0.7534
1986 6 24 24 279 411 733 0.5607 373 0.748
1986 6 25 24 345 731 733 0.9973 367 0.9401
1986 6 26 24 342 731 733 0.9973 361 0.9474
1986 6 27 24 342 731 731 1 363 0.9421
1986 6 28 24 346 731 731 1 363 0.9532
1986 6 29 24 322 665 731 0.9097 363 0.8871
1986 6 30 24 334 659 728 0.9052 360 0.9278
1986 7 1 24 346 714 728 0.9808 365 0.9479
1986 7 2 24 337 704 727 0.9684 365 0.9233
1986 7 3 24 240 357 727 0.4911 365 0.6575
1986 7 4 24 271 390 726 0.5372 360 0.7528
1986 7 5 24 318 664 721 0.9209 360 0.8833
1986 7 6 24 36 1 721 0.0014 356 0.1011
1986 7 7 24 124 44 721 0.061 365 0.3397
1986 7 8 24 149 52 720 0.0722 365 0.4082
1986 7 9 24 121 15 719 0.0209 365 0.3315
1986 7 10 24 171 157 719 0.2184 362 0.4724
1986 7 11 24 175 134 717 0.1869 357 0.4902
1986 7 12 24 192 149 717 0.2078 354 0.5424
1986 7 13 24 183 139 716 0.1941 350 0.5229
1986 7 14 24 342 652 712 0.9157 354 0.9661
1986 7 15 24 318 651 712 0.9143 354 0.8983
1986 7 16 24 307 634 750 0.8453 354 0.8672
1986 7 17 24 315 653 750 0.8707 350 0.9
1986 7 18 24 88 0 750 0 348 0.2529
1986 7 19 24 55 0 705 0 347 0.1585
1986 7 20 24 136 65 700 0.0929 347 0.3919
1986 7 21 24 317 682 699 0.9757 346 0.9162
1986 7 22 24 297 616 697 0.8838 346 0.8584
1986 7 23 24 195 356 696 0.5115 336 0.5804
1986 7 24 24 72 20 696 0.0287 334 0.2156
1986 7 25 24 308 664 684 0.9708 331 0.9305
1986 7 26 24 229 282 678 0.4159 331 0.6918
1986 7 27 24 269 557 662 0.8414 331 0.8127
1986 7 28 24 282 573 657 0.8721 330 0.8545
1986 7 29 24 183 293 673 0.4354 330 0.5545
1986 7 30 24 281 583 673 0.8663 327 0.8593
1986 7 31 24 132 124 673 0.1842 327 0.4037
1986 8 1 24 244 459 651 0.7051 327 0.7462
1986 8 2 24 276 584 651 0.8971 327 0.844
1986 8 3 24 294 642 648 0.9907 326 0.9018
1986 8 4 24 253 485 648 0.7485 325 0.7785
1986 8 5 24 281 462 648 0.713 317 0.8864
1986 8 6 24 289 645 648 0.9954 317 0.9117
1986 8 7 24 284 630 646 0.9752 317 0.8959
1986 8 8 24 144 120 716 0.1676 317 0.4543
1986 8 9 24 238 456 716 0.6369 314 0.758
1986 8 10 24 216 373 716 0.5209 314 0.6879
1986 8 11 24 260 543 700 0.7757 305 0.8525
1986 8 12 24 52 0 700 0 315 0.1651
1986 8 13 24 273 543 700 0.7757 315 0.8667
1986 8 14 24 196 233 642 0.3629 315 0.6222
1986 8 15 24 266 613 641 0.9563 304 0.875
1986 8 16 24 233 479 641 0.7473 300 0.7767
1986 8 17 24 212 390 640 0.6094 302 0.702
1986 8 18 24 180 314 640 0.4906 302 0.596
1986 8 19 24 141 142 639 0.2222 302 0.4669
1986 8 20 24 271 571 639 0.8936 296 0.9155
1986 8 21 24 236 486 638 0.7618 302 0.7815
1986 8 22 24 257 591 638 0.9263 302 0.851
1986 8 23 24 71 44 636 0.0692 302 0.2351
1986 8 24 24 42 0 636 0 288 0.1458
1986 8 25 24 264 616 635 0.9701 288 0.9167
1986 8 26 24 251 534 635 0.8409 282 0.8901
1986 8 27 24 128 9 634 0.0142 289 0.4429
1986 8 28 24 54 0 633 0 289 0.1869
1986 8 29 24 222 318 633 0.5024 289 0.7682
1986 8 30 24 194 227 633 0.3586 280 0.6929
1986 8 31 24 215 366 633 0.5782 280 0.7679
1986 9 1 24 244 530 632 0.8386 280 0.8714
1986 9 2 24 165 204 630 0.3238 279 0.5914
1986 9 3 24 245 628 628 1 264 0.928
1986 9 4 24 168 262 628 0.4172 264 0.6364
1986 9 5 24 245 628 628 1 266 0.9211
1986 9 6 24 245 618 628 0.9841 266 0.9211
1986 9 7 24 222 578 626 0.9233 266 0.8346
1986 9 8 24 200 490 626 0.7827 259 0.7722
1986 9 9 24 84 62 624 0.0994 259 0.3243
1986 9 10 24 161 272 624 0.4359 250 0.644
1986 9 11 24 221 603 623 0.9679 249 0.8876
1986 9 12 24 168 396 621 0.6377 249 0.6747
1986 9 13 24 157 267 620 0.4306 249 0.6305
1986 9 14 24 173 356 617 0.577 245 0.7061
1986 9 15 24 199 508 615 0.826 244 0.8156
1986 9 16 24 208 604 614 0.9837 241 0.8631
1986 9 17 24 145 306 612 0.5 251 0.5777
1986 9 18 24 122 104 611 0.1702 251 0.4861
1986 9 19 24 147 268 610 0.4393 251 0.5857
1986 9 20 24 119 159 608 0.2615 236 0.5042
1986 9 21 24 203 525 604 0.8692 233 0.8712
1986 9 22 24 212 599 601 0.9967 233 0.9099
1986 9 23 24 193 529 599 0.8831 224 0.8616
1986 9 24 24 108 141 596 0.2366 224 0.4821
1986 9 25 24 93 176 594 0.2963 222 0.4189
1986 9 26 24 76 21 592 0.0355 214 0.3551
1986 9 27 24 175 393 590 0.6661 212 0.8255
1986 9 28 24 164 435 588 0.7398 211 0.7773
1986 9 29 24 184 581 586 0.9915 211 0.872
1986 9 30 24 185 580 581 0.9983 210 0.881
1986 10 1 24 184 579 580 0.9983 207 0.8889
1986 10 2 24 182 578 579 0.9983 204 0.8922
1986 10 3 24 174 576 578 0.9965 197 0.8832
1986 10 4 24 171 573 576 0.9948 197 0.868
1986 10 5 24 165 543 574 0.946 195 0.8462
1986 10 6 24 157 504 572 0.8811 191 0.822
1986 10 7 24 167 566 567 0.9982 190 0.8789
1986 10 8 24 150 469 567 0.8272 187 0.8021
1986 10 9 24 166 559 562 0.9947 185 0.8973
1986 10 10 24 160 557 559 0.9964 182 0.8791
1986 10 11 24 155 554 557 0.9946 181 0.8564
1986 10 12 24 157 550 555 0.991 178 0.882
1986 10 13 24 148 533 551 0.9673 178 0.8315
1986 10 14 24 145 546 548 0.9964 175 0.8286
1986 10 15 24 145 537 546 0.9835 175 0.8286
1986 10 16 24 144 536 544 0.9853 171 0.8421
1986 10 17 24 144 527 539 0.9777 169 0.8521
1986 10 18 24 145 519 529 0.9811 165 0.8788
1986 10 19 24 73 97 519 0.1869 162 0.4506
1986 10 20 24 76 142 517 0.2747 162 0.4691
1986 10 21 24 129 331 510 0.649 159 0.8113
1986 10 22 24 61 21 502 0.0418 159 0.3836
1986 10 23 24 42 3 493 0.0061 154 0.2727
1986 10 24 24 114 305 489 0.6237 150 0.76
1986 10 25 24 45 68 483 0.1408 150 0.3
1986 10 26 24 57 0 480 0 149 0.3826
1986 10 27 24 105 271 480 0.5646 144 0.7292
1986 10 28 24 122 466 472 0.9873 142 0.8592
1986 10 29 24 34 0 470 0 138 0.2464
1986 10 30 24 103 334 465 0.7183 134 0.7687
1986 10 31 24 114 458 463 0.9892 133 0.8571
1986 11 1 24 51 1 462 0.0022 130 0.3923
1986 11 2 24 38 21 461 0.0456 130 0.2923
1986 11 3 24 109 319 460 0.6935 129 0.845
1986 11 4 24 110 423 460 0.9196 125 0.88
1986 11 5 24 109 449 458 0.9803 125 0.872
1986 11 6 24 42 5 451 0.0111 125 0.336
1986 11 7 24 104 445 449 0.9911 121 0.8595
1986 11 8 24 106 442 445 0.9933 121 0.876
1986 11 9 24 103 440 443 0.9932 118 0.8729
1986 11 10 24 103 439 441 0.9955 118 0.8729
1986 11 11 24 101 435 439 0.9909 114 0.886
1986 11 12 24 95 430 435 0.9885 114 0.8333
1986 11 13 24 82 289 431 0.6705 108 0.7593
1986 11 14 24 44 1 428 0.0023 108 0.4074
1986 11 15 24 72 229 423 0.5414 106 0.6792
1986 11 16 24 74 343 421 0.8147 104 0.7115
1986 11 17 24 73 245 419 0.5847 104 0.7019
1986 11 18 24 49 56 417 0.1343 104 0.4712
1986 11 19 24 74 283 415 0.6819 102 0.7255
1986 11 20 24 58 103 414 0.2488 99 0.5859
1986 11 21 24 31 0 410 0 99 0.3131
1986 11 22 24 52 17 407 0.0418 99 0.5253
1986 11 23 24 27 0 405 0 97 0.2784
1986 11 24 24 63 149 403 0.3697 97 0.6495
1986 11 25 24 79 397 401 0.99 96 0.8229
1986 11 26 24 82 395 399 0.99 96 0.8542
1986 11 27 24 45 3 396 0.0076 89 0.5056
1986 11 28 24 80 392 395 0.9924 89 0.8989
1986 11 29 24 79 391 392 0.9974 86 0.9186
1986 11 30 24 78 389 391 0.9949 102 0.7647
1986 12 1 24 77 387 389 0.9949 102 0.7549
1986 12 2 24 76 386 388 0.9948 102 0.7451
1986 12 3 24 73 384 387 0.9922 86 0.8488
1986 12 4 24 74 382 387 0.9871 86 0.8605
1986 12 5 24 73 378 387 0.9767 86 0.8488
1986 12 6 24 72 318 386 0.8238 81 0.8889
1986 12 7 24 73 363 381 0.9528 89 0.8202
1986 12 8 24 67 377 380 0.9921 89 0.7528
1986 12 9 24 43 53 379 0.1398 89 0.4831
1986 12 10 24 50 83 377 0.2202 80 0.625
1986 12 11 24 66 375 377 0.9947 80 0.825
1986 12 12 24 67 374 377 0.992 81 0.8272
1986 12 13 24 57 205 375 0.5467 81 0.7037
1986 12 14 24 26 0 375 0 81 0.321
1986 12 15 24 66 314 375 0.8373 76 0.8684
1986 12 16 24 58 174 374 0.4652 85 0.6824
1986 12 17 24 17 0 374 0 85 0.2
1986 12 18 24 28 0 374 0 85 0.3294
1986 12 19 24 15 0 386 0 84 0.1786
1986 12 20 24 17 0 386 0 84 0.2024
1986 12 21 24 27 0 386 0 84 0.3214
1986 12 22 24 26 0 373 0 78 0.3333
1986 12 23 24 51 127 373 0.3405 82 0.622
1986 12 24 24 41 11 373 0.0295 82 0.5
1986 12 25 24 65 320 373 0.8579 82 0.7927
1986 12 26 24 35 0 374 0 77 0.4545
1986 12 27 24 18 0 374 0 77 0.2338
1986 12 28 24 27 5 374 0.0134 77 0.3506
1986 12 29 24 29 1 375 0.0027 79 0.3671
1986 12 30 24 62 353 376 0.9388 79 0.7848
1986 12 31 24 52 44 377 0.1167 79 0.6582
1987 1 1 24 30 0 377 0 79 0.3797
1987 1 2 24 32 0 378 0 81 0.3951
1987 1 3 24 40 28 378 0.0741 81 0.4938
1987 1 4 24 61 189 379 0.4987 81 0.7531
1987 1 5 24 62 115 381 0.3018 93 0.6667
1987 1 6 24 31 18 382 0.0471 93 0.3333
1987 1 7 24 33 0 384 0 93 0.3548
1987 1 8 24 72 304 385 0.7896 86 0.8372
1987 1 9 24 71 293 387 0.7571 87 0.8161
1987 1 10 24 45 0 387 0 93 0.4839
1987 1 11 24 25 0 389 0 93 0.2688
1987 1 12 24 82 387 390 0.9923 93 0.8817
1987 1 13 24 56 140 392 0.3571 91 0.6154
1987 1 14 24 57 53 394 0.1345 92 0.6196
1987 1 15 24 76 267 396 0.6742 92 0.8261
1987 1 16 24 87 387 400 0.9675 92 0.9457
1987 1 17 24 84 397 401 0.99 94 0.8936
1987 1 18 24 84 400 403 0.9926 96 0.875
1987 1 19 24 85 399 405 0.9852 99 0.8586
1987 1 20 24 86 403 408 0.9877 99 0.8687
1987 1 21 24 92 406 417 0.9736 107 0.8598
1987 1 22 24 88 318 417 0.7626 107 0.8224
1987 1 23 24 79 201 417 0.482 107 0.7383
1987 1 24 24 62 10 417 0.024 106 0.5849
1987 1 25 24 97 416 420 0.9905 108 0.8981
1987 1 26 24 88 407 427 0.9532 112 0.7857
1987 1 27 24 82 273 427 0.6393 112 0.7321
1987 1 28 24 74 147 429 0.3427 113 0.6549
1987 1 29 24 101 365 432 0.8449 117 0.8632
1987 1 30 24 108 430 436 0.9862 117 0.9231
1987 1 31 24 109 434 439 0.9886 118 0.9237
1987 2 1 24 111 438 441 0.9932 119 0.9328
1987 2 2 24 112 424 444 0.955 120 0.9333
1987 2 3 24 80 132 446 0.296 125 0.64
1987 2 4 24 93 328 449 0.7305 127 0.7323
1987 2 5 24 110 447 452 0.9889 132 0.8333
1987 2 6 24 117 448 463 0.9676 132 0.8864
1987 2 7 24 52 2 463 0.0043 133 0.391
1987 2 8 24 79 93 463 0.2009 133 0.594
1987 2 9 24 122 458 461 0.9935 139 0.8777
1987 2 10 24 47 8 462 0.0173 142 0.331
1987 2 11 24 79 99 464 0.2134 142 0.5563
1987 2 12 24 124 304 468 0.6496 143 0.8671
1987 2 13 24 76 2 472 0.0042 143 0.5315
1987 2 14 24 105 258 473 0.5455 149 0.7047
1987 2 15 24 48 0 476 0 149 0.3221
1987 2 16 24 95 49 500 0.098 154 0.6169
1987 2 17 24 71 0 500 0 158 0.4494
1987 2 18 24 106 188 500 0.376 160 0.6625
1987 2 19 24 75 0 496 0 162 0.463
1987 2 20 24 146 466 507 0.9191 164 0.8902
1987 2 21 24 112 191 512 0.373 165 0.6788
1987 2 22 24 135 378 518 0.7297 170 0.7941
1987 2 23 24 142 268 520 0.5154 177 0.8023
1987 2 24 24 161 519 530 0.9792 177 0.9096
1987 2 25 24 158 513 541 0.9482 179 0.8827
1987 2 26 24 68 0 546 0 180 0.3778
1987 2 27 24 69 0 546 0 185 0.373
1987 2 28 24 75 0 548 0 185 0.4054
1987 3 1 24 90 54 554 0.0975 196 0.4592
1987 3 2 24 55 0 557 0 196 0.2806
1987 3 3 24 75 2 558 0.0036 198 0.3788
1987 3 4 24 159 292 562 0.5196 205 0.7756
1987 3 5 24 112 7 566 0.0124 205 0.5463
1987 3 6 24 145 304 569 0.5343 208 0.6971
1987 3 7 24 195 567 571 0.993 209 0.933
1987 3 8 24 193 569 574 0.9913 211 0.9147
1987 3 9 24 199 572 576 0.9931 213 0.9343
1987 3 10 24 197 574 578 0.9931 213 0.9249
1987 3 11 24 193 542 579 0.9361 217 0.8894
1987 3 12 24 203 578 580 0.9966 219 0.9269
1987 3 13 24 193 525 581 0.9036 223 0.8655
1987 3 14 24 187 430 586 0.7338 226 0.8274
1987 3 15 24 206 539 587 0.9182 229 0.8996
1987 3 16 24 83 6 590 0.0102 229 0.3624
1987 3 17 24 164 186 590 0.3153 234 0.7009
1987 3 18 24 207 458 594 0.771 236 0.8771
1987 3 19 24 188 353 597 0.5913 240 0.7833
1987 3 20 24 133 93 600 0.155 242 0.5496
1987 3 21 24 229 597 603 0.99 245 0.9347
1987 3 22 24 175 282 603 0.4677 245 0.7143
1987 3 23 24 164 160 606 0.264 245 0.6694
1987 3 24 24 162 91 610 0.1492 249 0.6506
1987 3 25 24 180 254 612 0.415 260 0.6923
1987 3 26 24 148 174 613 0.2838 260 0.5692
1987 3 27 24 130 29 615 0.0472 266 0.4887
1987 3 28 24 40 0 617 0 266 0.1504
1987 3 29 24 149 83 617 0.1345 266 0.5602
1987 3 30 24 175 177 620 0.2855 263 0.6654
1987 3 31 24 170 113 622 0.1817 282 0.6028
1987 4 1 24 207 258 623 0.4141 282 0.734
1987 4 2 24 249 566 624 0.9071 282 0.883
1987 4 3 24 180 201 625 0.3216 277 0.6498
1987 4 4 24 57 0 625 0 277 0.2058
1987 4 5 24 253 537 627 0.8565 277 0.9134
1987 4 6 24 265 618 629 0.9825 291 0.9107
1987 4 7 24 240 401 629 0.6375 291 0.8247
1987 4 8 24 123 46 631 0.0729 291 0.4227
1987 4 9 24 141 122 631 0.1933 287 0.4913
1987 4 10 24 142 6 632 0.0095 296 0.4797
1987 4 11 24 290 556 633 0.8784 299 0.9699
1987 4 12 24 144 32 633 0.0506 299 0.4816
1987 4 13 24 188 45 633 0.0711 300 0.6267
1987 4 14 24 251 377 634 0.5946 303 0.8284
1987 4 15 24 246 434 634 0.6845 307 0.8013
1987 4 16 24 271 591 634 0.9322 307 0.8827
1987 4 17 24 283 632 634 0.9968 307 0.9218
1987 4 18 24 283 634 637 0.9953 309 0.9159
1987 4 19 24 210 310 637 0.4867 320 0.6562
1987 4 20 24 105 0 638 0 320 0.3281
1987 4 21 24 158 57 639 0.0892 320 0.4938
1987 4 22 24 301 636 639 0.9953 320 0.9406
1987 4 23 24 300 637 640 0.9953 320 0.9375
1987 4 24 24 298 638 640 0.9969 320 0.9312
1987 4 25 24 289 625 640 0.9766 316 0.9146
1987 4 26 24 160 152 642 0.2368 316 0.5063
1987 4 27 24 164 122 642 0.19 315 0.5206
1987 4 28 24 304 640 642 0.9969 337 0.9021
1987 4 29 24 302 640 643 0.9953 337 0.8961
1987 4 30 24 200 137 643 0.2131 337 0.5935
1987 5 1 24 275 571 643 0.888 332 0.8283
1987 5 2 24 223 424 642 0.6604 333 0.6697
1987 5 3 24 109 101 642 0.1573 354 0.3079
1987 5 4 24 180 2 645 0.0031 354 0.5085
1987 5 5 24 319 467 645 0.724 354 0.9011
1987 5 6 24 118 9 647 0.0139 353 0.3343
1987 5 7 24 294 334 647 0.5162 353 0.8329
1987 5 8 24 322 645 647 0.9969 353 0.9122
1987 5 9 24 324 646 648 0.9969 344 0.9419
1987 5 10 24 288 499 648 0.7701 344 0.8372
1987 5 11 24 248 279 649 0.4299 344 0.7209
1987 5 12 24 147 57 651 0.0876 341 0.4311
1987 5 13 24 150 28 654 0.0428 353 0.4249
1987 5 14 24 326 552 656 0.8415 353 0.9235
1987 5 15 24 132 3 656 0.0046 353 0.3739
1987 5 16 24 219 164 659 0.2489 355 0.6169
1987 5 17 24 196 137 673 0.2036 355 0.5521
1987 5 18 24 150 38 688 0.0552 360 0.4167
1987 5 19 24 158 114 692 0.1647 360 0.4389
1987 5 20 24 87 2 692 0.0029 360 0.2417
1987 5 21 24 126 12 697 0.0172 359 0.351
1987 5 22 24 334 453 699 0.6481 359 0.9304
1987 5 23 24 347 697 702 0.9929 363 0.9559
1987 5 24 24 345 699 705 0.9915 363 0.9504
1987 5 25 24 142 103 706 0.1459 363 0.3912
1987 5 26 24 327 618 706 0.8754 358 0.9134
1987 5 27 24 83 5 708 0.0071 362 0.2293
1987 5 28 24 171 29 713 0.0407 369 0.4634
1987 5 29 24 124 22 714 0.0308 369 0.336
1987 5 30 24 302 415 715 0.5804 369 0.8184
1987 5 31 24 234 245 717 0.3417 363 0.6446
1987 6 1 24 245 190 717 0.265 363 0.6749
1987 6 2 24 324 553 718 0.7702 361 0.8975
1987 6 3 24 123 12 718 0.0167 370 0.3324
1987 6 4 24 68 15 718 0.0209 370 0.1838
1987 6 5 24 186 92 698 0.1318 375 0.496
1987 6 6 24 254 418 725 0.5766 376 0.6755
1987 6 7 24 105 66 725 0.091 376 0.2793
1987 6 8 24 59 5 727 0.0069 376 0.1569
1987 6 9 24 239 199 727 0.2737 366 0.653
1987 6 10 24 317 381 727 0.5241 366 0.8661
1987 6 11 24 256 351 729 0.4815 384 0.6667
1987 6 12 24 254 407 729 0.5583 384 0.6615
1987 6 13 24 238 369 730 0.5055 384 0.6198
1987 6 14 24 233 261 730 0.3575 363 0.6419
1987 6 15 24 67 2 730 0.0027 367 0.1826
1987 6 16 24 142 0 728 0 367 0.3869
1987 6 17 24 200 90 733 0.1228 367 0.545
1987 6 18 24 155 27 733 0.0368 366 0.4235
1987 6 19 24 157 145 733 0.1978 367 0.4278
1987 6 20 24 148 214 733 0.292 367 0.4033
1987 6 21 24 123 7 733 0.0095 368 0.3342
1987 6 22 24 148 35 733 0.0477 373 0.3968
1987 6 23 24 201 38 733 0.0518 373 0.5389
1987 6 24 24 238 157 733 0.2142 373 0.6381
1987 6 25 24 335 520 733 0.7094 367 0.9128
1987 6 26 24 62 2 733 0.0027 361 0.1717
1987 6 27 24 192 100 731 0.1368 363 0.5289
1987 6 28 24 351 729 731 0.9973 363 0.9669
1987 6 29 24 352 728 731 0.9959 363 0.9697
1987 6 30 24 356 726 728 0.9973 360 0.9889
1987 7 1 24 241 360 728 0.4945 365 0.6603
1987 7 2 24 310 461 727 0.6341 365 0.8493
1987 7 3 24 213 304 727 0.4182 365 0.5836
1987 7 4 24 320 569 726 0.7837 360 0.8889
1987 7 5 24 355 664 721 0.9209 360 0.9861
1987 7 6 24 329 575 721 0.7975 356 0.9242
1987 7 7 24 209 123 721 0.1706 365 0.5726
1987 7 8 24 141 128 720 0.1778 365 0.3863
1987 7 9 24 170 126 719 0.1752 365 0.4658
1987 7 10 24 340 717 719 0.9972 362 0.9392
1987 7 11 24 349 712 717 0.993 357 0.9776
1987 7 12 24 290 488 717 0.6806 354 0.8192
1987 7 13 24 313 602 716 0.8408 350 0.8943
1987 7 14 24 243 355 712 0.4986 354 0.6864
1987 7 15 24 258 385 712 0.5407 354 0.7288
1987 7 16 24 138 80 750 0.1067 354 0.3898
1987 7 17 24 145 81 750 0.108 350 0.4143
1987 7 18 24 58 0 750 0 348 0.1667
1987 7 19 24 75 21 705 0.0298 347 0.2161
1987 7 20 24 302 539 700 0.77 347 0.8703
1987 7 21 24 130 103 699 0.1474 346 0.3757
1987 7 22 24 185 222 697 0.3185 346 0.5347
1987 7 23 24 218 383 696 0.5503 336 0.6488
1987 7 24 24 299 575 696 0.8261 334 0.8952
1987 7 25 24 149 141 684 0.2061 331 0.4502
1987 7 26 24 165 122 678 0.1799 331 0.4985
1987 7 27 24 212 147 662 0.2221 331 0.6405
1987 7 28 24 130 80 657 0.1218 330 0.3939
1987 7 29 24 253 339 673 0.5037 330 0.7667
1987 7 30 24 98 42 673 0.0624 327 0.2997
1987 7 31 24 144 63 673 0.0936 327 0.4404
1987 8 1 24 171 119 651 0.1828 327 0.5229
1987 8 2 24 64 0 651 0 327 0.1957
1987 8 3 24 239 370 648 0.571 326 0.7331
1987 8 4 24 208 200 648 0.3086 325 0.64
1987 8 5 24 125 47 648 0.0725 317 0.3943
1987 8 6 24 197 76 648 0.1173 317 0.6215
1987 8 7 24 191 166 646 0.257 317 0.6025
1987 8 8 24 259 469 716 0.655 317 0.817
1987 8 9 24 123 95 716 0.1327 314 0.3917
1987 8 10 24 294 525 716 0.7332 314 0.9363
1987 8 11 24 289 603 700 0.8614 305 0.9475
1987 8 12 24 88 14 700 0.02 315 0.2794
1987 8 13 24 235 397 700 0.5671 315 0.746
1987 8 14 24 197 321 642 0.5 315 0.6254
1987 8 15 24 87 29 641 0.0452 304 0.2862
1987 8 16 24 231 494 641 0.7707 300 0.77
1987 8 17 24 272 587 640 0.9172 302 0.9007
1987 8 18 24 85 14 640 0.0219 302 0.2815
1987 8 19 24 168 180 639 0.2817 302 0.5563
1987 8 20 24 281 637 639 0.9969 296 0.9493
1987 8 21 24 280 636 638 0.9969 302 0.9272
1987 8 22 24 278 635 638 0.9953 302 0.9205
1987 8 23 24 116 223 636 0.3506 302 0.3841
1987 8 24 24 83 73 636 0.1148 288 0.2882
1987 8 25 24 94 103 635 0.1622 288 0.3264
1987 8 26 24 227 348 635 0.548 282 0.805
1987 8 27 24 51 6 634 0.0095 289 0.1765
1987 8 28 24 116 20 633 0.0316 289 0.4014
1987 8 29 24 242 522 633 0.8246 289 0.8374
1987 8 30 24 264 630 633 0.9953 280 0.9429
1987 8 31 24 261 630 633 0.9953 280 0.9321
1987 9 1 24 234 555 632 0.8782 280 0.8357
1987 9 2 24 179 182 630 0.2889 279 0.6416
1987 9 3 24 154 230 628 0.3662 264 0.5833
1987 9 4 24 92 19 628 0.0303 264 0.3485
1987 9 5 24 105 74 628 0.1178 266 0.3947
1987 9 6 24 106 92 628 0.1465 266 0.3985
1987 9 7 24 208 420 626 0.6709 266 0.782
1987 9 8 24 105 119 626 0.1901 259 0.4054
1987 9 9 24 183 324 624 0.5192 259 0.7066
1987 9 10 24 217 499 624 0.7997 250 0.868
1987 9 11 24 213 416 623 0.6677 249 0.8554
1987 9 12 24 137 246 621 0.3961 249 0.5502
1987 9 13 24 184 463 620 0.7468 249 0.739
1987 9 14 24 200 497 617 0.8055 245 0.8163
1987 9 15 24 196 489 615 0.7951 244 0.8033
1987 9 16 24 205 594 614 0.9674 241 0.8506
1987 9 17 24 181 537 612 0.8775 251 0.7211
1987 9 18 24 205 525 611 0.8592 251 0.8167
1987 9 19 24 171 415 610 0.6803 251 0.6813
1987 9 20 24 201 570 608 0.9375 236 0.8517
1987 9 21 24 204 601 604 0.995 233 0.8755
1987 9 22 24 180 482 601 0.802 233 0.7725
1987 9 23 24 162 430 599 0.7179 224 0.7232
1987 9 24 24 122 5 596 0.0084 224 0.5446
1987 9 25 24 149 239 594 0.4024 222 0.6712
1987 9 26 24 29 0 592 0 214 0.1355
1987 9 27 24 95 81 590 0.1373 212 0.4481
1987 9 28 24 202 507 588 0.8622 211 0.9573
1987 9 29 24 195 488 586 0.8328 211 0.9242
1987 9 30 24 197 579 581 0.9966 210 0.9381
1987 10 1 24 192 579 580 0.9983 207 0.9275
1987 10 2 24 192 573 579 0.9896 204 0.9412
1987 10 3 24 98 74 578 0.128 197 0.4975
1987 10 4 24 101 89 576 0.1545 197 0.5127
1987 10 5 24 53 13 574 0.0226 195 0.2718
1987 10 6 24 96 128 572 0.2238 191 0.5026
1987 10 7 24 158 390 567 0.6878 190 0.8316
1987 10 8 24 76 55 567 0.097 187 0.4064
1987 10 9 24 173 558 562 0.9929 185 0.9351
1987 10 10 24 161 498 559 0.8909 182 0.8846
1987 10 11 24 92 141 557 0.2531 181 0.5083
1987 10 12 24 44 0 555 0 178 0.2472
1987 10 13 24 144 415 551 0.7532 178 0.809
1987 10 14 24 101 192 548 0.3504 175 0.5771
1987 10 15 24 61 18 546 0.033 175 0.3486
1987 10 16 24 126 287 544 0.5276 171 0.7368
1987 10 17 24 48 0 539 0 169 0.284
1987 10 18 24 147 366 529 0.6919 165 0.8909
1987 10 19 24 153 517 519 0.9961 162 0.9444
1987 10 20 24 137 421 517 0.8143 162 0.8457
1987 10 21 24 82 138 510 0.2706 159 0.5157
1987 10 22 24 33 10 502 0.0199 159 0.2075
1987 10 23 24 41 0 493 0 154 0.2662
1987 10 24 24 120 362 489 0.7403 150 0.8
1987 10 25 24 44 1 483 0.0021 150 0.2933
1987 10 26 24 30 0 480 0 149 0.2013
1987 10 27 24 96 343 480 0.7146 144 0.6667
1987 10 28 24 82 159 472 0.3369 142 0.5775
1987 10 29 24 85 191 470 0.4064 138 0.6159
1987 10 30 24 119 436 465 0.9376 134 0.8881
1987 10 31 24 114 413 463 0.892 133 0.8571
1987 11 1 24 99 298 462 0.645 130 0.7615
1987 11 2 24 68 61 461 0.1323 130 0.5231
1987 11 3 24 116 456 460 0.9913 129 0.8992
1987 11 4 24 117 454 460 0.987 125 0.936
1987 11 5 24 115 451 458 0.9847 125 0.92
1987 11 6 24 114 449 451 0.9956 125 0.912
1987 11 7 24 113 445 449 0.9911 121 0.9339
1987 11 8 24 107 443 445 0.9955 121 0.8843
1987 11 9 24 75 98 443 0.2212 118 0.6356
1987 11 10 24 49 5 441 0.0113 118 0.4153
1987 11 11 24 71 210 439 0.4784 114 0.6228
1987 11 12 24 50 12 435 0.0276 114 0.4386
1987 11 13 24 52 7 431 0.0162 108 0.4815
1987 11 14 24 99 351 428 0.8201 108 0.9167
1987 11 15 24 99 421 423 0.9953 106 0.934
1987 11 16 24 46 53 421 0.1259 104 0.4423
1987 11 17 24 40 11 419 0.0263 104 0.3846
1987 11 18 24 41 4 417 0.0096 104 0.3942
1987 11 19 24 64 37 415 0.0892 102 0.6275
1987 11 20 24 27 0 414 0 99 0.2727
1987 11 21 24 35 0 410 0 99 0.3535
1987 11 22 24 55 25 407 0.0614 99 0.5556
1987 11 23 24 57 60 405 0.1481 97 0.5876
1987 11 24 24 42 11 403 0.0273 97 0.433
1987 11 25 24 72 255 401 0.6359 96 0.75
1987 11 26 24 82 367 399 0.9198 96 0.8542
1987 11 27 24 31 0 396 0 89 0.3483
1987 11 28 24 52 12 395 0.0304 89 0.5843
1987 11 29 24 57 121 392 0.3087 86 0.6628
1987 11 30 24 29 0 391 0 102 0.2843
1987 12 1 24 102 372 389 0.9563 102 1
1987 12 2 24 80 386 388 0.9948 102 0.7843
1987 12 3 24 77 381 387 0.9845 86 0.8953
1987 12 4 24 59 161 387 0.416 86 0.686
1987 12 5 24 47 5 387 0.0129 86 0.5465
1987 12 6 24 23 0 386 0 81 0.284
1987 12 7 24 43 23 381 0.0604 89 0.4831
1987 12 8 24 23 0 380 0 89 0.2584
1987 12 9 24 65 171 379 0.4512 89 0.7303
1987 12 10 24 75 376 377 0.9973 80 0.9375
1987 12 11 24 74 375 377 0.9947 80 0.925
1987 12 12 24 73 374 377 0.992 81 0.9012
1987 12 13 24 72 373 375 0.9947 81 0.8889
1987 12 14 24 70 329 375 0.8773 81 0.8642
1987 12 15 24 43 43 375 0.1147 76 0.5658
1987 12 16 24 35 1 374 0.0027 85 0.4118
1987 12 17 24 31 0 374 0 85 0.3647
1987 12 18 24 24 0 374 0 85 0.2824
1987 12 19 24 15 0 386 0 84 0.1786
1987 12 20 24 33 0 386 0 84 0.3929
1987 12 21 24 48 252 386 0.6528 84 0.5714
1987 12 22 24 61 351 373 0.941 78 0.7821
1987 12 23 24 73 361 373 0.9678 82 0.8902
1987 12 24 24 69 371 373 0.9946 82 0.8415
1987 12 25 24 69 314 373 0.8418 82 0.8415
1987 12 26 24 67 365 374 0.9759 77 0.8701
1987 12 27 24 61 253 374 0.6765 77 0.7922
1987 12 28 24 65 306 374 0.8182 77 0.8442
1987 12 29 24 70 372 375 0.992 79 0.8861
1987 12 30 24 65 274 376 0.7287 79 0.8228
1987 12 31 24 50 150 377 0.3979 79 0.6329
1988 1 1 24 54 145 377 0.3846 79 0.6835
1988 1 2 24 52 94 378 0.2487 81 0.642
1988 1 3 24 69 252 378 0.6667 81 0.8519
1988 1 4 24 16 0 379 0 81 0.1975
1988 1 5 24 68 377 381 0.9895 93 0.7312
1988 1 6 24 55 149 382 0.3901 93 0.5914
1988 1 7 24 68 198 384 0.5156 93 0.7312
1988 1 8 24 78 361 385 0.9377 86 0.907
1988 1 9 24 80 375 387 0.969 87 0.9195
1988 1 10 24 79 339 387 0.876 93 0.8495
1988 1 11 24 29 0 389 0 93 0.3118
1988 1 12 24 79 387 390 0.9923 93 0.8495
1988 1 13 24 73 303 392 0.773 91 0.8022
1988 1 14 24 55 74 394 0.1878 92 0.5978
1988 1 15 24 61 137 396 0.346 92 0.663
1988 1 16 24 77 394 400 0.985 92 0.837
1988 1 17 24 62 94 401 0.2344 94 0.6596
1988 1 18 24 60 207 403 0.5136 96 0.625
1988 1 19 24 85 401 405 0.9901 99 0.8586
1988 1 20 24 70 241 408 0.5907 99 0.7071
1988 1 21 24 60 82 417 0.1966 107 0.5607
1988 1 22 24 60 45 417 0.1079 107 0.5607
1988 1 23 24 54 53 417 0.1271 107 0.5047
1988 1 24 24 56 33 417 0.0791 106 0.5283
1988 1 25 24 31 0 420 0 108 0.287
1988 1 26 24 104 393 427 0.9204 112 0.9286
1988 1 27 24 77 161 427 0.377 112 0.6875
1988 1 28 24 52 2 429 0.0047 113 0.4602
1988 1 29 24 80 97 432 0.2245 117 0.6838
1988 1 30 24 53 10 436 0.0229 117 0.453
1988 1 31 24 60 15 439 0.0342 118 0.5085
1988 2 1 24 85 150 441 0.3401 119 0.7143
1988 2 2 24 91 86 444 0.1937 120 0.7583
1988 2 3 24 113 386 446 0.8655 125 0.904
1988 2 4 24 100 327 449 0.7283 127 0.7874
1988 2 5 24 94 135 452 0.2987 132 0.7121
1988 2 6 24 34 0 463 0 132 0.2576
1988 2 7 24 28 0 463 0 133 0.2105
1988 2 8 24 54 8 463 0.0173 133 0.406
1988 2 9 24 100 209 461 0.4534 139 0.7194
1988 2 10 24 87 135 462 0.2922 142 0.6127
1988 2 11 24 65 0 464 0 142 0.4577
1988 2 12 24 80 103 468 0.2201 143 0.5594
1988 2 13 24 138 430 472 0.911 143 0.965
1988 2 14 24 142 468 473 0.9894 149 0.953
1988 2 15 24 144 471 476 0.9895 149 0.9664
1988 2 16 24 143 474 500 0.948 154 0.9286
1988 2 17 24 145 476 500 0.952 158 0.9177
1988 2 18 24 143 389 500 0.778 160 0.8938
1988 2 19 24 57 0 496 0 162 0.3519
1988 2 20 24 80 5 507 0.0099 164 0.4878
1988 2 21 24 157 498 512 0.9727 165 0.9515
1988 2 22 24 157 507 518 0.9788 170 0.9235
1988 2 23 24 151 416 520 0.8 177 0.8531
1988 2 24 24 134 212 530 0.4 177 0.7571
1988 2 25 24 85 2 541 0.0037 179 0.4749
1988 2 26 24 103 2 546 0.0037 180 0.5722
1988 2 27 24 106 11 546 0.0201 185 0.573
1988 2 28 24 96 76 548 0.1387 185 0.5189
1988 2 29 24 122 151 549 0.275 195 0.6256
1988 3 1 24 90 61 554 0.1101 196 0.4592
1988 3 2 24 143 135 557 0.2424 196 0.7296
1988 3 3 24 183 475 558 0.8513 198 0.9242
1988 3 4 24 166 295 562 0.5249 205 0.8098
1988 3 5 24 113 50 566 0.0883 205 0.5512
1988 3 6 24 125 187 569 0.3286 208 0.601
1988 3 7 24 108 26 571 0.0455 209 0.5167
1988 3 8 24 119 40 574 0.0697 211 0.564
1988 3 9 24 156 244 576 0.4236 213 0.7324
1988 3 10 24 213 576 578 0.9965 213 1
1988 3 11 24 85 0 579 0 217 0.3917
1988 3 12 24 62 0 580 0 219 0.2831
1988 3 13 24 142 129 581 0.222 223 0.6368
1988 3 14 24 169 40 586 0.0683 226 0.7478
1988 3 15 24 209 539 587 0.9182 229 0.9127
1988 3 16 24 106 129 590 0.2186 229 0.4629
1988 3 17 24 88 0 590 0 234 0.3761
1988 3 18 24 73 0 594 0 236 0.3093
1988 3 19 24 165 185 597 0.3099 240 0.6875
1988 3 20 24 139 161 600 0.2683 242 0.5744
1988 3 21 24 103 8 603 0.0133 245 0.4204
1988 3 22 24 101 1 603 0.0017 245 0.4122
1988 3 23 24 132 1 606 0.0017 245 0.5388
1988 3 24 24 124 47 610 0.077 249 0.498
1988 3 25 24 73 0 612 0 260 0.2808
1988 3 26 24 158 40 613 0.0653 260 0.6077
1988 3 27 24 172 2 615 0.0033 266 0.6466
1988 3 28 24 139 31 617 0.0502 266 0.5226
1988 3 29 24 230 353 617 0.5721 266 0.8647
1988 3 30 24 178 102 620 0.1645 263 0.6768
1988 3 31 24 112 0 622 0 282 0.3972
1988 4 1 24 201 135 623 0.2167 282 0.7128
1988 4 2 24 203 324 624 0.5192 282 0.7199
1988 4 3 24 201 144 625 0.2304 277 0.7256
1988 4 4 24 135 0 625 0 277 0.4874
1988 4 5 24 153 0 627 0 277 0.5523
1988 4 6 24 225 213 629 0.3386 291 0.7732
1988 4 7 24 196 65 629 0.1033 291 0.6735
1988 4 8 24 107 4 631 0.0063 291 0.3677
1988 4 9 24 245 289 631 0.458 287 0.8537
1988 4 10 24 203 173 632 0.2737 296 0.6858
1988 4 11 24 284 609 633 0.9621 299 0.9498
1988 4 12 24 158 97 633 0.1532 299 0.5284
1988 4 13 24 108 0 633 0 300 0.36
1988 4 14 24 300 631 634 0.9953 303 0.9901
1988 4 15 24 294 535 634 0.8438 307 0.9577
1988 4 16 24 245 360 634 0.5678 307 0.798
1988 4 17 24 180 80 634 0.1262 307 0.5863
1988 4 18 24 269 498 637 0.7818 309 0.8706
1988 4 19 24 296 634 637 0.9953 320 0.925
1988 4 20 24 146 93 638 0.1458 320 0.4562
1988 4 21 24 216 159 639 0.2488 320 0.675
1988 4 22 24 292 632 639 0.989 320 0.9125
1988 4 23 24 295 537 640 0.8391 320 0.9219
1988 4 24 24 299 519 640 0.8109 320 0.9344
1988 4 25 24 316 638 640 0.9969 316 1
1988 4 26 24 218 217 642 0.338 316 0.6899
1988 4 27 24 181 175 642 0.2726 315 0.5746
1988 4 28 24 175 90 642 0.1402 337 0.5193
1988 4 29 24 220 162 643 0.2519 337 0.6528
1988 4 30 24 270 394 643 0.6128 337 0.8012
1988 5 1 24 239 286 643 0.4448 332 0.7199
1988 5 2 24 207 160 642 0.2492 333 0.6216
1988 5 3 24 153 175 642 0.2726 354 0.4322
1988 5 4 24 152 36 645 0.0558 354 0.4294
1988 5 5 24 201 230 645 0.3566 354 0.5678
1988 5 6 24 327 641 647 0.9907 353 0.9263
1988 5 7 24 269 433 647 0.6692 353 0.762
1988 5 8 24 193 141 647 0.2179 353 0.5467
1988 5 9 24 270 395 648 0.6096 344 0.7849
1988 5 10 24 134 23 648 0.0355 344 0.3895
1988 5 11 24 227 231 649 0.3559 344 0.6599
1988 5 12 24 249 328 651 0.5038 341 0.7302
1988 5 13 24 237 315 654 0.4817 353 0.6714
1988 5 14 24 223 213 656 0.3247 353 0.6317
1988 5 15 24 180 258 656 0.3933 353 0.5099
1988 5 16 24 178 86 659 0.1305 355 0.5014
1988 5 17 24 138 15 673 0.0223 355 0.3887
1988 5 18 24 149 47 688 0.0683 360 0.4139
1988 5 19 24 144 58 692 0.0838 360 0.4
1988 5 20 24 87 0 692 0 360 0.2417
1988 5 21 24 102 0 697 0 359 0.2841
1988 5 22 24 356 697 699 0.9971 359 0.9916
1988 5 23 24 352 699 702 0.9957 363 0.9697
1988 5 24 24 332 606 705 0.8596 363 0.9146
1988 5 25 24 342 676 706 0.9575 363 0.9421
1988 5 26 24 209 293 706 0.415 358 0.5838
1988 5 27 24 131 44 708 0.0621 362 0.3619
1988 5 28 24 205 160 713 0.2244 369 0.5556
1988 5 29 24 173 137 714 0.1919 369 0.4688
1988 5 30 24 344 579 715 0.8098 369 0.9322
1988 5 31 24 240 169 717 0.2357 363 0.6612
1988 6 1 24 179 81 717 0.113 363 0.4931
1988 6 2 24 127 24 718 0.0334 361 0.3518
1988 6 3 24 309 528 718 0.7354 370 0.8351
1988 6 4 24 165 90 718 0.1253 370 0.4459
1988 6 5 24 61 0 698 0 375 0.1627
1988 6 6 24 133 0 725 0 376 0.3537
1988 6 7 24 179 0 725 0 376 0.4761
1988 6 8 24 282 353 727 0.4856 376 0.75
1988 6 9 24 357 679 727 0.934 366 0.9754
1988 6 10 24 237 260 727 0.3576 366 0.6475
1988 6 11 24 193 170 729 0.2332 384 0.5026
1988 6 12 24 184 100 729 0.1372 384 0.4792
1988 6 13 24 202 80 730 0.1096 384 0.526
1988 6 14 24 272 471 730 0.6452 363 0.7493
1988 6 15 24 206 172 730 0.2356 367 0.5613
1988 6 16 24 244 364 728 0.5 367 0.6649
1988 6 17 24 211 178 733 0.2428 367 0.5749
1988 6 18 24 206 192 733 0.2619 366 0.5628
1988 6 19 24 223 263 733 0.3588 367 0.6076
1988 6 20 24 217 216 733 0.2947 367 0.5913
1988 6 21 24 226 231 733 0.3151 368 0.6141
1988 6 22 24 197 243 733 0.3315 373 0.5282
1988 6 23 24 157 133 733 0.1814 373 0.4209
1988 6 24 24 362 726 733 0.9905 373 0.9705
1988 6 25 24 321 434 733 0.5921 367 0.8747
1988 6 26 24 111 19 733 0.0259 361 0.3075
1988 6 27 24 196 189 731 0.2585 363 0.5399
1988 6 28 24 183 95 731 0.13 363 0.5041
1988 6 29 24 220 218 731 0.2982 363 0.6061
1988 6 30 24 216 247 728 0.3393 360 0.6
1988 7 1 24 112 51 728 0.0701 365 0.3068
1988 7 2 24 326 486 727 0.6685 365 0.8932
1988 7 3 24 97 159 727 0.2187 365 0.2658
1988 7 4 24 88 15 726 0.0207 360 0.2444
1988 7 5 24 232 387 721 0.5368 360 0.6444
1988 7 6 24 284 499 721 0.6921 356 0.7978
1988 7 7 24 260 366 721 0.5076 365 0.7123
1988 7 8 24 206 193 720 0.2681 365 0.5644
1988 7 9 24 291 411 719 0.5716 365 0.7973
1988 7 10 24 346 717 719 0.9972 362 0.9558
1988 7 11 24 336 661 717 0.9219 357 0.9412
1988 7 12 24 159 85 717 0.1185 354 0.4492
1988 7 13 24 272 490 716 0.6844 350 0.7771
1988 7 14 24 169 76 712 0.1067 354 0.4774
1988 7 15 24 180 155 712 0.2177 354 0.5085
1988 7 16 24 177 110 750 0.1467 354 0.5
1988 7 17 24 255 308 750 0.4107 350 0.7286
1988 7 18 24 304 463 750 0.6173 348 0.8736
1988 7 19 24 338 695 705 0.9858 347 0.9741
1988 7 20 24 339 698 700 0.9971 347 0.9769
1988 7 21 24 320 693 699 0.9914 346 0.9249
1988 7 22 24 262 515 697 0.7389 346 0.7572
1988 7 23 24 315 667 696 0.9583 336 0.9375
1988 7 24 24 160 223 696 0.3204 334 0.479
1988 7 25 24 330 669 684 0.9781 331 0.997
1988 7 26 24 320 662 678 0.9764 331 0.9668
1988 7 27 24 142 89 662 0.1344 331 0.429
1988 7 28 24 318 650 657 0.9893 330 0.9636
1988 7 29 24 219 384 673 0.5706 330 0.6636
1988 7 30 24 323 606 673 0.9004 327 0.9878
1988 7 31 24 312 640 673 0.951 327 0.9541
1988 8 1 24 245 413 651 0.6344 327 0.7492
1988 8 2 24 188 247 651 0.3794 327 0.5749
1988 8 3 24 125 56 648 0.0864 326 0.3834
1988 8 4 24 41 0 648 0 325 0.1262
1988 8 5 24 311 631 648 0.9738 317 0.9811
1988 8 6 24 312 644 648 0.9938 317 0.9842
1988 8 7 24 300 643 646 0.9954 317 0.9464
1988 8 8 24 274 529 716 0.7388 317 0.8644
1988 8 9 24 256 453 716 0.6327 314 0.8153
1988 8 10 24 288 641 716 0.8953 314 0.9172
1988 8 11 24 199 348 700 0.4971 305 0.6525
1988 8 12 24 193 266 700 0.38 315 0.6127
1988 8 13 24 287 600 700 0.8571 315 0.9111
1988 8 14 24 292 605 642 0.9424 315 0.927
1988 8 15 24 148 233 641 0.3635 304 0.4868
1988 8 16 24 243 444 641 0.6927 300 0.81
1988 8 17 24 275 610 640 0.9531 302 0.9106
1988 8 18 24 280 637 640 0.9953 302 0.9272
1988 8 19 24 171 339 639 0.5305 302 0.5662
1988 8 20 24 21 1 639 0.0016 296 0.0709
1988 8 21 24 106 23 638 0.0361 302 0.351
1988 8 22 24 112 13 638 0.0204 302 0.3709
1988 8 23 24 185 154 636 0.2421 302 0.6126
1988 8 24 24 210 293 636 0.4607 288 0.7292
1988 8 25 24 175 209 635 0.3291 288 0.6076
1988 8 26 24 109 9 635 0.0142 282 0.3865
1988 8 27 24 91 36 634 0.0568 289 0.3149
1988 8 28 24 260 593 633 0.9368 289 0.8997
1988 8 29 24 36 0 633 0 289 0.1246
1988 8 30 24 245 485 633 0.7662 280 0.875
1988 8 31 24 211 467 633 0.7378 280 0.7536
1988 9 1 24 133 210 632 0.3323 280 0.475
1988 9 2 24 59 5 630 0.0079 279 0.2115
1988 9 3 24 167 158 628 0.2516 264 0.6326
1988 9 4 24 200 340 628 0.5414 264 0.7576
1988 9 5 24 221 468 628 0.7452 266 0.8308
1988 9 6 24 167 225 628 0.3583 266 0.6278
1988 9 7 24 249 600 626 0.9585 266 0.9361
1988 9 8 24 244 586 626 0.9361 259 0.9421
1988 9 9 24 243 618 624 0.9904 259 0.9382
1988 9 10 24 206 398 624 0.6378 250 0.824
1988 9 11 24 198 486 623 0.7801 249 0.7952
1988 9 12 24 117 163 621 0.2625 249 0.4699
1988 9 13 24 70 12 620 0.0194 249 0.2811
1988 9 14 24 98 42 617 0.0681 245 0.4
1988 9 15 24 119 56 615 0.0911 244 0.4877
1988 9 16 24 136 142 614 0.2313 241 0.5643
1988 9 17 24 170 363 612 0.5931 251 0.6773
1988 9 18 24 191 503 611 0.8232 251 0.761
1988 9 19 24 210 605 610 0.9918 251 0.8367
1988 9 20 24 212 584 608 0.9605 236 0.8983
1988 9 21 24 193 456 604 0.755 233 0.8283
1988 9 22 24 206 596 601 0.9917 233 0.8841
1988 9 23 24 121 209 599 0.3489 224 0.5402
1988 9 24 24 205 498 596 0.8356 224 0.9152
1988 9 25 24 93 55 594 0.0926 222 0.4189
1988 9 26 24 197 588 592 0.9932 214 0.9206
1988 9 27 24 192 578 590 0.9797 212 0.9057
1988 9 28 24 177 474 588 0.8061 211 0.8389
1988 9 29 24 129 302 586 0.5154 211 0.6114
1988 9 30 24 86 53 581 0.0912 210 0.4095
1988 10 1 24 137 331 580 0.5707 207 0.6618
1988 10 2 24 179 576 579 0.9948 204 0.8775
1988 10 3 24 175 503 578 0.8702 197 0.8883
1988 10 4 24 56 1 576 0.0017 197 0.2843
1988 10 5 24 95 87 574 0.1516 195 0.4872
1988 10 6 24 117 219 572 0.3829 191 0.6126
1988 10 7 24 48 25 567 0.0441 190 0.2526
1988 10 8 24 130 237 567 0.418 187 0.6952
1988 10 9 24 151 407 562 0.7242 185 0.8162
1988 10 10 24 41 3 559 0.0054 182 0.2253
1988 10 11 24 95 139 557 0.2496 181 0.5249
1988 10 12 24 68 68 555 0.1225 178 0.382
1988 10 13 24 133 351 551 0.637 178 0.7472
1988 10 14 24 91 163 548 0.2974 175 0.52
1988 10 15 24 125 368 546 0.674 175 0.7143
1988 10 16 24 130 449 544 0.8254 171 0.7602
1988 10 17 24 114 353 539 0.6549 169 0.6746
1988 10 18 24 113 268 529 0.5066 165 0.6848
1988 10 19 24 49 20 519 0.0385 162 0.3025
1988 10 20 24 80 194 517 0.3752 162 0.4938
1988 10 21 24 74 36 510 0.0706 159 0.4654
1988 10 22 24 87 125 502 0.249 159 0.5472
1988 10 23 24 134 486 493 0.9858 154 0.8701
1988 10 24 24 86 167 489 0.3415 150 0.5733
1988 10 25 24 122 391 483 0.8095 150 0.8133
1988 10 26 24 127 472 480 0.9833 149 0.8523
1988 10 27 24 122 470 480 0.9792 144 0.8472
1988 10 28 24 116 423 472 0.8962 142 0.8169
1988 10 29 24 64 119 470 0.2532 138 0.4638
1988 10 30 24 94 152 465 0.3269 134 0.7015
1988 10 31 24 124 460 463 0.9935 133 0.9323
1988 11 1 24 118 459 462 0.9935 130 0.9077
1988 11 2 24 39 6 461 0.013 130 0.3
1988 11 3 24 109 357 460 0.7761 129 0.845
1988 11 4 24 121 452 460 0.9826 125 0.968
1988 11 5 24 118 449 458 0.9803 125 0.944
1988 11 6 24 116 446 451 0.9889 125 0.928
1988 11 7 24 110 443 449 0.9866 121 0.9091
1988 11 8 24 108 441 445 0.991 121 0.8926
1988 11 9 24 84 301 443 0.6795 118 0.7119
1988 11 10 24 76 194 441 0.4399 118 0.6441
1988 11 11 24 98 431 439 0.9818 114 0.8596
1988 11 12 24 96 429 435 0.9862 114 0.8421
1988 11 13 24 33 5 431 0.0116 108 0.3056
1988 11 14 24 77 282 428 0.6589 108 0.713
1988 11 15 24 30 0 423 0 106 0.283
1988 11 16 24 91 410 421 0.9739 104 0.875
1988 11 17 24 94 416 419 0.9928 104 0.9038
1988 11 18 24 77 264 417 0.6331 104 0.7404
1988 11 19 24 37 6 415 0.0145 102 0.3627
1988 11 20 24 70 87 414 0.2101 99 0.7071
1988 11 21 24 32 0 410 0 99 0.3232
1988 11 22 24 87 313 407 0.769 99 0.8788
1988 11 23 24 79 262 405 0.6469 97 0.8144
1988 11 24 24 89 400 403 0.9926 97 0.9175
1988 11 25 24 85 390 401 0.9726 96 0.8854
1988 11 26 24 83 395 399 0.99 96 0.8646
1988 11 27 24 84 393 396 0.9924 89 0.9438
1988 11 28 24 78 319 395 0.8076 89 0.8764
1988 11 29 24 29 9 392 0.023 86 0.3372
1988 11 30 24 35 0 391 0 102 0.3431
1988 12 1 24 40 0 389 0 102 0.3922
1988 12 2 24 24 0 388 0 102 0.2353
1988 12 3 24 38 0 387 0 86 0.4419
1988 12 4 24 29 0 387 0 86 0.3372
1988 12 5 24 24 0 387 0 86 0.2791
1988 12 6 24 43 37 386 0.0959 81 0.5309
1988 12 7 24 32 0 381 0 89 0.3596
1988 12 8 24 64 225 380 0.5921 89 0.7191
1988 12 9 24 25 0 379 0 89 0.2809
1988 12 10 24 26 0 377 0 80 0.325
1988 12 11 24 54 150 377 0.3979 80 0.675
1988 12 12 24 26 0 377 0 81 0.321
1988 12 13 24 39 52 375 0.1387 81 0.4815
1988 12 14 24 71 274 375 0.7307 81 0.8765
1988 12 15 24 29 0 375 0 76 0.3816
1988 12 16 24 74 371 374 0.992 85 0.8706
1988 12 17 24 53 3 374 0.008 85 0.6235
1988 12 18 24 52 174 374 0.4652 85 0.6118
1988 12 19 24 21 0 386 0 84 0.25
1988 12 20 24 45 3 386 0.0078 84 0.5357
1988 12 21 24 54 73 386 0.1891 84 0.6429
1988 12 22 24 61 347 373 0.9303 78 0.7821
1988 12 23 24 58 222 373 0.5952 82 0.7073
1988 12 24 24 63 195 373 0.5228 82 0.7683
1988 12 25 24 65 324 373 0.8686 82 0.7927
1988 12 26 24 61 333 374 0.8904 77 0.7922
1988 12 27 24 71 368 374 0.984 77 0.9221
1988 12 28 24 69 372 374 0.9947 77 0.8961
1988 12 29 24 72 373 375 0.9947 79 0.9114
1988 12 30 24 73 373 376 0.992 79 0.9241
1988 12 31 24 72 374 377 0.992 79 0.9114
1989 1 1 24 73 375 377 0.9947 79 0.9241
1989 1 2 24 74 376 378 0.9947 81 0.9136
1989 1 3 24 76 377 378 0.9974 81 0.9383
1989 1 4 24 77 377 379 0.9947 81 0.9506
1989 1 5 24 66 190 381 0.4987 93 0.7097
1989 1 6 24 40 0 382 0 93 0.4301
1989 1 7 24 23 0 384 0 93 0.2473
1989 1 8 24 29 0 385 0 86 0.3372
1989 1 9 24 77 384 387 0.9922 87 0.8851
1989 1 10 24 79 386 387 0.9974 93 0.8495
1989 1 11 24 78 387 389 0.9949 93 0.8387
1989 1 12 24 77 378 390 0.9692 93 0.828
1989 1 13 24 69 250 392 0.6378 91 0.7582
1989 1 14 24 83 392 394 0.9949 92 0.9022
1989 1 15 24 85 394 396 0.9949 92 0.9239
1989 1 16 24 83 396 400 0.99 92 0.9022
1989 1 17 24 89 400 401 0.9975 94 0.9468
1989 1 18 24 88 401 403 0.995 96 0.9167
1989 1 19 24 89 403 405 0.9951 99 0.899
1989 1 20 24 89 393 408 0.9632 99 0.899
1989 1 21 24 84 382 417 0.9161 107 0.785
1989 1 22 24 66 131 417 0.3141 107 0.6168
1989 1 23 24 96 414 417 0.9928 107 0.8972
1989 1 24 24 97 415 417 0.9952 106 0.9151
1989 1 25 24 98 417 420 0.9929 108 0.9074
1989 1 26 24 101 420 427 0.9836 112 0.9018
1989 1 27 24 103 422 427 0.9883 112 0.9196
1989 1 28 24 104 425 429 0.9907 113 0.9204
1989 1 29 24 107 428 432 0.9907 117 0.9145
1989 1 30 24 108 432 436 0.9908 117 0.9231
1989 1 31 24 109 436 439 0.9932 118 0.9237
1989 2 1 24 108 439 441 0.9955 119 0.9076
1989 2 2 24 109 441 444 0.9932 120 0.9083
1989 2 3 24 109 443 446 0.9933 125 0.872
1989 2 4 24 100 349 449 0.7773 127 0.7874
1989 2 5 24 115 413 452 0.9137 132 0.8712
1989 2 6 24 113 451 463 0.9741 132 0.8561
1989 2 7 24 120 463 463 1 133 0.9023
1989 2 8 24 122 457 463 0.987 133 0.9173
1989 2 9 24 125 459 461 0.9957 139 0.8993
1989 2 10 24 128 460 462 0.9957 142 0.9014
1989 2 11 24 129 462 464 0.9957 142 0.9085
1989 2 12 24 119 315 468 0.6731 143 0.8322
1989 2 13 24 115 322 472 0.6822 143 0.8042
1989 2 14 24 54 1 473 0.0021 149 0.3624
1989 2 15 24 92 41 476 0.0861 149 0.6174
1989 2 16 24 87 5 500 0.01 154 0.5649
1989 2 17 24 141 412 500 0.824 158 0.8924
1989 2 18 24 86 89 500 0.178 160 0.5375
1989 2 19 24 38 2 496 0.004 162 0.2346
1989 2 20 24 117 228 507 0.4497 164 0.7134
1989 2 21 24 87 2 512 0.0039 165 0.5273
1989 2 22 24 71 4 518 0.0077 170 0.4176
1989 2 23 24 106 149 520 0.2865 177 0.5989
1989 2 24 24 36 0 530 0 177 0.2034
1989 2 25 24 89 70 541 0.1294 179 0.4972
1989 2 26 24 114 140 546 0.2564 180 0.6333
1989 2 27 24 117 153 546 0.2802 185 0.6324
1989 2 28 24 70 14 548 0.0255 185 0.3784
1989 3 1 24 168 412 554 0.7437 196 0.8571
1989 3 2 24 152 295 557 0.5296 196 0.7755
1989 3 3 24 132 165 558 0.2957 198 0.6667
1989 3 4 24 121 121 562 0.2153 205 0.5902
1989 3 5 24 186 561 566 0.9912 205 0.9073
1989 3 6 24 187 565 569 0.993 208 0.899
1989 3 7 24 188 548 571 0.9597 209 0.8995
1989 3 8 24 79 0 574 0 211 0.3744
1989 3 9 24 192 480 576 0.8333 213 0.9014
1989 3 10 24 196 575 578 0.9948 213 0.9202
1989 3 11 24 193 500 579 0.8636 217 0.8894
1989 3 12 24 146 247 580 0.4259 219 0.6667
1989 3 13 24 199 574 581 0.988 223 0.8924
1989 3 14 24 199 453 586 0.773 226 0.8805
1989 3 15 24 91 0 587 0 229 0.3974
1989 3 16 24 150 149 590 0.2525 229 0.655
1989 3 17 24 108 78 590 0.1322 234 0.4615
1989 3 18 24 110 0 594 0 236 0.4661
1989 3 19 24 220 508 597 0.8509 240 0.9167
1989 3 20 24 230 595 600 0.9917 242 0.9504
1989 3 21 24 138 40 603 0.0663 245 0.5633
1989 3 22 24 128 73 603 0.1211 245 0.5224
1989 3 23 24 123 88 606 0.1452 245 0.502
1989 3 24 24 210 445 610 0.7295 249 0.8434
1989 3 25 24 181 176 612 0.2876 260 0.6962
1989 3 26 24 241 612 613 0.9984 260 0.9269
1989 3 27 24 243 613 615 0.9967 266 0.9135
1989 3 28 24 238 595 617 0.9643 266 0.8947
1989 3 29 24 227 597 617 0.9676 266 0.8534
1989 3 30 24 240 615 620 0.9919 263 0.9125
1989 3 31 24 180 334 622 0.537 282 0.6383
1989 4 1 24 143 205 623 0.3291 282 0.5071
1989 4 2 24 170 175 624 0.2804 282 0.6028
1989 4 3 24 197 245 625 0.392 277 0.7112
1989 4 4 24 170 166 625 0.2656 277 0.6137
1989 4 5 24 163 115 627 0.1834 277 0.5884
1989 4 6 24 163 106 629 0.1685 291 0.5601
1989 4 7 24 263 581 629 0.9237 291 0.9038
1989 4 8 24 130 127 631 0.2013 291 0.4467
1989 4 9 24 277 627 631 0.9937 287 0.9652
1989 4 10 24 167 108 632 0.1709 296 0.5642
1989 4 11 24 197 225 633 0.3555 299 0.6589
1989 4 12 24 148 111 633 0.1754 299 0.495
1989 4 13 24 76 0 633 0 300 0.2533
1989 4 14 24 115 0 634 0 303 0.3795
1989 4 15 24 168 44 634 0.0694 307 0.5472
1989 4 16 24 264 478 634 0.7539 307 0.8599
1989 4 17 24 120 0 634 0 307 0.3909
1989 4 18 24 210 192 637 0.3014 309 0.6796
1989 4 19 24 151 32 637 0.0502 320 0.4719
1989 4 20 24 211 284 638 0.4451 320 0.6594
1989 4 21 24 114 30 639 0.0469 320 0.3562
1989 4 22 24 172 0 639 0 320 0.5375
1989 4 23 24 270 298 640 0.4656 320 0.8438
1989 4 24 24 287 567 640 0.8859 320 0.8969
1989 4 25 24 112 12 640 0.0188 316 0.3544
1989 4 26 24 201 184 642 0.2866 316 0.6361
1989 4 27 24 163 0 642 0 315 0.5175
1989 4 28 24 173 0 642 0 337 0.5134
1989 4 29 24 145 0 643 0 337 0.4303
1989 4 30 24 177 47 643 0.0731 337 0.5252
1989 5 1 24 127 0 643 0 332 0.3825
1989 5 2 24 305 629 642 0.9798 333 0.9159
1989 5 3 24 303 585 642 0.9112 354 0.8559
1989 5 4 24 323 621 645 0.9628 354 0.9124
1989 5 5 24 321 643 645 0.9969 354 0.9068
1989 5 6 24 185 179 647 0.2767 353 0.5241
1989 5 7 24 329 645 647 0.9969 353 0.932
1989 5 8 24 331 646 647 0.9985 353 0.9377
1989 5 9 24 325 646 648 0.9969 344 0.9448
1989 5 10 24 126 38 648 0.0586 344 0.3663
1989 5 11 24 158 87 649 0.1341 344 0.4593
1989 5 12 24 194 179 651 0.275 341 0.5689
1989 5 13 24 161 55 654 0.0841 353 0.4561
1989 5 14 24 137 43 656 0.0655 353 0.3881
1989 5 15 24 231 174 656 0.2652 353 0.6544
1989 5 16 24 271 373 659 0.566 355 0.7634
1989 5 17 24 300 501 673 0.7444 355 0.8451
1989 5 18 24 295 503 688 0.7311 360 0.8194
1989 5 19 24 253 235 692 0.3396 360 0.7028
1989 5 20 24 264 422 692 0.6098 360 0.7333
1989 5 21 24 330 639 697 0.9168 359 0.9192
1989 5 22 24 278 487 699 0.6967 359 0.7744
1989 5 23 24 242 417 702 0.594 363 0.6667
1989 5 24 24 357 700 705 0.9929 363 0.9835
1989 5 25 24 297 494 706 0.6997 363 0.8182
1989 5 26 24 301 485 706 0.687 358 0.8408
1989 5 27 24 237 367 708 0.5184 362 0.6547
1989 5 28 24 216 302 713 0.4236 369 0.5854
1989 5 29 24 165 67 714 0.0938 369 0.4472
1989 5 30 24 189 129 715 0.1804 369 0.5122
1989 5 31 24 153 30 717 0.0418 363 0.4215
1989 6 1 24 185 255 717 0.3556 363 0.5096
1989 6 2 24 138 35 718 0.0487 361 0.3823
1989 6 3 24 99 8 718 0.0111 370 0.2676
1989 6 4 24 219 51 718 0.071 370 0.5919
1989 6 5 24 167 0 698 0 375 0.4453
1989 6 6 24 269 155 725 0.2138 376 0.7154
1989 6 7 24 195 51 725 0.0703 376 0.5186
1989 6 8 24 330 534 727 0.7345 376 0.8777
1989 6 9 24 302 394 727 0.542 366 0.8251
1989 6 10 24 307 526 727 0.7235 366 0.8388
1989 6 11 24 235 243 729 0.3333 384 0.612
1989 6 12 24 271 308 729 0.4225 384 0.7057
1989 6 13 24 291 471 730 0.6452 384 0.7578
1989 6 14 24 338 567 730 0.7767 363 0.9311
1989 6 15 24 330 586 730 0.8027 367 0.8992
1989 6 16 24 215 240 728 0.3297 367 0.5858
1989 6 17 24 352 676 733 0.9222 367 0.9591
1989 6 18 24 286 445 733 0.6071 366 0.7814
1989 6 19 24 340 653 733 0.8909 367 0.9264
1989 6 20 24 266 390 733 0.5321 367 0.7248
1989 6 21 24 231 233 733 0.3179 368 0.6277
1989 6 22 24 227 228 733 0.3111 373 0.6086
1989 6 23 24 91 0 733 0 373 0.244
1989 6 24 24 96 0 733 0 373 0.2574
1989 6 25 24 327 584 733 0.7967 367 0.891
1989 6 26 24 192 181 733 0.2469 361 0.5319
1989 6 27 24 234 235 731 0.3215 363 0.6446
1989 6 28 24 123 4 731 0.0055 363 0.3388
1989 6 29 24 248 346 731 0.4733 363 0.6832
1989 6 30 24 146 20 728 0.0275 360 0.4056
1989 7 1 24 164 131 728 0.1799 365 0.4493
1989 7 2 24 123 0 727 0 365 0.337
1989 7 3 24 84 0 727 0 365 0.2301
1989 7 4 24 136 18 726 0.0248 360 0.3778
1989 7 5 24 292 502 721 0.6963 360 0.8111
1989 7 6 24 290 525 721 0.7282 356 0.8146
1989 7 7 24 172 165 721 0.2288 365 0.4712
1989 7 8 24 262 367 720 0.5097 365 0.7178
1989 7 9 24 175 156 719 0.217 365 0.4795
1989 7 10 24 281 480 719 0.6676 362 0.7762
1989 7 11 24 89 0 717 0 357 0.2493
1989 7 12 24 96 0 717 0 354 0.2712
1989 7 13 24 199 142 716 0.1983 350 0.5686
1989 7 14 24 131 121 712 0.1699 354 0.3701
1989 7 15 24 354 665 712 0.934 354 1
1989 7 16 24 243 345 750 0.46 354 0.6864
1989 7 17 24 228 223 750 0.2973 350 0.6514
1989 7 18 24 126 65 750 0.0867 348 0.3621
1989 7 19 24 334 581 705 0.8241 347 0.9625
1989 7 20 24 326 687 700 0.9814 347 0.9395
1989 7 21 24 262 473 699 0.6767 346 0.7572
1989 7 22 24 146 212 697 0.3042 346 0.422
1989 7 23 24 142 168 696 0.2414 336 0.4226
1989 7 24 24 175 210 696 0.3017 334 0.524
1989 7 25 24 181 201 684 0.2939 331 0.5468
1989 7 26 24 218 299 678 0.441 331 0.6586
1989 7 27 24 215 257 662 0.3882 331 0.6495
1989 7 28 24 190 114 657 0.1735 330 0.5758
1989 7 29 24 303 643 673 0.9554 330 0.9182
1989 7 30 24 177 194 673 0.2883 327 0.5413
1989 7 31 24 93 5 673 0.0074 327 0.2844
1989 8 1 24 95 15 651 0.023 327 0.2905
1989 8 2 24 114 41 651 0.063 327 0.3486
1989 8 3 24 288 513 648 0.7917 326 0.8834
1989 8 4 24 302 643 648 0.9923 325 0.9292
1989 8 5 24 232 409 648 0.6312 317 0.7319
1989 8 6 24 118 44 648 0.0679 317 0.3722
1989 8 7 24 239 400 646 0.6192 317 0.7539
1989 8 8 24 124 89 716 0.1243 317 0.3912
1989 8 9 24 137 22 716 0.0307 314 0.4363
1989 8 10 24 184 268 716 0.3743 314 0.586
1989 8 11 24 149 143 700 0.2043 305 0.4885
1989 8 12 24 263 510 700 0.7286 315 0.8349
1989 8 13 24 291 546 700 0.78 315 0.9238
1989 8 14 24 228 386 642 0.6012 315 0.7238
1989 8 15 24 289 640 641 0.9984 304 0.9507
1989 8 16 24 280 632 641 0.986 300 0.9333
1989 8 17 24 204 381 640 0.5953 302 0.6755
1989 8 18 24 197 207 640 0.3234 302 0.6523
1989 8 19 24 285 637 639 0.9969 302 0.9437
1989 8 20 24 282 636 639 0.9953 296 0.9527
1989 8 21 24 275 607 638 0.9514 302 0.9106
1989 8 22 24 261 520 638 0.815 302 0.8642
1989 8 23 24 224 434 636 0.6824 302 0.7417
1989 8 24 24 255 578 636 0.9088 288 0.8854
1989 8 25 24 256 562 635 0.885 288 0.8889
1989 8 26 24 136 73 635 0.115 282 0.4823
1989 8 27 24 111 62 634 0.0978 289 0.3841
1989 8 28 24 118 44 633 0.0695 289 0.4083
1989 8 29 24 109 30 633 0.0474 289 0.3772
1989 8 30 24 267 626 633 0.9889 280 0.9536
1989 8 31 24 270 629 633 0.9937 280 0.9643
1989 9 1 24 210 415 632 0.6566 280 0.75
1989 9 2 24 62 0 630 0 279 0.2222
1989 9 3 24 116 20 628 0.0318 264 0.4394
1989 9 4 24 99 0 628 0 264 0.375
1989 9 5 24 199 278 628 0.4427 266 0.7481
1989 9 6 24 242 604 628 0.9618 266 0.9098
1989 9 7 24 242 620 626 0.9904 266 0.9098
1989 9 8 24 241 624 626 0.9968 259 0.9305
1989 9 9 24 105 39 624 0.0625 259 0.4054
1989 9 10 24 72 49 624 0.0785 250 0.288
1989 9 11 24 143 176 623 0.2825 249 0.5743
1989 9 12 24 97 12 621 0.0193 249 0.3896
1989 9 13 24 94 28 620 0.0452 249 0.3775
1989 9 14 24 61 26 617 0.0421 245 0.249
1989 9 15 24 89 0 615 0 244 0.3648
1989 9 16 24 216 528 614 0.8599 241 0.8963
1989 9 17 24 220 609 612 0.9951 251 0.8765
1989 9 18 24 215 604 611 0.9885 251 0.8566
1989 9 19 24 165 399 610 0.6541 251 0.6574
1989 9 20 24 200 584 608 0.9605 236 0.8475
1989 9 21 24 208 574 604 0.9503 233 0.8927
1989 9 22 24 206 597 601 0.9933 233 0.8841
1989 9 23 24 186 502 599 0.8381 224 0.8304
1989 9 24 24 156 409 596 0.6862 224 0.6964
1989 9 25 24 165 378 594 0.6364 222 0.7432
1989 9 26 24 142 219 592 0.3699 214 0.6636
1989 9 27 24 33 0 590 0 212 0.1557
1989 9 28 24 41 6 588 0.0102 211 0.1943
1989 9 29 24 45 0 586 0 211 0.2133
1989 9 30 24 190 532 581 0.9157 210 0.9048
1989 10 1 24 193 579 580 0.9983 207 0.9324
1989 10 2 24 193 577 579 0.9965 204 0.9461
1989 10 3 24 180 436 578 0.7543 197 0.9137
1989 10 4 24 190 573 576 0.9948 197 0.9645
1989 10 5 24 186 571 574 0.9948 195 0.9538
1989 10 6 24 152 415 572 0.7255 191 0.7958
1989 10 7 24 80 55 567 0.097 190 0.4211
1989 10 8 24 61 0 567 0 187 0.3262
1989 10 9 24 81 1 562 0.0018 185 0.4378
1989 10 10 24 97 46 559 0.0823 182 0.533
1989 10 11 24 173 519 557 0.9318 181 0.9558
1989 10 12 24 103 133 555 0.2396 178 0.5787
1989 10 13 24 165 547 551 0.9927 178 0.927
1989 10 14 24 141 444 548 0.8102 175 0.8057
1989 10 15 24 78 91 546 0.1667 175 0.4457
1989 10 16 24 159 534 544 0.9816 171 0.9298
1989 10 17 24 155 525 539 0.974 169 0.9172
1989 10 18 24 138 511 529 0.966 165 0.8364
1989 10 19 24 145 513 519 0.9884 162 0.8951
1989 10 20 24 111 276 517 0.5338 162 0.6852
1989 10 21 24 108 298 510 0.5843 159 0.6792
1989 10 22 24 138 491 502 0.9781 159 0.8679
1989 10 23 24 136 487 493 0.9878 154 0.8831
1989 10 24 24 130 480 489 0.9816 150 0.8667
1989 10 25 24 122 475 483 0.9834 150 0.8133
1989 10 26 24 117 472 480 0.9833 149 0.7852
1989 10 27 24 126 471 480 0.9812 144 0.875
1989 10 28 24 123 401 472 0.8496 142 0.8662
1989 10 29 24 32 0 470 0 138 0.2319
1989 10 30 24 72 159 465 0.3419 134 0.5373
1989 10 31 24 85 289 463 0.6242 133 0.6391
1989 11 1 24 91 254 462 0.5498 130 0.7
1989 11 2 24 87 306 461 0.6638 130 0.6692
1989 11 3 24 84 154 460 0.3348 129 0.6512
1989 11 4 24 47 0 460 0 125 0.376
1989 11 5 24 71 45 458 0.0983 125 0.568
1989 11 6 24 41 0 451 0 125 0.328
1989 11 7 24 80 139 449 0.3096 121 0.6612
1989 11 8 24 105 407 445 0.9146 121 0.8678
1989 11 9 24 45 2 443 0.0045 118 0.3814
1989 11 10 24 107 437 441 0.9909 118 0.9068
1989 11 11 24 88 339 439 0.7722 114 0.7719
1989 11 12 24 102 429 435 0.9862 114 0.8947
1989 11 13 24 103 426 431 0.9884 108 0.9537
1989 11 14 24 99 423 428 0.9883 108 0.9167
1989 11 15 24 96 420 423 0.9929 106 0.9057
1989 11 16 24 99 418 421 0.9929 104 0.9519
1989 11 17 24 95 416 419 0.9928 104 0.9135
1989 11 18 24 90 414 417 0.9928 104 0.8654
1989 11 19 24 81 298 415 0.7181 102 0.7941
1989 11 20 24 84 390 414 0.942 99 0.8485
1989 11 21 24 73 202 410 0.4927 99 0.7374
1989 11 22 24 33 1 407 0.0025 99 0.3333
1989 11 23 24 87 402 405 0.9926 97 0.8969
1989 11 24 24 79 391 403 0.9702 97 0.8144
1989 11 25 24 32 0 401 0 96 0.3333
1989 11 26 24 84 396 399 0.9925 96 0.875
1989 11 27 24 81 394 396 0.9949 89 0.9101
1989 11 28 24 82 392 395 0.9924 89 0.9213
1989 11 29 24 80 389 392 0.9923 86 0.9302
1989 11 30 24 80 388 391 0.9923 102 0.7843
1989 12 1 24 79 387 389 0.9949 102 0.7745
1989 12 2 24 77 385 388 0.9923 102 0.7549
1989 12 3 24 79 366 387 0.9457 86 0.9186
1989 12 4 24 74 382 387 0.9871 86 0.8605
1989 12 5 24 75 380 387 0.9819 86 0.8721
1989 12 6 24 74 380 386 0.9845 81 0.9136
1989 12 7 24 73 378 381 0.9921 89 0.8202
1989 12 8 24 69 367 380 0.9658 89 0.7753
1989 12 9 24 61 290 379 0.7652 89 0.6854
1989 12 10 24 73 376 377 0.9973 80 0.9125
1989 12 11 24 71 374 377 0.992 80 0.8875
1989 12 12 24 46 80 377 0.2122 81 0.5679
1989 12 13 24 24 0 375 0 81 0.2963
1989 12 14 24 52 158 375 0.4213 81 0.642
1989 12 15 24 24 3 375 0.008 76 0.3158
1989 12 16 24 42 37 374 0.0989 85 0.4941
1989 12 17 24 25 42 374 0.1123 85 0.2941
1989 12 18 24 36 61 374 0.1631 85 0.4235
1989 12 19 24 11 0 386 0 84 0.131
1989 12 20 24 59 228 386 0.5907 84 0.7024
1989 12 21 24 61 294 386 0.7617 84 0.7262
1989 12 22 24 42 114 373 0.3056 78 0.5385
1989 12 23 24 63 238 373 0.6381 82 0.7683
1989 12 24 24 50 177 373 0.4745 82 0.6098
1989 12 25 24 72 371 373 0.9946 82 0.878
1989 12 26 24 72 371 374 0.992 77 0.9351
1989 12 27 24 72 371 374 0.992 77 0.9351
1989 12 28 24 73 372 374 0.9947 77 0.9481
1989 12 29 24 72 373 375 0.9947 79 0.9114
1989 12 30 24 73 373 376 0.992 79 0.9241
1989 12 31 24 73 374 377 0.992 79 0.9241
1990 1 1 24 74 375 377 0.9947 79 0.9367
1990 1 2 24 74 376 378 0.9947 81 0.9136
1990 1 3 24 70 352 378 0.9312 81 0.8642
1990 1 4 24 75 377 379 0.9947 81 0.9259
1990 1 5 24 77 379 381 0.9948 93 0.828
1990 1 6 24 51 155 382 0.4058 93 0.5484
1990 1 7 24 78 381 384 0.9922 93 0.8387
1990 1 8 24 80 382 385 0.9922 86 0.9302
1990 1 9 24 79 383 387 0.9897 87 0.908
1990 1 10 24 79 385 387 0.9948 93 0.8495
1990 1 11 24 81 387 389 0.9949 93 0.871
1990 1 12 24 82 388 390 0.9949 93 0.8817
1990 1 13 24 81 389 392 0.9923 91 0.8901
1990 1 14 24 84 392 394 0.9949 92 0.913
1990 1 15 24 85 394 396 0.9949 92 0.9239
1990 1 16 24 35 15 400 0.0375 92 0.3804
1990 1 17 24 84 398 401 0.9925 94 0.8936
1990 1 18 24 69 196 403 0.4864 96 0.7188
1990 1 19 24 88 402 405 0.9926 99 0.8889
1990 1 20 24 45 6 408 0.0147 99 0.4545
1990 1 21 24 84 347 417 0.8321 107 0.785
1990 1 22 24 91 409 417 0.9808 107 0.8505
1990 1 23 24 90 364 417 0.8729 107 0.8411
1990 1 24 24 80 211 417 0.506 106 0.7547
1990 1 25 24 68 159 420 0.3786 108 0.6296
1990 1 26 24 41 58 427 0.1358 112 0.3661
1990 1 27 24 95 386 427 0.904 112 0.8482
1990 1 28 24 40 0 429 0 113 0.354
1990 1 29 24 80 129 432 0.2986 117 0.6838
1990 1 30 24 47 4 436 0.0092 117 0.4017
1990 1 31 24 101 332 439 0.7563 118 0.8559
1990 2 1 24 68 49 441 0.1111 119 0.5714
1990 2 2 24 42 1 444 0.0023 120 0.35
1990 2 3 24 110 442 446 0.991 125 0.88
1990 2 4 24 115 445 449 0.9911 127 0.9055
1990 2 5 24 120 448 452 0.9912 132 0.9091
1990 2 6 24 122 451 463 0.9741 132 0.9242
1990 2 7 24 118 436 463 0.9417 133 0.8872
1990 2 8 24 86 195 463 0.4212 133 0.6466
1990 2 9 24 126 344 461 0.7462 139 0.9065
1990 2 10 24 97 211 462 0.4567 142 0.6831
1990 2 11 24 65 60 464 0.1293 142 0.4577
1990 2 12 24 65 13 468 0.0278 143 0.4545
1990 2 13 24 32 0 472 0 143 0.2238
1990 2 14 24 18 0 473 0 149 0.1208
1990 2 15 24 19 0 476 0 149 0.1275
1990 2 16 24 62 0 500 0 154 0.4026
1990 2 17 24 120 292 500 0.584 158 0.7595
1990 2 18 24 144 481 500 0.962 160 0.9
1990 2 19 24 138 385 496 0.7762 162 0.8519
1990 2 20 24 150 495 507 0.9763 164 0.9146
1990 2 21 24 151 503 512 0.9824 165 0.9152
1990 2 22 24 152 510 518 0.9846 170 0.8941
1990 2 23 24 156 516 520 0.9923 177 0.8814
1990 2 24 24 159 520 530 0.9811 177 0.8983
1990 2 25 24 159 513 541 0.9482 179 0.8883
1990 2 26 24 87 36 546 0.0659 180 0.4833
1990 2 27 24 34 0 546 0 185 0.1838
1990 2 28 24 34 0 548 0 185 0.1838
1990 3 1 24 126 25 554 0.0451 196 0.6429
1990 3 2 24 78 0 557 0 196 0.398
1990 3 3 24 175 335 558 0.6004 198 0.8838
1990 3 4 24 191 558 562 0.9929 205 0.9317
1990 3 5 24 195 560 566 0.9894 205 0.9512
1990 3 6 24 189 515 569 0.9051 208 0.9087
1990 3 7 24 191 566 571 0.9912 209 0.9139
1990 3 8 24 146 275 574 0.4791 211 0.6919
1990 3 9 24 79 23 576 0.0399 213 0.3709
1990 3 10 24 86 0 578 0 213 0.4038
1990 3 11 24 198 573 579 0.9896 217 0.9124
1990 3 12 24 115 45 580 0.0776 219 0.5251
1990 3 13 24 205 560 581 0.9639 223 0.9193
1990 3 14 24 181 444 586 0.7577 226 0.8009
1990 3 15 24 200 582 587 0.9915 229 0.8734
1990 3 16 24 215 587 590 0.9949 229 0.9389
1990 3 17 24 215 579 590 0.9814 234 0.9188
1990 3 18 24 213 492 594 0.8283 236 0.9025
1990 3 19 24 219 593 597 0.9933 240 0.9125
1990 3 20 24 158 225 600 0.375 242 0.6529
1990 3 21 24 180 458 603 0.7595 245 0.7347
1990 3 22 24 191 449 603 0.7446 245 0.7796
1990 3 23 24 140 154 606 0.2541 245 0.5714
1990 3 24 24 203 429 610 0.7033 249 0.8153
1990 3 25 24 78 3 612 0.0049 260 0.3
1990 3 26 24 109 0 613 0 260 0.4192
1990 3 27 24 137 2 615 0.0033 266 0.515
1990 3 28 24 164 116 617 0.188 266 0.6165
1990 3 29 24 200 223 617 0.3614 266 0.7519
1990 3 30 24 240 511 620 0.8242 263 0.9125
1990 3 31 24 253 620 622 0.9968 282 0.8972
1990 4 1 24 252 621 623 0.9968 282 0.8936
1990 4 2 24 209 394 624 0.6314 282 0.7411
1990 4 3 24 126 48 625 0.0768 277 0.4549
1990 4 4 24 133 3 625 0.0048 277 0.4801
1990 4 5 24 160 57 627 0.0909 277 0.5776
1990 4 6 24 158 5 629 0.0079 291 0.543
1990 4 7 24 78 0 629 0 291 0.268
1990 4 8 24 129 0 631 0 291 0.4433
1990 4 9 24 139 27 631 0.0428 287 0.4843
1990 4 10 24 114 40 632 0.0633 296 0.3851
1990 4 11 24 104 0 633 0 299 0.3478
1990 4 12 24 202 29 633 0.0458 299 0.6756
1990 4 13 24 242 193 633 0.3049 300 0.8067
1990 4 14 24 149 128 634 0.2019 303 0.4917
1990 4 15 24 126 0 634 0 307 0.4104
1990 4 16 24 227 228 634 0.3596 307 0.7394
1990 4 17 24 213 208 634 0.3281 307 0.6938
1990 4 18 24 171 0 637 0 309 0.5534
1990 4 19 24 177 16 637 0.0251 320 0.5531
1990 4 20 24 307 524 638 0.8213 320 0.9594
1990 4 21 24 258 460 639 0.7199 320 0.8062
1990 4 22 24 253 372 639 0.5822 320 0.7906
1990 4 23 24 97 0 640 0 320 0.3031
1990 4 24 24 168 82 640 0.1281 320 0.525
1990 4 25 24 164 53 640 0.0828 316 0.519
1990 4 26 24 187 81 642 0.1262 316 0.5918
1990 4 27 24 109 5 642 0.0078 315 0.346
1990 4 28 24 185 57 642 0.0888 337 0.549
1990 4 29 24 316 640 643 0.9953 337 0.9377
1990 4 30 24 318 641 643 0.9969 337 0.9436
1990 5 1 24 316 641 643 0.9969 332 0.9518
1990 5 2 24 307 641 642 0.9984 333 0.9219
1990 5 3 24 298 613 642 0.9548 354 0.8418
1990 5 4 24 312 616 645 0.955 354 0.8814
1990 5 5 24 288 545 645 0.845 354 0.8136
1990 5 6 24 241 311 647 0.4807 353 0.6827
1990 5 7 24 260 419 647 0.6476 353 0.7365
1990 5 8 24 235 340 647 0.5255 353 0.6657
1990 5 9 24 226 323 648 0.4985 344 0.657
1990 5 10 24 279 506 648 0.7809 344 0.811
1990 5 11 24 196 108 649 0.1664 344 0.5698
1990 5 12 24 217 262 651 0.4025 341 0.6364
1990 5 13 24 213 296 654 0.4526 353 0.6034
1990 5 14 24 181 131 656 0.1997 353 0.5127
1990 5 15 24 226 289 656 0.4405 353 0.6402
1990 5 16 24 278 449 659 0.6813 355 0.7831
1990 5 17 24 248 447 673 0.6642 355 0.6986
1990 5 18 24 109 2 688 0.0029 360 0.3028
1990 5 19 24 240 334 692 0.4827 360 0.6667
1990 5 20 24 190 140 692 0.2023 360 0.5278
1990 5 21 24 144 88 697 0.1263 359 0.4011
1990 5 22 24 231 239 699 0.3419 359 0.6435
1990 5 23 24 219 203 702 0.2892 363 0.6033
1990 5 24 24 65 6 705 0.0085 363 0.1791
1990 5 25 24 75 1 706 0.0014 363 0.2066
1990 5 26 24 312 608 706 0.8612 358 0.8715
1990 5 27 24 222 261 708 0.3686 362 0.6133
1990 5 28 24 305 508 713 0.7125 369 0.8266
1990 5 29 24 295 433 714 0.6064 369 0.7995
1990 5 30 24 355 681 715 0.9524 369 0.9621
1990 5 31 24 353 715 717 0.9972 363 0.9725
1990 6 1 24 344 716 717 0.9986 363 0.9477
1990 6 2 24 167 284 718 0.3955 361 0.4626
1990 6 3 24 243 260 718 0.3621 370 0.6568
1990 6 4 24 133 48 718 0.0669 370 0.3595
1990 6 5 24 193 157 698 0.2249 375 0.5147
1990 6 6 24 122 4 725 0.0055 376 0.3245
1990 6 7 24 214 44 725 0.0607 376 0.5691
1990 6 8 24 116 22 727 0.0303 376 0.3085
1990 6 9 24 157 68 727 0.0935 366 0.429
1990 6 10 24 142 48 727 0.066 366 0.388
1990 6 11 24 339 532 729 0.7298 384 0.8828
1990 6 12 24 118 0 729 0 384 0.3073
1990 6 13 24 147 0 730 0 384 0.3828
1990 6 14 24 227 335 730 0.4589 363 0.6253
1990 6 15 24 122 77 730 0.1055 367 0.3324
1990 6 16 24 334 608 728 0.8352 367 0.9101
1990 6 17 24 355 693 733 0.9454 367 0.9673
1990 6 18 24 156 147 733 0.2005 366 0.4262
1990 6 19 24 366 728 733 0.9932 367 0.9973
1990 6 20 24 208 230 733 0.3138 367 0.5668
1990 6 21 24 343 539 733 0.7353 368 0.9321
1990 6 22 24 80 19 733 0.0259 373 0.2145
1990 6 23 24 91 1 733 0.0014 373 0.244
1990 6 24 24 266 322 733 0.4393 373 0.7131
1990 6 25 24 352 725 733 0.9891 367 0.9591
1990 6 26 24 266 468 733 0.6385 361 0.7368
1990 6 27 24 254 423 731 0.5787 363 0.6997
1990 6 28 24 158 71 731 0.0971 363 0.4353
1990 6 29 24 277 448 731 0.6129 363 0.7631
1990 6 30 24 309 579 728 0.7953 360 0.8583
1990 7 1 24 239 310 728 0.4258 365 0.6548
1990 7 2 24 181 138 727 0.1898 365 0.4959
1990 7 3 24 156 71 727 0.0977 365 0.4274
1990 7 4 24 200 182 726 0.2507 360 0.5556
1990 7 5 24 197 146 721 0.2025 360 0.5472
1990 7 6 24 196 108 721 0.1498 356 0.5506
1990 7 7 24 256 352 721 0.4882 365 0.7014
1990 7 8 24 70 0 720 0 365 0.1918
1990 7 9 24 285 500 719 0.6954 365 0.7808
1990 7 10 24 106 44 719 0.0612 362 0.2928
1990 7 11 24 351 659 717 0.9191 357 0.9832
1990 7 12 24 350 716 717 0.9986 354 0.9887
1990 7 13 24 330 675 716 0.9427 350 0.9429
1990 7 14 24 334 671 712 0.9424 354 0.9435
1990 7 15 24 290 594 712 0.8343 354 0.8192
1990 7 16 24 272 515 750 0.6867 354 0.7684
1990 7 17 24 178 195 750 0.26 350 0.5086
1990 7 18 24 329 577 750 0.7693 348 0.9454
1990 7 19 24 334 696 705 0.9872 347 0.9625
1990 7 20 24 339 699 700 0.9986 347 0.9769
1990 7 21 24 334 697 699 0.9971 346 0.9653
1990 7 22 24 329 690 697 0.99 346 0.9509
1990 7 23 24 294 567 696 0.8147 336 0.875
1990 7 24 24 298 509 696 0.7313 334 0.8922
1990 7 25 24 321 642 684 0.9386 331 0.9698
1990 7 26 24 283 508 678 0.7493 331 0.855
1990 7 27 24 297 552 662 0.8338 331 0.8973
1990 7 28 24 310 656 657 0.9985 330 0.9394
1990 7 29 24 274 515 673 0.7652 330 0.8303
1990 7 30 24 162 171 673 0.2541 327 0.4954
1990 7 31 24 184 116 673 0.1724 327 0.5627
1990 8 1 24 220 325 651 0.4992 327 0.6728
1990 8 2 24 299 627 651 0.9631 327 0.9144
1990 8 3 24 301 641 648 0.9892 326 0.9233
1990 8 4 24 303 643 648 0.9923 325 0.9323
1990 8 5 24 302 645 648 0.9954 317 0.9527
1990 8 6 24 58 0 648 0 317 0.183
1990 8 7 24 95 5 646 0.0077 317 0.2997
1990 8 8 24 279 497 716 0.6941 317 0.8801
1990 8 9 24 301 636 716 0.8883 314 0.9586
1990 8 10 24 263 557 716 0.7779 314 0.8376
1990 8 11 24 274 607 700 0.8671 305 0.8984
1990 8 12 24 113 172 700 0.2457 315 0.3587
1990 8 13 24 232 457 700 0.6529 315 0.7365
1990 8 14 24 135 111 642 0.1729 315 0.4286
1990 8 15 24 135 74 641 0.1154 304 0.4441
1990 8 16 24 253 466 641 0.727 300 0.8433
1990 8 17 24 77 18 640 0.0281 302 0.255
1990 8 18 24 288 602 640 0.9406 302 0.9536
1990 8 19 24 291 625 639 0.9781 302 0.9636
1990 8 20 24 254 538 639 0.8419 296 0.8581
1990 8 21 24 111 64 638 0.1003 302 0.3675
1990 8 22 24 151 94 638 0.1473 302 0.5
1990 8 23 24 278 632 636 0.9937 302 0.9205
1990 8 24 24 276 634 636 0.9969 288 0.9583
1990 8 25 24 197 419 635 0.6598 288 0.684
1990 8 26 24 156 179 635 0.2819 282 0.5532
1990 8 27 24 199 402 634 0.6341 289 0.6886
1990 8 28 24 196 362 633 0.5719 289 0.6782
1990 8 29 24 196 400 633 0.6319 289 0.6782
1990 8 30 24 206 450 633 0.7109 280 0.7357
1990 8 31 24 67 13 633 0.0205 280 0.2393
1990 9 1 24 172 206 632 0.3259 280 0.6143
1990 9 2 24 210 282 630 0.4476 279 0.7527
1990 9 3 24 48 0 628 0 264 0.1818
1990 9 4 24 115 66 628 0.1051 264 0.4356
1990 9 5 24 86 48 628 0.0764 266 0.3233
1990 9 6 24 234 414 628 0.6592 266 0.8797
1990 9 7 24 60 4 626 0.0064 266 0.2256
1990 9 8 24 137 88 626 0.1406 259 0.529
1990 9 9 24 246 623 624 0.9984 259 0.9498
1990 9 10 24 215 498 624 0.7981 250 0.86
1990 9 11 24 175 245 623 0.3933 249 0.7028
1990 9 12 24 244 596 621 0.9597 249 0.9799
1990 9 13 24 186 445 620 0.7177 249 0.747
1990 9 14 24 191 362 617 0.5867 245 0.7796
1990 9 15 24 55 13 615 0.0211 244 0.2254
1990 9 16 24 234 570 614 0.9283 241 0.971
1990 9 17 24 177 404 612 0.6601 251 0.7052
1990 9 18 24 37 2 611 0.0033 251 0.1474
1990 9 19 24 182 436 610 0.7148 251 0.7251
1990 9 20 24 147 228 608 0.375 236 0.6229
1990 9 21 24 67 28 604 0.0464 233 0.2876
1990 9 22 24 129 199 601 0.3311 233 0.5536
1990 9 23 24 58 2 599 0.0033 224 0.2589
1990 9 24 24 183 386 596 0.6477 224 0.817
1990 9 25 24 173 388 594 0.6532 222 0.7793
1990 9 26 24 164 385 592 0.6503 214 0.7664
1990 9 27 24 133 262 590 0.4441 212 0.6274
1990 9 28 24 199 584 588 0.9932 211 0.9431
1990 9 29 24 188 577 586 0.9846 211 0.891
1990 9 30 24 149 342 581 0.5886 210 0.7095
1990 10 1 24 124 139 580 0.2397 207 0.599
1990 10 2 24 170 388 579 0.6701 204 0.8333
1990 10 3 24 158 396 578 0.6851 197 0.802
1990 10 4 24 25 0 576 0 197 0.1269
1990 10 5 24 96 148 574 0.2578 195 0.4923
1990 10 6 24 167 549 572 0.9598 191 0.8743
1990 10 7 24 92 216 567 0.381 190 0.4842
1990 10 8 24 74 34 567 0.06 187 0.3957
1990 10 9 24 174 551 562 0.9804 185 0.9405
1990 10 10 24 172 556 559 0.9946 182 0.9451
1990 10 11 24 170 555 557 0.9964 181 0.9392
1990 10 12 24 92 198 555 0.3568 178 0.5169
1990 10 13 24 95 216 551 0.392 178 0.5337
1990 10 14 24 150 545 548 0.9945 175 0.8571
1990 10 15 24 102 210 546 0.3846 175 0.5829
1990 10 16 24 58 39 544 0.0717 171 0.3392
1990 10 17 24 78 103 539 0.1911 169 0.4615
1990 10 18 24 68 61 529 0.1153 165 0.4121
1990 10 19 24 93 241 519 0.4644 162 0.5741
1990 10 20 24 61 4 517 0.0077 162 0.3765
1990 10 21 24 116 364 510 0.7137 159 0.7296
1990 10 22 24 140 492 502 0.9801 159 0.8805
1990 10 23 24 116 353 493 0.716 154 0.7532
1990 10 24 24 132 477 489 0.9755 150 0.88
1990 10 25 24 94 281 483 0.5818 150 0.6267
1990 10 26 24 117 363 480 0.7562 149 0.7852
1990 10 27 24 46 0 480 0 144 0.3194
1990 10 28 24 122 353 472 0.7479 142 0.8592
1990 10 29 24 44 0 470 0 138 0.3188
1990 10 30 24 118 292 465 0.628 134 0.8806
1990 10 31 24 39 7 463 0.0151 133 0.2932
1990 11 1 24 92 154 462 0.3333 130 0.7077
1990 11 2 24 54 21 461 0.0456 130 0.4154
1990 11 3 24 43 0 460 0 129 0.3333
1990 11 4 24 66 33 460 0.0717 125 0.528
1990 11 5 24 57 15 458 0.0328 125 0.456
1990 11 6 24 117 447 451 0.9911 125 0.936
1990 11 7 24 116 444 449 0.9889 121 0.9587
1990 11 8 24 114 442 445 0.9933 121 0.9421
1990 11 9 24 112 440 443 0.9932 118 0.9492
1990 11 10 24 106 411 441 0.932 118 0.8983
1990 11 11 24 67 59 439 0.1344 114 0.5877
1990 11 12 24 99 356 435 0.8184 114 0.8684
1990 11 13 24 102 416 431 0.9652 108 0.9444
1990 11 14 24 31 0 428 0 108 0.287
1990 11 15 24 35 0 423 0 106 0.3302
1990 11 16 24 98 419 421 0.9952 104 0.9423
1990 11 17 24 82 374 419 0.8926 104 0.7885
1990 11 18 24 75 227 417 0.5444 104 0.7212
1990 11 19 24 82 178 415 0.4289 102 0.8039
1990 11 20 24 82 308 414 0.744 99 0.8283
1990 11 21 24 26 0 410 0 99 0.2626
1990 11 22 24 28 0 407 0 99 0.2828
1990 11 23 24 63 131 405 0.3235 97 0.6495
1990 11 24 24 70 194 403 0.4814 97 0.7216
1990 11 25 24 15 0 401 0 96 0.1562
1990 11 26 24 86 385 399 0.9649 96 0.8958
1990 11 27 24 42 0 396 0 89 0.4719
1990 11 28 24 54 34 395 0.0861 89 0.6067
1990 11 29 24 82 390 392 0.9949 86 0.9535
1990 11 30 24 39 6 391 0.0153 102 0.3824
1990 12 1 24 81 383 389 0.9846 102 0.7941
1990 12 2 24 81 386 388 0.9948 102 0.7941
1990 12 3 24 80 368 387 0.9509 86 0.9302
1990 12 4 24 52 53 387 0.137 86 0.6047
1990 12 5 24 34 0 387 0 86 0.3953
1990 12 6 24 79 380 386 0.9845 81 0.9753
1990 12 7 24 79 378 381 0.9921 89 0.8876
1990 12 8 24 72 331 380 0.8711 89 0.809
1990 12 9 24 43 20 379 0.0528 89 0.4831
1990 12 10 24 34 0 377 0 80 0.425
1990 12 11 24 74 372 377 0.9867 80 0.925
1990 12 12 24 29 0 377 0 81 0.358
1990 12 13 24 46 20 375 0.0533 81 0.5679
1990 12 14 24 54 33 375 0.088 81 0.6667
1990 12 15 24 48 11 375 0.0293 76 0.6316
1990 12 16 24 72 369 374 0.9866 85 0.8471
1990 12 17 24 71 371 374 0.992 85 0.8353
1990 12 18 24 70 335 374 0.8957 85 0.8235
1990 12 19 24 50 19 386 0.0492 84 0.5952
1990 12 20 24 66 295 386 0.7642 84 0.7857
1990 12 21 24 47 6 386 0.0155 84 0.5595
1990 12 22 24 57 154 373 0.4129 78 0.7308
1990 12 23 24 68 370 373 0.992 82 0.8293
1990 12 24 24 69 369 373 0.9893 82 0.8415
1990 12 25 24 55 157 373 0.4209 82 0.6707
1990 12 26 24 33 1 374 0.0027 77 0.4286
1990 12 27 24 35 20 374 0.0535 77 0.4545
1990 12 28 24 72 372 374 0.9947 77 0.9351
1990 12 29 24 53 151 375 0.4027 79 0.6709
1990 12 30 24 63 233 376 0.6197 79 0.7975
1990 12 31 24 46 79 377 0.2095 79 0.5823
1991 1 1 24 35 0 377 0 79 0.443
1991 1 2 24 24 0 378 0 81 0.2963
1991 1 3 24 60 142 378 0.3757 81 0.7407
1991 1 4 24 66 214 379 0.5646 81 0.8148
1991 1 5 24 75 338 381 0.8871 93 0.8065
1991 1 6 24 57 101 382 0.2644 93 0.6129
1991 1 7 24 44 16 384 0.0417 93 0.4731
1991 1 8 24 76 382 385 0.9922 86 0.8837
1991 1 9 24 78 230 387 0.5943 87 0.8966
1991 1 10 24 55 226 387 0.584 93 0.5914
1991 1 11 24 75 248 389 0.6375 93 0.8065
1991 1 12 24 26 0 390 0 93 0.2796
1991 1 13 24 34 0 392 0 91 0.3736
1991 1 14 24 80 299 394 0.7589 92 0.8696
1991 1 15 24 83 393 396 0.9924 92 0.9022
1991 1 16 24 89 396 400 0.99 92 0.9674
1991 1 17 24 89 397 401 0.99 94 0.9468
1991 1 18 24 90 401 403 0.995 96 0.9375
1991 1 19 24 82 289 405 0.7136 99 0.8283
1991 1 20 24 93 404 408 0.9902 99 0.9394
1991 1 21 24 72 144 417 0.3453 107 0.6729
1991 1 22 24 86 357 417 0.8561 107 0.8037
1991 1 23 24 99 411 417 0.9856 107 0.9252
1991 1 24 24 98 415 417 0.9952 106 0.9245
1991 1 25 24 100 416 420 0.9905 108 0.9259
1991 1 26 24 100 418 427 0.9789 112 0.8929
1991 1 27 24 102 421 427 0.9859 112 0.9107
1991 1 28 24 105 423 429 0.986 113 0.9292
1991 1 29 24 95 426 432 0.9861 117 0.812
1991 1 30 24 110 430 436 0.9862 117 0.9402
1991 1 31 24 110 418 439 0.9522 118 0.9322
1991 2 1 24 113 437 441 0.9909 119 0.9496
1991 2 2 24 115 440 444 0.991 120 0.9583
1991 2 3 24 114 434 446 0.9731 125 0.912
1991 2 4 24 96 258 449 0.5746 127 0.7559
1991 2 5 24 81 37 452 0.0819 132 0.6136
1991 2 6 24 103 388 463 0.838 132 0.7803
1991 2 7 24 113 321 463 0.6933 133 0.8496
1991 2 8 24 107 284 463 0.6134 133 0.8045
1991 2 9 24 88 161 461 0.3492 139 0.6331
1991 2 10 24 69 0 462 0 142 0.4859
1991 2 11 24 127 460 464 0.9914 142 0.8944
1991 2 12 24 115 245 468 0.5235 143 0.8042
1991 2 13 24 114 231 472 0.4894 143 0.7972
1991 2 14 24 124 361 473 0.7632 149 0.8322
1991 2 15 24 142 422 476 0.8866 149 0.953
1991 2 16 24 29 0 500 0 154 0.1883
1991 2 17 24 150 476 500 0.952 158 0.9494
1991 2 18 24 146 438 500 0.876 160 0.9125
1991 2 19 24 146 487 496 0.9819 162 0.9012
1991 2 20 24 153 492 507 0.9704 164 0.9329
1991 2 21 24 144 495 512 0.9668 165 0.8727
1991 2 22 24 91 41 518 0.0792 170 0.5353
1991 2 23 24 82 0 520 0 177 0.4633
1991 2 24 24 158 518 530 0.9774 177 0.8927
1991 2 25 24 161 523 541 0.9667 179 0.8994
1991 2 26 24 165 533 546 0.9762 180 0.9167
1991 2 27 24 168 543 546 0.9945 185 0.9081
1991 2 28 24 97 84 548 0.1533 185 0.5243
1991 3 1 24 130 211 554 0.3809 196 0.6633
1991 3 2 24 150 327 557 0.5871 196 0.7653
1991 3 3 24 122 101 558 0.181 198 0.6162
1991 3 4 24 176 556 562 0.9893 205 0.8585
1991 3 5 24 133 128 566 0.2261 205 0.6488
1991 3 6 24 128 197 569 0.3462 208 0.6154
1991 3 7 24 99 5 571 0.0088 209 0.4737
1991 3 8 24 143 180 574 0.3136 211 0.6777
1991 3 9 24 59 0 576 0 213 0.277
1991 3 10 24 99 0 578 0 213 0.4648
1991 3 11 24 149 252 579 0.4352 217 0.6866
1991 3 12 24 182 431 580 0.7431 219 0.8311
1991 3 13 24 208 579 581 0.9966 223 0.9327
1991 3 14 24 210 580 586 0.9898 226 0.9292
1991 3 15 24 168 241 587 0.4106 229 0.7336
1991 3 16 24 211 585 590 0.9915 229 0.9214
1991 3 17 24 129 16 590 0.0271 234 0.5513
1991 3 18 24 64 0 594 0 236 0.2712
1991 3 19 24 146 117 597 0.196 240 0.6083
1991 3 20 24 141 106 600 0.1767 242 0.5826
1991 3 21 24 126 43 603 0.0713 245 0.5143
1991 3 22 24 65 96 603 0.1592 245 0.2653
1991 3 23 24 202 213 606 0.3515 245 0.8245
1991 3 24 24 167 274 610 0.4492 249 0.6707
1991 3 25 24 207 319 612 0.5212 260 0.7962
1991 3 26 24 84 12 613 0.0196 260 0.3231
1991 3 27 24 89 0 615 0 266 0.3346
1991 3 28 24 208 302 617 0.4895 266 0.782
1991 3 29 24 222 354 617 0.5737 266 0.8346
1991 3 30 24 212 327 620 0.5274 263 0.8061
1991 3 31 24 254 617 622 0.992 282 0.9007
1991 4 1 24 256 620 623 0.9952 282 0.9078
1991 4 2 24 211 367 624 0.5881 282 0.7482
1991 4 3 24 190 291 625 0.4656 277 0.6859
1991 4 4 24 174 199 625 0.3184 277 0.6282
1991 4 5 24 118 7 627 0.0112 277 0.426
1991 4 6 24 174 47 629 0.0747 291 0.5979
1991 4 7 24 244 385 629 0.6121 291 0.8385
1991 4 8 24 178 198 631 0.3138 291 0.6117
1991 4 9 24 252 546 631 0.8653 287 0.878
1991 4 10 24 277 628 632 0.9937 296 0.9358
1991 4 11 24 285 629 633 0.9937 299 0.9532
1991 4 12 24 186 328 633 0.5182 299 0.6221
1991 4 13 24 143 118 633 0.1864 300 0.4767
1991 4 14 24 181 248 634 0.3912 303 0.5974
1991 4 15 24 249 474 634 0.7476 307 0.8111
1991 4 16 24 285 631 634 0.9953 307 0.9283
1991 4 17 24 81 0 634 0 307 0.2638
1991 4 18 24 166 0 637 0 309 0.5372
1991 4 19 24 173 34 637 0.0534 320 0.5406
1991 4 20 24 276 471 638 0.7382 320 0.8625
1991 4 21 24 236 263 639 0.4116 320 0.7375
1991 4 22 24 196 200 639 0.313 320 0.6125
1991 4 23 24 166 29 640 0.0453 320 0.5188
1991 4 24 24 226 194 640 0.3031 320 0.7062
1991 4 25 24 200 211 640 0.3297 316 0.6329
1991 4 26 24 285 528 642 0.8224 316 0.9019
1991 4 27 24 243 333 642 0.5187 315 0.7714
1991 4 28 24 218 201 642 0.3131 337 0.6469
1991 4 29 24 186 119 643 0.1851 337 0.5519
1991 4 30 24 165 43 643 0.0669 337 0.4896
1991 5 1 24 154 126 643 0.196 332 0.4639
1991 5 2 24 86 0 642 0 333 0.2583
1991 5 3 24 63 0 642 0 354 0.178
1991 5 4 24 189 29 645 0.045 354 0.5339
1991 5 5 24 251 298 645 0.462 354 0.709
1991 5 6 24 252 130 647 0.2009 353 0.7139
1991 5 7 24 195 68 647 0.1051 353 0.5524
1991 5 8 24 210 207 647 0.3199 353 0.5949
1991 5 9 24 206 212 648 0.3272 344 0.5988
1991 5 10 24 192 140 648 0.216 344 0.5581
1991 5 11 24 57 0 649 0 344 0.1657
1991 5 12 24 124 0 651 0 341 0.3636
1991 5 13 24 248 165 654 0.2523 353 0.7025
1991 5 14 24 292 431 656 0.657 353 0.8272
1991 5 15 24 141 41 656 0.0625 353 0.3994
1991 5 16 24 167 41 659 0.0622 355 0.4704
1991 5 17 24 218 129 673 0.1917 355 0.6141
1991 5 18 24 182 55 688 0.0799 360 0.5056
1991 5 19 24 190 107 692 0.1546 360 0.5278
1991 5 20 24 243 234 692 0.3382 360 0.675
1991 5 21 24 352 691 697 0.9914 359 0.9805
1991 5 22 24 349 692 699 0.99 359 0.9721
1991 5 23 24 136 74 702 0.1054 363 0.3747
1991 5 24 24 265 293 705 0.4156 363 0.73
1991 5 25 24 194 170 706 0.2408 363 0.5344
1991 5 26 24 152 8 706 0.0113 358 0.4246
1991 5 27 24 342 598 708 0.8446 362 0.9448
1991 5 28 24 354 627 713 0.8794 369 0.9593
1991 5 29 24 280 449 714 0.6289 369 0.7588
1991 5 30 24 249 348 715 0.4867 369 0.6748
1991 5 31 24 337 575 717 0.802 363 0.9284
1991 6 1 24 342 660 717 0.9205 363 0.9421
1991 6 2 24 204 167 718 0.2326 361 0.5651
1991 6 3 24 111 30 718 0.0418 370 0.3
1991 6 4 24 57 0 718 0 370 0.1541
1991 6 5 24 319 452 698 0.6476 375 0.8507
1991 6 6 24 98 1 725 0.0014 376 0.2606
1991 6 7 24 171 104 725 0.1434 376 0.4548
1991 6 8 24 116 37 727 0.0509 376 0.3085
1991 6 9 24 255 199 727 0.2737 366 0.6967
1991 6 10 24 164 59 727 0.0812 366 0.4481
1991 6 11 24 327 530 729 0.727 384 0.8516
1991 6 12 24 351 636 729 0.8724 384 0.9141
1991 6 13 24 249 339 730 0.4644 384 0.6484
1991 6 14 24 289 345 730 0.4726 363 0.7961
1991 6 15 24 342 691 730 0.9466 367 0.9319
1991 6 16 24 60 2 728 0.0027 367 0.1635
1991 6 17 24 40 0 733 0 367 0.109
1991 6 18 24 309 277 733 0.3779 366 0.8443
1991 6 19 24 230 87 733 0.1187 367 0.6267
1991 6 20 24 164 24 733 0.0327 367 0.4469
1991 6 21 24 325 508 733 0.693 368 0.8832
1991 6 22 24 368 710 733 0.9686 373 0.9866
1991 6 23 24 360 698 733 0.9523 373 0.9651
1991 6 24 24 278 359 733 0.4898 373 0.7453
1991 6 25 24 309 474 733 0.6467 367 0.842
1991 6 26 24 245 406 733 0.5539 361 0.6787
1991 6 27 24 104 15 731 0.0205 363 0.2865
1991 6 28 24 122 33 731 0.0451 363 0.3361
1991 6 29 24 171 71 731 0.0971 363 0.4711
1991 6 30 24 359 727 728 0.9986 360 0.9972
1991 7 1 24 359 727 728 0.9986 365 0.9836
1991 7 2 24 356 727 727 1 365 0.9753
1991 7 3 24 351 607 727 0.8349 365 0.9616
1991 7 4 24 326 611 726 0.8416 360 0.9056
1991 7 5 24 334 678 721 0.9404 360 0.9278
1991 7 6 24 299 561 721 0.7781 356 0.8399
1991 7 7 24 261 462 721 0.6408 365 0.7151
1991 7 8 24 276 464 720 0.6444 365 0.7562
1991 7 9 24 101 5 719 0.007 365 0.2767
1991 7 10 24 287 460 719 0.6398 362 0.7928
1991 7 11 24 306 599 717 0.8354 357 0.8571
1991 7 12 24 328 592 717 0.8257 354 0.9266
1991 7 13 24 299 501 716 0.6997 350 0.8543
1991 7 14 24 105 34 712 0.0478 354 0.2966
1991 7 15 24 324 538 712 0.7556 354 0.9153
1991 7 16 24 343 691 750 0.9213 354 0.9689
1991 7 17 24 105 115 750 0.1533 350 0.3
1991 7 18 24 278 352 750 0.4693 348 0.7989
1991 7 19 24 276 424 705 0.6014 347 0.7954
1991 7 20 24 335 624 700 0.8914 347 0.9654
1991 7 21 24 268 436 699 0.6237 346 0.7746
1991 7 22 24 322 608 697 0.8723 346 0.9306
1991 7 23 24 330 690 696 0.9914 336 0.9821
1991 7 24 24 192 222 696 0.319 334 0.5749
1991 7 25 24 151 100 684 0.1462 331 0.4562
1991 7 26 24 98 2 678 0.0029 331 0.2961
1991 7 27 24 145 39 662 0.0589 331 0.4381
1991 7 28 24 295 511 657 0.7778 330 0.8939
1991 7 29 24 308 612 673 0.9094 330 0.9333
1991 7 30 24 307 593 673 0.8811 327 0.9388
1991 7 31 24 101 25 673 0.0371 327 0.3089
1991 8 1 24 44 0 651 0 327 0.1346
1991 8 2 24 63 0 651 0 327 0.1927
1991 8 3 24 162 70 648 0.108 326 0.4969
1991 8 4 24 211 152 648 0.2346 325 0.6492
1991 8 5 24 305 608 648 0.9383 317 0.9621
1991 8 6 24 300 641 648 0.9892 317 0.9464
1991 8 7 24 298 644 646 0.9969 317 0.9401
1991 8 8 24 230 436 716 0.6089 317 0.7256
1991 8 9 24 299 631 716 0.8813 314 0.9522
1991 8 10 24 272 557 716 0.7779 314 0.8662
1991 8 11 24 274 498 700 0.7114 305 0.8984
1991 8 12 24 204 256 700 0.3657 315 0.6476
1991 8 13 24 290 602 700 0.86 315 0.9206
1991 8 14 24 266 486 642 0.757 315 0.8444
1991 8 15 24 228 430 641 0.6708 304 0.75
1991 8 16 24 229 403 641 0.6287 300 0.7633
1991 8 17 24 285 600 640 0.9375 302 0.9437
1991 8 18 24 270 536 640 0.8375 302 0.894
1991 8 19 24 295 570 639 0.892 302 0.9768
1991 8 20 24 271 636 639 0.9953 296 0.9155
1991 8 21 24 281 635 638 0.9953 302 0.9305
1991 8 22 24 271 635 638 0.9953 302 0.8974
1991 8 23 24 116 71 636 0.1116 302 0.3841
1991 8 24 24 197 255 636 0.4009 288 0.684
1991 8 25 24 111 70 635 0.1102 288 0.3854
1991 8 26 24 162 267 635 0.4205 282 0.5745
1991 8 27 24 270 614 634 0.9685 289 0.9343
1991 8 28 24 245 569 633 0.8989 289 0.8478
1991 8 29 24 266 611 633 0.9652 289 0.9204
1991 8 30 24 272 630 633 0.9953 280 0.9714
1991 8 31 24 261 629 633 0.9937 280 0.9321
1991 9 1 24 245 564 632 0.8924 280 0.875
1991 9 2 24 139 164 630 0.2603 279 0.4982
1991 9 3 24 252 615 628 0.9793 264 0.9545
1991 9 4 24 224 568 628 0.9045 264 0.8485
1991 9 5 24 228 607 628 0.9666 266 0.8571
1991 9 6 24 208 458 628 0.7293 266 0.782
1991 9 7 24 235 569 626 0.9089 266 0.8835
1991 9 8 24 239 624 626 0.9968 259 0.9228
1991 9 9 24 238 624 624 1 259 0.9189
1991 9 10 24 225 610 624 0.9776 250 0.9
1991 9 11 24 143 245 623 0.3933 249 0.5743
1991 9 12 24 131 137 621 0.2206 249 0.5261
1991 9 13 24 73 0 620 0 249 0.2932
1991 9 14 24 150 258 617 0.4182 245 0.6122
1991 9 15 24 127 154 615 0.2504 244 0.5205
1991 9 16 24 216 555 614 0.9039 241 0.8963
1991 9 17 24 89 75 612 0.1225 251 0.3546
1991 9 18 24 197 492 611 0.8052 251 0.7849
1991 9 19 24 212 601 610 0.9852 251 0.8446
1991 9 20 24 104 152 608 0.25 236 0.4407
1991 9 21 24 152 301 604 0.4983 233 0.6524
1991 9 22 24 128 197 601 0.3278 233 0.5494
1991 9 23 24 118 147 599 0.2454 224 0.5268
1991 9 24 24 199 594 596 0.9966 224 0.8884
1991 9 25 24 190 568 594 0.9562 222 0.8559
1991 9 26 24 73 40 592 0.0676 214 0.3411
1991 9 27 24 68 50 590 0.0847 212 0.3208
1991 9 28 24 150 234 588 0.398 211 0.7109
1991 9 29 24 92 53 586 0.0904 211 0.436
1991 9 30 24 40 0 581 0 210 0.1905
1991 10 1 24 183 514 580 0.8862 207 0.8841
1991 10 2 24 112 198 579 0.342 204 0.549
1991 10 3 24 181 576 578 0.9965 197 0.9188
1991 10 4 24 180 574 576 0.9965 197 0.9137
1991 10 5 24 171 570 574 0.993 195 0.8769
1991 10 6 24 43 13 572 0.0227 191 0.2251
1991 10 7 24 92 91 567 0.1605 190 0.4842
1991 10 8 24 104 178 567 0.3139 187 0.5561
1991 10 9 24 134 350 562 0.6228 185 0.7243
1991 10 10 24 157 544 559 0.9732 182 0.8626
1991 10 11 24 97 176 557 0.316 181 0.5359
1991 10 12 24 47 10 555 0.018 178 0.264
1991 10 13 24 64 78 551 0.1416 178 0.3596
1991 10 14 24 82 129 548 0.2354 175 0.4686
1991 10 15 24 101 162 546 0.2967 175 0.5771
1991 10 16 24 114 263 544 0.4835 171 0.6667
1991 10 17 24 90 182 539 0.3377 169 0.5325
1991 10 18 24 51 26 529 0.0491 165 0.3091
1991 10 19 24 36 0 519 0 162 0.2222
1991 10 20 24 96 76 517 0.147 162 0.5926
1991 10 21 24 105 101 510 0.198 159 0.6604
1991 10 22 24 78 45 502 0.0896 159 0.4906
1991 10 23 24 119 284 493 0.5761 154 0.7727
1991 10 24 24 133 482 489 0.9857 150 0.8867
1991 10 25 24 130 477 483 0.9876 150 0.8667
1991 10 26 24 128 475 480 0.9896 149 0.8591
1991 10 27 24 121 421 480 0.8771 144 0.8403
1991 10 28 24 103 301 472 0.6377 142 0.7254
1991 10 29 24 127 465 470 0.9894 138 0.9203
1991 10 30 24 114 394 465 0.8473 134 0.8507
1991 10 31 24 100 333 463 0.7192 133 0.7519
1991 11 1 24 116 459 462 0.9935 130 0.8923
1991 11 2 24 62 14 461 0.0304 130 0.4769
1991 11 3 24 108 433 460 0.9413 129 0.8372
1991 11 4 24 18 0 460 0 125 0.144
1991 11 5 24 96 214 458 0.4672 125 0.768
1991 11 6 24 43 5 451 0.0111 125 0.344
1991 11 7 24 50 10 449 0.0223 121 0.4132
1991 11 8 24 94 346 445 0.7775 121 0.7769
1991 11 9 24 36 0 443 0 118 0.3051
1991 11 10 24 88 253 441 0.5737 118 0.7458
1991 11 11 24 74 145 439 0.3303 114 0.6491
1991 11 12 24 91 335 435 0.7701 114 0.7982
1991 11 13 24 46 1 431 0.0023 108 0.4259
1991 11 14 24 28 0 428 0 108 0.2593
1991 11 15 24 60 51 423 0.1206 106 0.566
1991 11 16 24 54 13 421 0.0309 104 0.5192
1991 11 17 24 38 0 419 0 104 0.3654
1991 11 18 24 76 205 417 0.4916 104 0.7308
1991 11 19 24 77 234 415 0.5639 102 0.7549
1991 11 20 24 33 0 414 0 99 0.3333
1991 11 21 24 31 0 410 0 99 0.3131
1991 11 22 24 37 0 407 0 99 0.3737
1991 11 23 24 72 126 405 0.3111 97 0.7423
1991 11 24 24 66 228 403 0.5658 97 0.6804
1991 11 25 24 74 299 401 0.7456 96 0.7708
1991 11 26 24 82 395 399 0.99 96 0.8542
1991 11 27 24 75 394 396 0.9949 89 0.8427
1991 11 28 24 77 391 395 0.9899 89 0.8652
1991 11 29 24 77 390 392 0.9949 86 0.8953
1991 11 30 24 76 388 391 0.9923 102 0.7451
1991 12 1 24 74 386 389 0.9923 102 0.7255
1991 12 2 24 73 385 388 0.9923 102 0.7157
1991 12 3 24 74 383 387 0.9897 86 0.8605
1991 12 4 24 71 381 387 0.9845 86 0.8256
1991 12 5 24 76 379 387 0.9793 86 0.8837
1991 12 6 24 66 322 386 0.8342 81 0.8148
1991 12 7 24 72 378 381 0.9921 89 0.809
1991 12 8 24 69 356 380 0.9368 89 0.7753
1991 12 9 24 74 370 379 0.9763 89 0.8315
1991 12 10 24 69 358 377 0.9496 80 0.8625
1991 12 11 24 67 373 377 0.9894 80 0.8375
1991 12 12 24 69 373 377 0.9894 81 0.8519
1991 12 13 24 67 372 375 0.992 81 0.8272
1991 12 14 24 67 372 375 0.992 81 0.8272
1991 12 15 24 67 371 375 0.9893 76 0.8816
1991 12 16 24 66 370 374 0.9893 85 0.7765
1991 12 17 24 24 0 374 0 85 0.2824
1991 12 18 24 5 0 374 0 85 0.0588
1991 12 19 24 8 0 386 0 84 0.0952
1991 12 20 24 8 0 386 0 84 0.0952
1991 12 21 24 10 0 386 0 84 0.119
1991 12 22 24 4 0 373 0 78 0.0513
1991 12 23 24 66 369 373 0.9893 82 0.8049
1991 12 24 24 38 6 373 0.0161 82 0.4634
1991 12 25 24 48 29 373 0.0777 82 0.5854
1991 12 26 24 33 0 374 0 77 0.4286
1991 12 27 24 18 0 374 0 77 0.2338
1991 12 28 24 73 335 374 0.8957 77 0.9481
1991 12 29 24 68 371 375 0.9893 79 0.8608
1991 12 30 24 68 370 376 0.984 79 0.8608
1991 12 31 24 69 372 377 0.9867 79 0.8734
1992 1 1 24 68 372 377 0.9867 79 0.8608
1992 1 2 24 68 373 378 0.9868 81 0.8395
1992 1 3 24 71 341 378 0.9021 81 0.8765
1992 1 4 24 71 372 379 0.9815 81 0.8765
1992 1 5 24 48 51 381 0.1339 93 0.5161
1992 1 6 24 73 378 382 0.9895 93 0.7849
1992 1 7 24 71 351 384 0.9141 93 0.7634
1992 1 8 24 63 228 385 0.5922 86 0.7326
1992 1 9 24 36 0 387 0 87 0.4138
1992 1 10 24 34 17 387 0.0439 93 0.3656
1992 1 11 24 77 385 389 0.9897 93 0.828
1992 1 12 24 78 386 390 0.9897 93 0.8387
1992 1 13 24 79 387 392 0.9872 91 0.8681
1992 1 14 24 79 387 394 0.9822 92 0.8587
1992 1 15 24 75 391 396 0.9874 92 0.8152
1992 1 16 24 82 394 400 0.985 92 0.8913
1992 1 17 24 85 396 401 0.9875 94 0.9043
1992 1 18 24 69 285 403 0.7072 96 0.7188
1992 1 19 24 62 118 405 0.2914 99 0.6263
1992 1 20 24 57 35 408 0.0858 99 0.5758
1992 1 21 24 88 323 417 0.7746 107 0.8224
1992 1 22 24 81 396 417 0.9496 107 0.757
1992 1 23 24 87 396 417 0.9496 107 0.8131
1992 1 24 24 87 410 417 0.9832 106 0.8208
1992 1 25 24 88 413 420 0.9833 108 0.8148
1992 1 26 24 89 320 427 0.7494 112 0.7946
1992 1 27 24 87 318 427 0.7447 112 0.7768
1992 1 28 24 96 420 429 0.979 113 0.8496
1992 1 29 24 81 228 432 0.5278 117 0.6923
1992 1 30 24 84 298 436 0.6835 117 0.7179
1992 1 31 24 101 431 439 0.9818 118 0.8559
1992 2 1 24 104 435 441 0.9864 119 0.8739
1992 2 2 24 99 407 444 0.9167 120 0.825
1992 2 3 24 84 137 446 0.3072 125 0.672
1992 2 4 24 14 0 449 0 127 0.1102
1992 2 5 24 13 0 452 0 132 0.0985
1992 2 6 24 109 314 463 0.6782 132 0.8258
1992 2 7 24 115 451 463 0.9741 133 0.8647
1992 2 8 24 115 454 463 0.9806 133 0.8647
1992 2 9 24 119 456 461 0.9892 139 0.8561
1992 2 10 24 65 56 462 0.1212 142 0.4577
1992 2 11 24 71 0 464 0 142 0.5
1992 2 12 24 85 148 468 0.3162 143 0.5944
1992 2 13 24 75 21 472 0.0445 143 0.5245
1992 2 14 24 117 265 473 0.5603 149 0.7852
1992 2 15 24 83 14 476 0.0294 149 0.557
1992 2 16 24 87 39 500 0.078 154 0.5649
1992 2 17 24 54 0 500 0 158 0.3418
1992 2 18 24 109 188 500 0.376 160 0.6812
1992 2 19 24 148 484 496 0.9758 162 0.9136
1992 2 20 24 148 488 507 0.9625 164 0.9024
1992 2 21 24 149 445 512 0.8691 165 0.903
1992 2 22 24 149 498 518 0.9614 170 0.8765
1992 2 23 24 73 23 520 0.0442 177 0.4124
1992 2 24 24 155 516 530 0.9736 177 0.8757
1992 2 25 24 93 0 541 0 179 0.5196
1992 2 26 24 92 7 546 0.0128 180 0.5111
1992 2 27 24 153 474 546 0.8681 185 0.827
1992 2 28 24 158 537 548 0.9799 185 0.8541
1992 2 29 24 163 541 549 0.9854 195 0.8359
1992 3 1 24 165 544 554 0.9819 196 0.8418
1992 3 2 24 141 322 557 0.5781 196 0.7194
1992 3 3 24 155 355 558 0.6362 198 0.7828
1992 3 4 24 171 557 562 0.9911 205 0.8341
1992 3 5 24 113 129 566 0.2279 205 0.5512
1992 3 6 24 113 189 569 0.3322 208 0.5433
1992 3 7 24 182 559 571 0.979 209 0.8708
1992 3 8 24 174 436 574 0.7596 211 0.8246
1992 3 9 24 172 411 576 0.7135 213 0.8075
1992 3 10 24 186 556 578 0.9619 213 0.8732
1992 3 11 24 82 6 579 0.0104 217 0.3779
1992 3 12 24 170 261 580 0.45 219 0.7763
1992 3 13 24 99 0 581 0 223 0.4439
1992 3 14 24 79 0 586 0 226 0.3496
1992 3 15 24 32 0 587 0 229 0.1397
1992 3 16 24 113 22 590 0.0373 229 0.4934
1992 3 17 24 107 0 590 0 234 0.4573
1992 3 18 24 214 530 594 0.8923 236 0.9068
1992 3 19 24 181 259 597 0.4338 240 0.7542
1992 3 20 24 86 0 600 0 242 0.3554
1992 3 21 24 206 474 603 0.7861 245 0.8408
1992 3 22 24 47 0 603 0 245 0.1918
1992 3 23 24 171 254 606 0.4191 245 0.698
1992 3 24 24 166 184 610 0.3016 249 0.6667
1992 3 25 24 144 6 612 0.0098 260 0.5538
1992 3 26 24 178 15 613 0.0245 260 0.6846
1992 3 27 24 216 380 615 0.6179 266 0.812
1992 3 28 24 138 0 617 0 266 0.5188
1992 3 29 24 115 29 617 0.047 266 0.4323
1992 3 30 24 166 118 620 0.1903 263 0.6312
1992 3 31 24 148 108 622 0.1736 282 0.5248
1992 4 1 24 193 183 623 0.2937 282 0.6844
1992 4 2 24 255 561 624 0.899 282 0.9043
1992 4 3 24 122 5 625 0.008 277 0.4404
1992 4 4 24 110 0 625 0 277 0.3971
1992 4 5 24 107 0 627 0 277 0.3863
1992 4 6 24 149 3 629 0.0048 291 0.512
1992 4 7 24 163 22 629 0.035 291 0.5601
1992 4 8 24 249 523 631 0.8288 291 0.8557
1992 4 9 24 266 614 631 0.9731 287 0.9268
1992 4 10 24 262 592 632 0.9367 296 0.8851
1992 4 11 24 257 530 633 0.8373 299 0.8595
1992 4 12 24 272 628 633 0.9921 299 0.9097
1992 4 13 24 126 17 633 0.0269 300 0.42
1992 4 14 24 271 591 634 0.9322 303 0.8944
1992 4 15 24 101 15 634 0.0237 307 0.329
1992 4 16 24 133 0 634 0 307 0.4332
1992 4 17 24 242 138 634 0.2177 307 0.7883
1992 4 18 24 102 0 637 0 309 0.3301
1992 4 19 24 132 18 637 0.0283 320 0.4125
1992 4 20 24 218 246 638 0.3856 320 0.6812
1992 4 21 24 288 624 639 0.9765 320 0.9
1992 4 22 24 213 193 639 0.302 320 0.6656
1992 4 23 24 90 0 640 0 320 0.2812
1992 4 24 24 291 637 640 0.9953 320 0.9094
1992 4 25 24 286 637 640 0.9953 316 0.9051
1992 4 26 24 277 590 642 0.919 316 0.8766
1992 4 27 24 209 192 642 0.2991 315 0.6635
1992 4 28 24 143 51 642 0.0794 337 0.4243
1992 4 29 24 160 18 643 0.028 337 0.4748
1992 4 30 24 115 0 643 0 337 0.3412
1992 5 1 24 265 359 643 0.5583 332 0.7982
1992 5 2 24 212 66 642 0.1028 333 0.6366
1992 5 3 24 276 401 642 0.6246 354 0.7797
1992 5 4 24 236 172 645 0.2667 354 0.6667
1992 5 5 24 251 253 645 0.3922 354 0.709
1992 5 6 24 205 109 647 0.1685 353 0.5807
1992 5 7 24 304 638 647 0.9861 353 0.8612
1992 5 8 24 265 354 647 0.5471 353 0.7507
1992 5 9 24 291 536 648 0.8272 344 0.8459
1992 5 10 24 323 613 648 0.946 344 0.939
1992 5 11 24 114 11 649 0.0169 344 0.3314
1992 5 12 24 319 649 651 0.9969 341 0.9355
1992 5 13 24 316 651 654 0.9954 353 0.8952
1992 5 14 24 316 654 656 0.997 353 0.8952
1992 5 15 24 264 467 656 0.7119 353 0.7479
1992 5 16 24 321 644 659 0.9772 355 0.9042
1992 5 17 24 293 549 673 0.8158 355 0.8254
1992 5 18 24 297 585 688 0.8503 360 0.825
1992 5 19 24 328 654 692 0.9451 360 0.9111
1992 5 20 24 256 382 692 0.552 360 0.7111
1992 5 21 24 171 181 697 0.2597 359 0.4763
1992 5 22 24 286 393 699 0.5622 359 0.7967
1992 5 23 24 216 165 702 0.235 363 0.595
1992 5 24 24 260 398 705 0.5645 363 0.7163
1992 5 25 24 276 460 706 0.6516 363 0.7603
1992 5 26 24 258 422 706 0.5977 358 0.7207
1992 5 27 24 162 105 708 0.1483 362 0.4475
1992 5 28 24 217 235 713 0.3296 369 0.5881
1992 5 29 24 160 113 714 0.1583 369 0.4336
1992 5 30 24 255 378 715 0.5287 369 0.6911
1992 5 31 24 130 21 717 0.0293 363 0.3581
1992 6 1 24 237 310 717 0.4324 363 0.6529
1992 6 2 24 173 130 718 0.1811 361 0.4792
1992 6 3 24 152 53 718 0.0738 370 0.4108
1992 6 4 24 262 397 718 0.5529 370 0.7081
1992 6 5 24 198 202 698 0.2894 375 0.528
1992 6 6 24 196 271 725 0.3738 376 0.5213
1992 6 7 24 242 316 725 0.4359 376 0.6436
1992 6 8 24 163 2 727 0.0028 376 0.4335
1992 6 9 24 193 69 727 0.0949 366 0.5273
1992 6 10 24 223 361 727 0.4966 366 0.6093
1992 6 11 24 148 73 729 0.1001 384 0.3854
1992 6 12 24 138 19 729 0.0261 384 0.3594
1992 6 13 24 169 26 730 0.0356 384 0.4401
1992 6 14 24 283 432 730 0.5918 363 0.7796
1992 6 15 24 341 727 730 0.9959 367 0.9292
1992 6 16 24 260 436 728 0.5989 367 0.7084
1992 6 17 24 222 267 733 0.3643 367 0.6049
1992 6 18 24 257 284 733 0.3874 366 0.7022
1992 6 19 24 80 0 733 0 367 0.218
1992 6 20 24 286 443 733 0.6044 367 0.7793
1992 6 21 24 272 454 733 0.6194 368 0.7391
1992 6 22 24 199 133 733 0.1814 373 0.5335
1992 6 23 24 178 120 733 0.1637 373 0.4772
1992 6 24 24 206 321 733 0.4379 373 0.5523
1992 6 25 24 99 0 733 0 367 0.2698
1992 6 26 24 252 241 733 0.3288 361 0.6981
1992 6 27 24 328 606 731 0.829 363 0.9036
1992 6 28 24 342 715 731 0.9781 363 0.9421
1992 6 29 24 338 626 731 0.8564 363 0.9311
1992 6 30 24 247 421 728 0.5783 360 0.6861
1992 7 1 24 222 239 728 0.3283 365 0.6082
1992 7 2 24 155 14 727 0.0193 365 0.4247
1992 7 3 24 299 530 727 0.729 365 0.8192
1992 7 4 24 74 28 726 0.0386 360 0.2056
1992 7 5 24 151 0 721 0 360 0.4194
1992 7 6 24 167 66 721 0.0915 356 0.4691
1992 7 7 24 172 35 721 0.0485 365 0.4712
1992 7 8 24 181 112 720 0.1556 365 0.4959
1992 7 9 24 203 210 719 0.2921 365 0.5562
1992 7 10 24 177 104 719 0.1446 362 0.489
1992 7 11 24 75 0 717 0 357 0.2101
1992 7 12 24 177 116 717 0.1618 354 0.5
1992 7 13 24 319 535 716 0.7472 350 0.9114
1992 7 14 24 295 634 712 0.8904 354 0.8333
1992 7 15 24 158 61 712 0.0857 354 0.4463
1992 7 16 24 206 310 750 0.4133 354 0.5819
1992 7 17 24 311 636 750 0.848 350 0.8886
1992 7 18 24 274 468 750 0.624 348 0.7874
1992 7 19 24 314 698 705 0.9901 347 0.9049
1992 7 20 24 244 476 700 0.68 347 0.7032
1992 7 21 24 316 652 699 0.9328 346 0.9133
1992 7 22 24 177 121 697 0.1736 346 0.5116
1992 7 23 24 317 676 696 0.9713 336 0.9435
1992 7 24 24 315 661 696 0.9497 334 0.9431
1992 7 25 24 267 448 684 0.655 331 0.8066
1992 7 26 24 295 636 678 0.9381 331 0.8912
1992 7 27 24 297 652 662 0.9849 331 0.8973
1992 7 28 24 297 616 657 0.9376 330 0.9
1992 7 29 24 190 317 673 0.471 330 0.5758
1992 7 30 24 294 646 673 0.9599 327 0.8991
1992 7 31 24 290 635 673 0.9435 327 0.8869
1992 8 1 24 174 288 651 0.4424 327 0.5321
1992 8 2 24 288 589 651 0.9048 327 0.8807
1992 8 3 24 220 403 648 0.6219 326 0.6748
1992 8 4 24 131 34 648 0.0525 325 0.4031
1992 8 5 24 272 561 648 0.8657 317 0.858
1992 8 6 24 273 574 648 0.8858 317 0.8612
1992 8 7 24 228 433 646 0.6703 317 0.7192
1992 8 8 24 279 642 716 0.8966 317 0.8801
1992 8 9 24 283 641 716 0.8953 314 0.9013
1992 8 10 24 86 20 716 0.0279 314 0.2739
1992 8 11 24 280 581 700 0.83 305 0.918
1992 8 12 24 265 515 700 0.7357 315 0.8413
1992 8 13 24 248 476 700 0.68 315 0.7873
1992 8 14 24 163 158 642 0.2461 315 0.5175
1992 8 15 24 270 555 641 0.8658 304 0.8882
1992 8 16 24 266 589 641 0.9189 300 0.8867
1992 8 17 24 269 634 640 0.9906 302 0.8907
1992 8 18 24 271 637 640 0.9953 302 0.8974
1992 8 19 24 227 591 639 0.9249 302 0.7517
1992 8 20 24 244 581 639 0.9092 296 0.8243
1992 8 21 24 234 519 638 0.8135 302 0.7748
1992 8 22 24 223 399 638 0.6254 302 0.7384
1992 8 23 24 173 224 636 0.3522 302 0.5728
1992 8 24 24 171 192 636 0.3019 288 0.5938
1992 8 25 24 253 616 635 0.9701 288 0.8785
1992 8 26 24 174 334 635 0.526 282 0.617
1992 8 27 24 238 600 634 0.9464 289 0.8235
1992 8 28 24 207 385 633 0.6082 289 0.7163
1992 8 29 24 99 178 633 0.2812 289 0.3426
1992 8 30 24 178 266 633 0.4202 280 0.6357
1992 8 31 24 94 65 633 0.1027 280 0.3357
1992 9 1 24 191 241 632 0.3813 280 0.6821
1992 9 2 24 250 618 630 0.981 279 0.8961
1992 9 3 24 214 449 628 0.715 264 0.8106
1992 9 4 24 82 65 628 0.1035 264 0.3106
1992 9 5 24 120 54 628 0.086 266 0.4511
1992 9 6 24 252 625 628 0.9952 266 0.9474
1992 9 7 24 235 539 626 0.861 266 0.8835
1992 9 8 24 204 460 626 0.7348 259 0.7876
1992 9 9 24 118 39 624 0.0625 259 0.4556
1992 9 10 24 86 93 624 0.149 250 0.344
1992 9 11 24 218 611 623 0.9807 249 0.8755
1992 9 12 24 219 573 621 0.9227 249 0.8795
1992 9 13 24 188 402 620 0.6484 249 0.755
1992 9 14 24 71 58 617 0.094 245 0.2898
1992 9 15 24 213 533 615 0.8667 244 0.873
1992 9 16 24 216 611 614 0.9951 241 0.8963
1992 9 17 24 215 610 612 0.9967 251 0.8566
1992 9 18 24 210 607 611 0.9935 251 0.8367
1992 9 19 24 167 395 610 0.6475 251 0.6653
1992 9 20 24 156 385 608 0.6332 236 0.661
1992 9 21 24 155 404 604 0.6689 233 0.6652
1992 9 22 24 91 114 601 0.1897 233 0.3906
1992 9 23 24 74 22 599 0.0367 224 0.3304
1992 9 24 24 128 117 596 0.1963 224 0.5714
1992 9 25 24 157 429 594 0.7222 222 0.7072
1992 9 26 24 186 585 592 0.9882 214 0.8692
1992 9 27 24 172 539 590 0.9136 212 0.8113
1992 9 28 24 77 100 588 0.1701 211 0.3649
1992 9 29 24 43 0 586 0 211 0.2038
1992 9 30 24 73 5 581 0.0086 210 0.3476
1992 10 1 24 136 298 580 0.5138 207 0.657
1992 10 2 24 76 35 579 0.0604 204 0.3725
1992 10 3 24 89 45 578 0.0779 197 0.4518
1992 10 4 24 79 6 576 0.0104 197 0.401
1992 10 5 24 63 6 574 0.0105 195 0.3231
1992 10 6 24 90 178 572 0.3112 191 0.4712
1992 10 7 24 101 86 567 0.1517 190 0.5316
1992 10 8 24 156 554 567 0.9771 187 0.8342
1992 10 9 24 148 448 562 0.7972 185 0.8
1992 10 10 24 74 51 559 0.0912 182 0.4066
1992 10 11 24 85 66 557 0.1185 181 0.4696
1992 10 12 24 61 5 555 0.009 178 0.3427
1992 10 13 24 154 516 551 0.9365 178 0.8652
1992 10 14 24 127 363 548 0.6624 175 0.7257
1992 10 15 24 146 522 546 0.956 175 0.8343
1992 10 16 24 55 0 544 0 171 0.3216
1992 10 17 24 29 0 539 0 169 0.1716
1992 10 18 24 79 46 529 0.087 165 0.4788
1992 10 19 24 112 250 519 0.4817 162 0.6914
1992 10 20 24 58 3 517 0.0058 162 0.358
1992 10 21 24 24 0 510 0 159 0.1509
1992 10 22 24 107 223 502 0.4442 159 0.673
1992 10 23 24 109 218 493 0.4422 154 0.7078
1992 10 24 24 61 10 489 0.0204 150 0.4067
1992 10 25 24 86 174 483 0.3602 150 0.5733
1992 10 26 24 60 0 480 0 149 0.4027
1992 10 27 24 99 131 480 0.2729 144 0.6875
1992 10 28 24 71 32 472 0.0678 142 0.5
1992 10 29 24 96 292 470 0.6213 138 0.6957
1992 10 30 24 92 168 465 0.3613 134 0.6866
1992 10 31 24 46 0 463 0 133 0.3459
1992 11 1 24 90 209 462 0.4524 130 0.6923
1992 11 2 24 107 454 461 0.9848 130 0.8231
1992 11 3 24 38 1 460 0.0022 129 0.2946
1992 11 4 24 49 0 460 0 125 0.392
1992 11 5 24 58 9 458 0.0197 125 0.464
1992 11 6 24 105 443 451 0.9823 125 0.84
1992 11 7 24 107 443 449 0.9866 121 0.8843
1992 11 8 24 77 161 445 0.3618 121 0.6364
1992 11 9 24 99 430 443 0.9707 118 0.839
1992 11 10 24 42 26 441 0.059 118 0.3559
1992 11 11 24 46 29 439 0.0661 114 0.4035
1992 11 12 24 35 11 435 0.0253 114 0.307
1992 11 13 24 34 0 431 0 108 0.3148
1992 11 14 24 86 273 428 0.6379 108 0.7963
1992 11 15 24 57 25 423 0.0591 106 0.5377
1992 11 16 24 20 0 421 0 104 0.1923
1992 11 17 24 35 0 419 0 104 0.3365
1992 11 18 24 75 192 417 0.4604 104 0.7212
1992 11 19 24 39 5 415 0.012 102 0.3824
1992 11 20 24 49 0 414 0 99 0.4949
1992 11 21 24 19 0 410 0 99 0.1919
1992 11 22 24 15 0 407 0 99 0.1515
1992 11 23 24 80 390 405 0.963 97 0.8247
1992 11 24 24 82 400 403 0.9926 97 0.8454
1992 11 25 24 68 233 401 0.581 96 0.7083
1992 11 26 24 42 15 399 0.0376 96 0.4375
1992 11 27 24 77 385 396 0.9722 89 0.8652
1992 11 28 24 54 99 395 0.2506 89 0.6067
1992 11 29 24 33 0 392 0 86 0.3837
1992 11 30 24 74 386 391 0.9872 102 0.7255
1992 12 1 24 63 235 389 0.6041 102 0.6176
1992 12 2 24 48 78 388 0.201 102 0.4706
1992 12 3 24 12 0 387 0 86 0.1395
1992 12 4 24 38 1 387 0.0026 86 0.4419
1992 12 5 24 19 0 387 0 86 0.2209
1992 12 6 24 47 84 386 0.2176 81 0.5802
1992 12 7 24 26 0 381 0 89 0.2921
1992 12 8 24 24 0 380 0 89 0.2697
1992 12 9 24 28 0 379 0 89 0.3146
1992 12 10 24 28 0 377 0 80 0.35
1992 12 11 24 69 370 377 0.9814 80 0.8625
1992 12 12 24 17 0 377 0 81 0.2099
1992 12 13 24 65 311 375 0.8293 81 0.8025
1992 12 14 24 67 371 375 0.9893 81 0.8272
1992 12 15 24 68 371 375 0.9893 76 0.8947
1992 12 16 24 61 304 374 0.8128 85 0.7176
1992 12 17 24 65 369 374 0.9866 85 0.7647
1992 12 18 24 65 369 374 0.9866 85 0.7647
1992 12 19 24 57 144 386 0.3731 84 0.6786
1992 12 20 24 59 168 386 0.4352 84 0.7024
1992 12 21 24 37 0 386 0 84 0.4405
1992 12 22 24 62 353 373 0.9464 78 0.7949
1992 12 23 24 50 62 373 0.1662 82 0.6098
1992 12 24 24 60 349 373 0.9357 82 0.7317
1992 12 25 24 66 364 373 0.9759 82 0.8049
1992 12 26 24 68 370 374 0.9893 77 0.8831
1992 12 27 24 68 370 374 0.9893 77 0.8831
1992 12 28 24 69 371 374 0.992 77 0.8961
1992 12 29 24 66 371 375 0.9893 79 0.8354
1992 12 30 24 68 372 376 0.9894 79 0.8608
1992 12 31 24 67 349 377 0.9257 79 0.8481
1993 1 1 24 70 373 377 0.9894 79 0.8861
1993 1 2 24 73 374 378 0.9894 81 0.9012
1993 1 3 24 69 335 378 0.8862 81 0.8519
1993 1 4 24 69 374 379 0.9868 81 0.8519
1993 1 5 24 72 377 381 0.9895 93 0.7742
1993 1 6 24 34 0 382 0 93 0.3656
1993 1 7 24 33 0 384 0 93 0.3548
1993 1 8 24 34 4 385 0.0104 86 0.3953
1993 1 9 24 71 382 387 0.9871 87 0.8161
1993 1 10 24 71 353 387 0.9121 93 0.7634
1993 1 11 24 52 81 389 0.2082 93 0.5591
1993 1 12 24 69 146 390 0.3744 93 0.7419
1993 1 13 24 51 31 392 0.0791 91 0.5604
1993 1 14 24 40 8 394 0.0203 92 0.4348
1993 1 15 24 73 266 396 0.6717 92 0.7935
1993 1 16 24 80 395 400 0.9875 92 0.8696
1993 1 17 24 83 399 401 0.995 94 0.883
1993 1 18 24 85 401 403 0.995 96 0.8854
1993 1 19 24 75 301 405 0.7432 99 0.7576
1993 1 20 24 66 161 408 0.3946 99 0.6667
1993 1 21 24 87 406 417 0.9736 107 0.8131
1993 1 22 24 65 102 417 0.2446 107 0.6075
1993 1 23 24 47 8 417 0.0192 107 0.4393
1993 1 24 24 79 377 417 0.9041 106 0.7453
1993 1 25 24 33 0 420 0 108 0.3056
1993 1 26 24 85 301 427 0.7049 112 0.7589
1993 1 27 24 53 3 427 0.007 112 0.4732
1993 1 28 24 35 0 429 0 113 0.3097
1993 1 29 24 68 45 432 0.1042 117 0.5812
1993 1 30 24 100 413 436 0.9472 117 0.8547
1993 1 31 24 105 435 439 0.9909 118 0.8898
1993 2 1 24 107 438 441 0.9932 119 0.8992
1993 2 2 24 93 273 444 0.6149 120 0.775
1993 2 3 24 108 442 446 0.991 125 0.864
1993 2 4 24 105 444 449 0.9889 127 0.8268
1993 2 5 24 112 448 452 0.9912 132 0.8485
1993 2 6 24 116 451 463 0.9741 132 0.8788
1993 2 7 24 116 450 463 0.9719 133 0.8722
1993 2 8 24 117 456 463 0.9849 133 0.8797
1993 2 9 24 120 458 461 0.9935 139 0.8633
1993 2 10 24 122 460 462 0.9957 142 0.8592
1993 2 11 24 124 461 464 0.9935 142 0.8732
1993 2 12 24 126 463 468 0.9893 143 0.8811
1993 2 13 24 131 467 472 0.9894 143 0.9161
1993 2 14 24 133 470 473 0.9937 149 0.8926
1993 2 15 24 136 472 476 0.9916 149 0.9128
1993 2 16 24 106 208 500 0.416 154 0.6883
1993 2 17 24 58 0 500 0 158 0.3671
1993 2 18 24 143 357 500 0.714 160 0.8938
1993 2 19 24 88 154 496 0.3105 162 0.5432
1993 2 20 24 73 8 507 0.0158 164 0.4451
1993 2 21 24 39 0 512 0 165 0.2364
1993 2 22 24 114 110 518 0.2124 170 0.6706
1993 2 23 24 109 53 520 0.1019 177 0.6158
1993 2 24 24 131 317 530 0.5981 177 0.7401
1993 2 25 24 161 518 541 0.9575 179 0.8994
1993 2 26 24 156 425 546 0.7784 180 0.8667
1993 2 27 24 134 269 546 0.4927 185 0.7243
1993 2 28 24 123 195 548 0.3558 185 0.6649
1993 3 1 24 92 0 554 0 196 0.4694
1993 3 2 24 86 0 557 0 196 0.4388
1993 3 3 24 122 84 558 0.1505 198 0.6162
1993 3 4 24 140 176 562 0.3132 205 0.6829
1993 3 5 24 184 509 566 0.8993 205 0.8976
1993 3 6 24 71 0 569 0 208 0.3413
1993 3 7 24 138 127 571 0.2224 209 0.6603
1993 3 8 24 194 570 574 0.993 211 0.9194
1993 3 9 24 195 573 576 0.9948 213 0.9155
1993 3 10 24 199 575 578 0.9948 213 0.9343
1993 3 11 24 179 454 579 0.7841 217 0.8249
1993 3 12 24 183 353 580 0.6086 219 0.8356
1993 3 13 24 203 579 581 0.9966 223 0.9103
1993 3 14 24 205 580 586 0.9898 226 0.9071
1993 3 15 24 195 464 587 0.7905 229 0.8515
1993 3 16 24 134 159 590 0.2695 229 0.5852
1993 3 17 24 64 0 590 0 234 0.2735
1993 3 18 24 209 590 594 0.9933 236 0.8856
1993 3 19 24 208 564 597 0.9447 240 0.8667
1993 3 20 24 198 572 600 0.9533 242 0.8182
1993 3 21 24 130 59 603 0.0978 245 0.5306
1993 3 22 24 110 14 603 0.0232 245 0.449
1993 3 23 24 111 19 606 0.0314 245 0.4531
1993 3 24 24 90 0 610 0 249 0.3614
1993 3 25 24 130 0 612 0 260 0.5
1993 3 26 24 192 176 613 0.2871 260 0.7385
1993 3 27 24 173 156 615 0.2537 266 0.6504
1993 3 28 24 228 408 617 0.6613 266 0.8571
1993 3 29 24 256 615 617 0.9968 266 0.9624
1993 3 30 24 237 501 620 0.8081 263 0.9011
1993 3 31 24 184 269 622 0.4325 282 0.6525
1993 4 1 24 246 619 623 0.9936 282 0.8723
1993 4 2 24 84 0 624 0 282 0.2979
1993 4 3 24 152 64 625 0.1024 277 0.5487
1993 4 4 24 124 109 625 0.1744 277 0.4477
1993 4 5 24 254 521 627 0.8309 277 0.917
1993 4 6 24 94 0 629 0 291 0.323
1993 4 7 24 183 39 629 0.062 291 0.6289
1993 4 8 24 119 2 631 0.0032 291 0.4089
1993 4 9 24 264 559 631 0.8859 287 0.9199
1993 4 10 24 113 9 632 0.0142 296 0.3818
1993 4 11 24 132 0 633 0 299 0.4415
1993 4 12 24 180 134 633 0.2117 299 0.602
1993 4 13 24 150 68 633 0.1074 300 0.5
1993 4 14 24 236 379 634 0.5978 303 0.7789
1993 4 15 24 175 94 634 0.1483 307 0.57
1993 4 16 24 192 123 634 0.194 307 0.6254
1993 4 17 24 189 133 634 0.2098 307 0.6156
1993 4 18 24 147 20 637 0.0314 309 0.4757
1993 4 19 24 259 371 637 0.5824 320 0.8094
1993 4 20 24 289 634 638 0.9937 320 0.9031
1993 4 21 24 261 510 639 0.7981 320 0.8156
1993 4 22 24 256 523 639 0.8185 320 0.8
1993 4 23 24 284 610 640 0.9531 320 0.8875
1993 4 24 24 265 488 640 0.7625 320 0.8281
1993 4 25 24 189 146 640 0.2281 316 0.5981
1993 4 26 24 250 450 642 0.7009 316 0.7911
1993 4 27 24 261 509 642 0.7928 315 0.8286
1993 4 28 24 234 361 642 0.5623 337 0.6944
1993 4 29 24 212 316 643 0.4914 337 0.6291
1993 4 30 24 207 284 643 0.4417 337 0.6142
1993 5 1 24 229 265 643 0.4121 332 0.6898
1993 5 2 24 286 501 642 0.7804 333 0.8589
1993 5 3 24 211 132 642 0.2056 354 0.596
1993 5 4 24 264 433 645 0.6713 354 0.7458
1993 5 5 24 271 489 645 0.7581 354 0.7655
1993 5 6 24 103 0 647 0 353 0.2918
1993 5 7 24 253 365 647 0.5641 353 0.7167
1993 5 8 24 272 419 647 0.6476 353 0.7705
1993 5 9 24 240 395 648 0.6096 344 0.6977
1993 5 10 24 241 314 648 0.4846 344 0.7006
1993 5 11 24 162 68 649 0.1048 344 0.4709
1993 5 12 24 137 38 651 0.0584 341 0.4018
1993 5 13 24 165 92 654 0.1407 353 0.4674
1993 5 14 24 191 108 656 0.1646 353 0.5411
1993 5 15 24 176 115 656 0.1753 353 0.4986
1993 5 16 24 245 230 659 0.349 355 0.6901
1993 5 17 24 225 295 673 0.4383 355 0.6338
1993 5 18 24 219 301 688 0.4375 360 0.6083
1993 5 19 24 205 264 692 0.3815 360 0.5694
1993 5 20 24 202 221 692 0.3194 360 0.5611
1993 5 21 24 101 63 697 0.0904 359 0.2813
1993 5 22 24 343 696 699 0.9957 359 0.9554
1993 5 23 24 335 698 702 0.9943 363 0.9229
1993 5 24 24 309 607 705 0.861 363 0.8512
1993 5 25 24 256 367 706 0.5198 363 0.7052
1993 5 26 24 215 335 706 0.4745 358 0.6006
1993 5 27 24 156 60 708 0.0847 362 0.4309
1993 5 28 24 170 121 713 0.1697 369 0.4607
1993 5 29 24 342 616 714 0.8627 369 0.9268
1993 5 30 24 227 286 715 0.4 369 0.6152
1993 5 31 24 302 419 717 0.5844 363 0.832
1993 6 1 24 326 663 717 0.9247 363 0.8981
1993 6 2 24 118 46 718 0.0641 361 0.3269
1993 6 3 24 109 3 718 0.0042 370 0.2946
1993 6 4 24 265 345 718 0.4805 370 0.7162
1993 6 5 24 274 476 698 0.6819 375 0.7307
1993 6 6 24 334 628 725 0.8662 376 0.8883
1993 6 7 24 354 670 725 0.9241 376 0.9415
1993 6 8 24 337 717 727 0.9862 376 0.8963
1993 6 9 24 241 400 727 0.5502 366 0.6585
1993 6 10 24 145 68 727 0.0935 366 0.3962
1993 6 11 24 196 183 729 0.251 384 0.5104
1993 6 12 24 210 118 729 0.1619 384 0.5469
1993 6 13 24 131 9 730 0.0123 384 0.3411
1993 6 14 24 164 38 730 0.0521 363 0.4518
1993 6 15 24 173 62 730 0.0849 367 0.4714
1993 6 16 24 355 648 728 0.8901 367 0.9673
1993 6 17 24 87 0 733 0 367 0.2371
1993 6 18 24 348 730 733 0.9959 366 0.9508
1993 6 19 24 344 730 733 0.9959 367 0.9373
1993 6 20 24 193 258 733 0.352 367 0.5259
1993 6 21 24 175 198 733 0.2701 368 0.4755
1993 6 22 24 170 163 733 0.2224 373 0.4558
1993 6 23 24 128 81 733 0.1105 373 0.3432
1993 6 24 24 142 91 733 0.1241 373 0.3807
1993 6 25 24 351 728 733 0.9932 367 0.9564
1993 6 26 24 203 60 733 0.0819 361 0.5623
1993 6 27 24 114 32 731 0.0438 363 0.314
1993 6 28 24 183 208 731 0.2845 363 0.5041
1993 6 29 24 183 263 731 0.3598 363 0.5041
1993 6 30 24 292 459 728 0.6305 360 0.8111
1993 7 1 24 219 275 728 0.3777 365 0.6
1993 7 2 24 164 109 727 0.1499 365 0.4493
1993 7 3 24 281 440 727 0.6052 365 0.7699
1993 7 4 24 341 713 726 0.9821 360 0.9472
1993 7 5 24 184 213 721 0.2954 360 0.5111
1993 7 6 24 201 121 721 0.1678 356 0.5646
1993 7 7 24 347 675 721 0.9362 365 0.9507
1993 7 8 24 343 718 720 0.9972 365 0.9397
1993 7 9 24 341 711 719 0.9889 365 0.9342
1993 7 10 24 97 45 719 0.0626 362 0.268
1993 7 11 24 169 39 717 0.0544 357 0.4734
1993 7 12 24 191 64 717 0.0893 354 0.5395
1993 7 13 24 185 48 716 0.067 350 0.5286
1993 7 14 24 152 0 712 0 354 0.4294
1993 7 15 24 136 16 712 0.0225 354 0.3842
1993 7 16 24 246 330 750 0.44 354 0.6949
1993 7 17 24 231 336 750 0.448 350 0.66
1993 7 18 24 185 278 750 0.3707 348 0.5316
1993 7 19 24 95 8 705 0.0113 347 0.2738
1993 7 20 24 151 19 700 0.0271 347 0.4352
1993 7 21 24 172 88 699 0.1259 346 0.4971
1993 7 22 24 126 28 697 0.0402 346 0.3642
1993 7 23 24 309 530 696 0.7615 336 0.9196
1993 7 24 24 317 674 696 0.9684 334 0.9491
1993 7 25 24 131 95 684 0.1389 331 0.3958
1993 7 26 24 229 301 678 0.444 331 0.6918
1993 7 27 24 234 334 662 0.5045 331 0.7069
1993 7 28 24 194 140 657 0.2131 330 0.5879
1993 7 29 24 304 654 673 0.9718 330 0.9212
1993 7 30 24 297 622 673 0.9242 327 0.9083
1993 7 31 24 66 0 673 0 327 0.2018
1993 8 1 24 307 648 651 0.9954 327 0.9388
1993 8 2 24 228 425 651 0.6528 327 0.6972
1993 8 3 24 208 371 648 0.5725 326 0.638
1993 8 4 24 238 370 648 0.571 325 0.7323
1993 8 5 24 240 454 648 0.7006 317 0.7571
1993 8 6 24 261 458 648 0.7068 317 0.8233
1993 8 7 24 251 525 646 0.8127 317 0.7918
1993 8 8 24 160 280 716 0.3911 317 0.5047
1993 8 9 24 101 41 716 0.0573 314 0.3217
1993 8 10 24 88 3 716 0.0042 314 0.2803
1993 8 11 24 295 581 700 0.83 305 0.9672
1993 8 12 24 286 628 700 0.8971 315 0.9079
1993 8 13 24 282 585 700 0.8357 315 0.8952
1993 8 14 24 237 462 642 0.7196 315 0.7524
1993 8 15 24 200 345 641 0.5382 304 0.6579
1993 8 16 24 260 537 641 0.8378 300 0.8667
1993 8 17 24 273 606 640 0.9469 302 0.904
1993 8 18 24 251 508 640 0.7938 302 0.8311
1993 8 19 24 214 392 639 0.6135 302 0.7086
1993 8 20 24 275 590 639 0.9233 296 0.9291
1993 8 21 24 270 615 638 0.9639 302 0.894
1993 8 22 24 236 521 638 0.8166 302 0.7815
1993 8 23 24 108 113 636 0.1777 302 0.3576
1993 8 24 24 39 4 636 0.0063 288 0.1354
1993 8 25 24 98 33 635 0.052 288 0.3403
1993 8 26 24 199 239 635 0.3764 282 0.7057
1993 8 27 24 65 35 634 0.0552 289 0.2249
1993 8 28 24 52 0 633 0 289 0.1799
1993 8 29 24 271 539 633 0.8515 289 0.9377
1993 8 30 24 252 608 633 0.9605 280 0.9
1993 8 31 24 167 211 633 0.3333 280 0.5964
1993 9 1 24 252 480 632 0.7595 280 0.9
1993 9 2 24 251 611 630 0.9698 279 0.8996
1993 9 3 24 89 12 628 0.0191 264 0.3371
1993 9 4 24 81 37 628 0.0589 264 0.3068
1993 9 5 24 58 3 628 0.0048 266 0.218
1993 9 6 24 250 617 628 0.9825 266 0.9398
1993 9 7 24 185 265 626 0.4233 266 0.6955
1993 9 8 24 70 5 626 0.008 259 0.2703
1993 9 9 24 59 9 624 0.0144 259 0.2278
1993 9 10 24 82 30 624 0.0481 250 0.328
1993 9 11 24 138 160 623 0.2568 249 0.5542
1993 9 12 24 226 501 621 0.8068 249 0.9076
1993 9 13 24 120 129 620 0.2081 249 0.4819
1993 9 14 24 116 189 617 0.3063 245 0.4735
1993 9 15 24 128 156 615 0.2537 244 0.5246
1993 9 16 24 157 258 614 0.4202 241 0.6515
1993 9 17 24 157 252 612 0.4118 251 0.6255
1993 9 18 24 97 75 611 0.1227 251 0.3865
1993 9 19 24 153 296 610 0.4852 251 0.6096
1993 9 20 24 192 588 608 0.9671 236 0.8136
1993 9 21 24 176 525 604 0.8692 233 0.7554
1993 9 22 24 114 195 601 0.3245 233 0.4893
1993 9 23 24 91 59 599 0.0985 224 0.4062
1993 9 24 24 104 1 596 0.0017 224 0.4643
1993 9 25 24 93 113 594 0.1902 222 0.4189
1993 9 26 24 70 0 592 0 214 0.3271
1993 9 27 24 169 390 590 0.661 212 0.7972
1993 9 28 24 86 101 588 0.1718 211 0.4076
1993 9 29 24 114 75 586 0.128 211 0.5403
1993 9 30 24 177 518 581 0.8916 210 0.8429
1993 10 1 24 94 83 580 0.1431 207 0.4541
1993 10 2 24 24 0 579 0 204 0.1176
1993 10 3 24 122 128 578 0.2215 197 0.6193
1993 10 4 24 107 162 576 0.2812 197 0.5431
1993 10 5 24 136 389 574 0.6777 195 0.6974
1993 10 6 24 67 86 572 0.1503 191 0.3508
1993 10 7 24 99 203 567 0.358 190 0.5211
1993 10 8 24 32 33 567 0.0582 187 0.1711
1993 10 9 24 160 434 562 0.7722 185 0.8649
1993 10 10 24 93 140 559 0.2504 182 0.511
1993 10 11 24 94 177 557 0.3178 181 0.5193
1993 10 12 24 81 91 555 0.164 178 0.4551
1993 10 13 24 134 458 551 0.8312 178 0.7528
1993 10 14 24 63 94 548 0.1715 175 0.36
1993 10 15 24 65 27 546 0.0495 175 0.3714
1993 10 16 24 132 395 544 0.7261 171 0.7719
1993 10 17 24 54 11 539 0.0204 169 0.3195
1993 10 18 24 70 80 529 0.1512 165 0.4242
1993 10 19 24 82 28 519 0.0539 162 0.5062
1993 10 20 24 99 175 517 0.3385 162 0.6111
1993 10 21 24 25 0 510 0 159 0.1572
1993 10 22 24 94 82 502 0.1633 159 0.5912
1993 10 23 24 117 367 493 0.7444 154 0.7597
1993 10 24 24 58 0 489 0 150 0.3867
1993 10 25 24 126 305 483 0.6315 150 0.84
1993 10 26 24 132 473 480 0.9854 149 0.8859
1993 10 27 24 129 471 480 0.9812 144 0.8958
1993 10 28 24 125 467 472 0.9894 142 0.8803
1993 10 29 24 124 464 470 0.9872 138 0.8986
1993 10 30 24 123 462 465 0.9935 134 0.9179
1993 10 31 24 79 177 463 0.3823 133 0.594
1993 11 1 24 77 92 462 0.1991 130 0.5923
1993 11 2 24 78 206 461 0.4469 130 0.6
1993 11 3 24 111 455 460 0.9891 129 0.8605
1993 11 4 24 104 441 460 0.9587 125 0.832
1993 11 5 24 58 15 458 0.0328 125 0.464
1993 11 6 24 30 0 451 0 125 0.24
1993 11 7 24 94 283 449 0.6303 121 0.7769
1993 11 8 24 105 328 445 0.7371 121 0.8678
1993 11 9 24 65 107 443 0.2415 118 0.5508
1993 11 10 24 94 368 441 0.8345 118 0.7966
1993 11 11 24 51 76 439 0.1731 114 0.4474
1993 11 12 24 36 0 435 0 114 0.3158
1993 11 13 24 91 270 431 0.6265 108 0.8426
1993 11 14 24 93 412 428 0.9626 108 0.8611
1993 11 15 24 33 0 423 0 106 0.3113
1993 11 16 24 56 43 421 0.1021 104 0.5385
1993 11 17 24 87 405 419 0.9666 104 0.8365
1993 11 18 24 94 414 417 0.9928 104 0.9038
1993 11 19 24 89 408 415 0.9831 102 0.8725
1993 11 20 24 89 396 414 0.9565 99 0.899
1993 11 21 24 86 400 410 0.9756 99 0.8687
1993 11 22 24 67 205 407 0.5037 99 0.6768
1993 11 23 24 60 77 405 0.1901 97 0.6186
1993 11 24 24 90 377 403 0.9355 97 0.9278
1993 11 25 24 80 397 401 0.99 96 0.8333
1993 11 26 24 66 265 399 0.6642 96 0.6875
1993 11 27 24 63 220 396 0.5556 89 0.7079
1993 11 28 24 79 391 395 0.9899 89 0.8876
1993 11 29 24 38 20 392 0.051 86 0.4419
1993 11 30 24 70 294 391 0.7519 102 0.6863
1993 12 1 24 53 122 389 0.3136 102 0.5196
1993 12 2 24 58 172 388 0.4433 102 0.5686
1993 12 3 24 50 72 387 0.186 86 0.5814
1993 12 4 24 72 382 387 0.9871 86 0.8372
1993 12 5 24 45 141 387 0.3643 86 0.5233
1993 12 6 24 57 151 386 0.3912 81 0.7037
1993 12 7 24 41 41 381 0.1076 89 0.4607
1993 12 8 24 23 0 380 0 89 0.2584
1993 12 9 24 75 375 379 0.9894 89 0.8427
1993 12 10 24 64 284 377 0.7533 80 0.8
1993 12 11 24 26 0 377 0 80 0.325
1993 12 12 24 48 179 377 0.4748 81 0.5926
1993 12 13 24 62 248 375 0.6613 81 0.7654
1993 12 14 24 28 0 375 0 81 0.3457
1993 12 15 24 65 206 375 0.5493 76 0.8553
1993 12 16 24 33 13 374 0.0348 85 0.3882
1993 12 17 24 21 0 374 0 85 0.2471
1993 12 18 24 66 370 374 0.9893 85 0.7765
1993 12 19 24 42 108 386 0.2798 84 0.5
1993 12 20 24 70 305 386 0.7902 84 0.8333
1993 12 21 24 22 0 386 0 84 0.2619
1993 12 22 24 57 181 373 0.4853 78 0.7308
1993 12 23 24 57 165 373 0.4424 82 0.6951
1993 12 24 24 14 0 373 0 82 0.1707
1993 12 25 24 25 35 373 0.0938 82 0.3049
1993 12 26 24 45 5 374 0.0134 77 0.5844
1993 12 27 24 40 0 374 0 77 0.5195
1993 12 28 24 68 319 374 0.8529 77 0.8831
1993 12 29 24 65 284 375 0.7573 79 0.8228
1993 12 30 24 56 173 376 0.4601 79 0.7089
1993 12 31 24 58 172 377 0.4562 79 0.7342
1994 1 1 24 37 21 377 0.0557 79 0.4684
1994 1 2 24 35 3 378 0.0079 81 0.4321
1994 1 3 24 63 215 378 0.5688 81 0.7778
1994 1 4 24 26 0 379 0 81 0.321
1994 1 5 24 73 312 381 0.8189 93 0.7849
1994 1 6 24 39 0 382 0 93 0.4194
1994 1 7 24 45 84 384 0.2188 93 0.4839
1994 1 8 24 49 123 385 0.3195 86 0.5698
1994 1 9 24 57 154 387 0.3979 87 0.6552
1994 1 10 24 70 347 387 0.8966 93 0.7527
1994 1 11 24 30 0 389 0 93 0.3226
1994 1 12 24 76 325 390 0.8333 93 0.8172
1994 1 13 24 75 255 392 0.6505 91 0.8242
1994 1 14 24 35 3 394 0.0076 92 0.3804
1994 1 15 24 60 132 396 0.3333 92 0.6522
1994 1 16 24 57 77 400 0.1925 92 0.6196
1994 1 17 24 51 83 401 0.207 94 0.5426
1994 1 18 24 86 401 403 0.995 96 0.8958
1994 1 19 24 90 402 405 0.9926 99 0.9091
1994 1 20 24 50 0 408 0 99 0.5051
1994 1 21 24 89 406 417 0.9736 107 0.8318
1994 1 22 24 92 409 417 0.9808 107 0.8598
1994 1 23 24 85 294 417 0.705 107 0.7944
1994 1 24 24 59 68 417 0.1631 106 0.5566
1994 1 25 24 56 29 420 0.069 108 0.5185
1994 1 26 24 24 0 427 0 112 0.2143
1994 1 27 24 97 414 427 0.9696 112 0.8661
1994 1 28 24 36 0 429 0 113 0.3186
1994 1 29 24 78 139 432 0.3218 117 0.6667
1994 1 30 24 94 312 436 0.7156 117 0.8034
1994 1 31 24 77 145 439 0.3303 118 0.6525
1994 2 1 24 109 423 441 0.9592 119 0.916
1994 2 2 24 55 0 444 0 120 0.4583
1994 2 3 24 94 228 446 0.5112 125 0.752
1994 2 4 24 123 285 449 0.6347 127 0.9685
1994 2 5 24 77 77 452 0.1704 132 0.5833
1994 2 6 24 72 0 463 0 132 0.5455
1994 2 7 24 71 0 463 0 133 0.5338
1994 2 8 24 60 0 463 0 133 0.4511
1994 2 9 24 99 174 461 0.3774 139 0.7122
1994 2 10 24 56 1 462 0.0022 142 0.3944
1994 2 11 24 60 22 464 0.0474 142 0.4225
1994 2 12 24 125 462 468 0.9872 143 0.8741
1994 2 13 24 128 465 472 0.9852 143 0.8951
1994 2 14 24 133 469 473 0.9915 149 0.8926
1994 2 15 24 112 297 476 0.6239 149 0.7517
1994 2 16 24 86 58 500 0.116 154 0.5584
1994 2 17 24 119 160 500 0.32 158 0.7532
1994 2 18 24 126 359 500 0.718 160 0.7875
1994 2 19 24 148 486 496 0.9798 162 0.9136
1994 2 20 24 88 56 507 0.1105 164 0.5366
1994 2 21 24 131 247 512 0.4824 165 0.7939
1994 2 22 24 118 179 518 0.3456 170 0.6941
1994 2 23 24 123 177 520 0.3404 177 0.6949
1994 2 24 24 87 3 530 0.0057 177 0.4915
1994 2 25 24 137 262 541 0.4843 179 0.7654
1994 2 26 24 126 139 546 0.2546 180 0.7
1994 2 27 24 125 284 546 0.5201 185 0.6757
1994 2 28 24 52 4 548 0.0073 185 0.2811
1994 3 1 24 37 0 554 0 196 0.1888
1994 3 2 24 152 250 557 0.4488 196 0.7755
1994 3 3 24 161 347 558 0.6219 198 0.8131
1994 3 4 24 141 308 562 0.548 205 0.6878
1994 3 5 24 181 560 566 0.9894 205 0.8829
1994 3 6 24 75 0 569 0 208 0.3606
1994 3 7 24 85 0 571 0 209 0.4067
1994 3 8 24 107 10 574 0.0174 211 0.5071
1994 3 9 24 166 461 576 0.8003 213 0.7793
1994 3 10 24 189 507 578 0.8772 213 0.8873
1994 3 11 24 188 560 579 0.9672 217 0.8664
1994 3 12 24 140 203 580 0.35 219 0.6393
1994 3 13 24 102 34 581 0.0585 223 0.4574
1994 3 14 24 193 453 586 0.773 226 0.854
1994 3 15 24 198 515 587 0.8773 229 0.8646
1994 3 16 24 199 346 590 0.5864 229 0.869
1994 3 17 24 67 0 590 0 234 0.2863
1994 3 18 24 166 111 594 0.1869 236 0.7034
1994 3 19 24 213 549 597 0.9196 240 0.8875
1994 3 20 24 115 7 600 0.0117 242 0.4752
1994 3 21 24 221 499 603 0.8275 245 0.902
1994 3 22 24 153 217 603 0.3599 245 0.6245
1994 3 23 24 112 11 606 0.0182 245 0.4571
1994 3 24 24 180 340 610 0.5574 249 0.7229
1994 3 25 24 220 554 612 0.9052 260 0.8462
1994 3 26 24 123 102 613 0.1664 260 0.4731
1994 3 27 24 245 611 615 0.9935 266 0.9211
1994 3 28 24 212 391 617 0.6337 266 0.797
1994 3 29 24 155 189 617 0.3063 266 0.5827
1994 3 30 24 237 607 620 0.979 263 0.9011
1994 3 31 24 143 77 622 0.1238 282 0.5071
1994 4 1 24 75 1 623 0.0016 282 0.266
1994 4 2 24 200 267 624 0.4279 282 0.7092
1994 4 3 24 216 212 625 0.3392 277 0.7798
1994 4 4 24 165 68 625 0.1088 277 0.5957
1994 4 5 24 232 332 627 0.5295 277 0.8375
1994 4 6 24 180 125 629 0.1987 291 0.6186
1994 4 7 24 262 531 629 0.8442 291 0.9003
1994 4 8 24 185 154 631 0.2441 291 0.6357
1994 4 9 24 106 16 631 0.0254 287 0.3693
1994 4 10 24 201 238 632 0.3766 296 0.6791
1994 4 11 24 175 65 633 0.1027 299 0.5853
1994 4 12 24 115 7 633 0.0111 299 0.3846
1994 4 13 24 89 0 633 0 300 0.2967
1994 4 14 24 232 318 634 0.5016 303 0.7657
1994 4 15 24 235 370 634 0.5836 307 0.7655
1994 4 16 24 188 151 634 0.2382 307 0.6124
1994 4 17 24 222 334 634 0.5268 307 0.7231
1994 4 18 24 177 84 637 0.1319 309 0.5728
1994 4 19 24 192 96 637 0.1507 320 0.6
1994 4 20 24 155 110 638 0.1724 320 0.4844
1994 4 21 24 239 310 639 0.4851 320 0.7469
1994 4 22 24 233 301 639 0.471 320 0.7281
1994 4 23 24 223 350 640 0.5469 320 0.6969
1994 4 24 24 224 376 640 0.5875 320 0.7
1994 4 25 24 123 4 640 0.0062 316 0.3892
1994 4 26 24 218 152 642 0.2368 316 0.6899
1994 4 27 24 257 464 642 0.7227 315 0.8159
1994 4 28 24 248 344 642 0.5358 337 0.7359
1994 4 29 24 305 640 643 0.9953 337 0.905
1994 4 30 24 295 626 643 0.9736 337 0.8754
1994 5 1 24 116 79 643 0.1229 332 0.3494
1994 5 2 24 320 632 642 0.9844 333 0.961
1994 5 3 24 315 642 642 1 354 0.8898
1994 5 4 24 226 340 645 0.5271 354 0.6384
1994 5 5 24 140 15 645 0.0233 354 0.3955
1994 5 6 24 158 8 647 0.0124 353 0.4476
1994 5 7 24 315 645 647 0.9969 353 0.8924
1994 5 8 24 214 193 647 0.2983 353 0.6062
1994 5 9 24 204 143 648 0.2207 344 0.593
1994 5 10 24 296 497 648 0.767 344 0.8605
1994 5 11 24 225 307 649 0.473 344 0.6541
1994 5 12 24 136 27 651 0.0415 341 0.3988
1994 5 13 24 214 238 654 0.3639 353 0.6062
1994 5 14 24 177 146 656 0.2226 353 0.5014
1994 5 15 24 280 444 656 0.6768 353 0.7932
1994 5 16 24 211 302 659 0.4583 355 0.5944
1994 5 17 24 229 249 673 0.37 355 0.6451
1994 5 18 24 132 13 688 0.0189 360 0.3667
1994 5 19 24 65 0 692 0 360 0.1806
1994 5 20 24 84 0 692 0 360 0.2333
1994 5 21 24 141 24 697 0.0344 359 0.3928
1994 5 22 24 223 211 699 0.3019 359 0.6212
1994 5 23 24 223 244 702 0.3476 363 0.6143
1994 5 24 24 166 121 705 0.1716 363 0.4573
1994 5 25 24 321 514 706 0.728 363 0.8843
1994 5 26 24 131 99 706 0.1402 358 0.3659
1994 5 27 24 160 82 708 0.1158 362 0.442
1994 5 28 24 301 505 713 0.7083 369 0.8157
1994 5 29 24 162 114 714 0.1597 369 0.439
1994 5 30 24 76 0 715 0 369 0.206
1994 5 31 24 348 710 717 0.9902 363 0.9587
1994 6 1 24 331 668 717 0.9317 363 0.9118
1994 6 2 24 241 349 718 0.4861 361 0.6676
1994 6 3 24 273 398 718 0.5543 370 0.7378
1994 6 4 24 225 129 718 0.1797 370 0.6081
1994 6 5 24 112 77 698 0.1103 375 0.2987
1994 6 6 24 166 67 725 0.0924 376 0.4415
1994 6 7 24 221 130 725 0.1793 376 0.5878
1994 6 8 24 265 453 727 0.6231 376 0.7048
1994 6 9 24 89 0 727 0 366 0.2432
1994 6 10 24 176 130 727 0.1788 366 0.4809
1994 6 11 24 140 0 729 0 384 0.3646
1994 6 12 24 344 481 729 0.6598 384 0.8958
1994 6 13 24 263 360 730 0.4932 384 0.6849
1994 6 14 24 166 27 730 0.037 363 0.4573
1994 6 15 24 355 715 730 0.9795 367 0.9673
1994 6 16 24 294 443 728 0.6085 367 0.8011
1994 6 17 24 270 385 733 0.5252 367 0.7357
1994 6 18 24 344 671 733 0.9154 366 0.9399
1994 6 19 24 187 290 733 0.3956 367 0.5095
1994 6 20 24 147 0 733 0 367 0.4005
1994 6 21 24 169 88 733 0.1201 368 0.4592
1994 6 22 24 345 728 733 0.9932 373 0.9249
1994 6 23 24 349 715 733 0.9754 373 0.9357
1994 6 24 24 293 569 733 0.7763 373 0.7855
1994 6 25 24 305 601 733 0.8199 367 0.8311
1994 6 26 24 257 386 733 0.5266 361 0.7119
1994 6 27 24 170 196 731 0.2681 363 0.4683
1994 6 28 24 244 425 731 0.5814 363 0.6722
1994 6 29 24 182 242 731 0.3311 363 0.5014
1994 6 30 24 283 538 728 0.739 360 0.7861
1994 7 1 24 284 518 728 0.7115 365 0.7781
1994 7 2 24 257 498 727 0.685 365 0.7041
1994 7 3 24 276 559 727 0.7689 365 0.7562
1994 7 4 24 302 599 726 0.8251 360 0.8389
1994 7 5 24 308 511 721 0.7087 360 0.8556
1994 7 6 24 265 457 721 0.6338 356 0.7444
1994 7 7 24 145 73 721 0.1012 365 0.3973
1994 7 8 24 193 106 720 0.1472 365 0.5288
1994 7 9 24 171 101 719 0.1405 365 0.4685
1994 7 10 24 349 717 719 0.9972 362 0.9641
1994 7 11 24 347 717 717 1 357 0.972
1994 7 12 24 307 580 717 0.8089 354 0.8672
1994 7 13 24 207 250 716 0.3492 350 0.5914
1994 7 14 24 228 323 712 0.4537 354 0.6441
1994 7 15 24 257 379 712 0.5323 354 0.726
1994 7 16 24 325 687 750 0.916 354 0.9181
1994 7 17 24 246 450 750 0.6 350 0.7029
1994 7 18 24 187 364 750 0.4853 348 0.5374
1994 7 19 24 163 68 705 0.0965 347 0.4697
1994 7 20 24 77 0 700 0 347 0.2219
1994 7 21 24 250 297 699 0.4249 346 0.7225
1994 7 22 24 319 637 697 0.9139 346 0.922
1994 7 23 24 228 413 696 0.5934 336 0.6786
1994 7 24 24 241 433 696 0.6221 334 0.7216
1994 7 25 24 206 364 684 0.5322 331 0.6224
1994 7 26 24 297 534 678 0.7876 331 0.8973
1994 7 27 24 293 544 662 0.8218 331 0.8852
1994 7 28 24 226 400 657 0.6088 330 0.6848
1994 7 29 24 215 332 673 0.4933 330 0.6515
1994 7 30 24 213 357 673 0.5305 327 0.6514
1994 7 31 24 231 421 673 0.6256 327 0.7064
1994 8 1 24 179 268 651 0.4117 327 0.5474
1994 8 2 24 295 570 651 0.8756 327 0.9021
1994 8 3 24 292 625 648 0.9645 326 0.8957
1994 8 4 24 279 589 648 0.909 325 0.8585
1994 8 5 24 243 432 648 0.6667 317 0.7666
1994 8 6 24 169 339 648 0.5231 317 0.5331
1994 8 7 24 212 296 646 0.4582 317 0.6688
1994 8 8 24 121 106 716 0.148 317 0.3817
1994 8 9 24 235 485 716 0.6774 314 0.7484
1994 8 10 24 64 59 716 0.0824 314 0.2038
1994 8 11 24 227 340 700 0.4857 305 0.7443
1994 8 12 24 178 161 700 0.23 315 0.5651
1994 8 13 24 207 348 700 0.4971 315 0.6571
1994 8 14 24 291 561 642 0.8738 315 0.9238
1994 8 15 24 288 639 641 0.9969 304 0.9474
1994 8 16 24 282 627 641 0.9782 300 0.94
1994 8 17 24 124 74 640 0.1156 302 0.4106
1994 8 18 24 155 139 640 0.2172 302 0.5132
1994 8 19 24 99 57 639 0.0892 302 0.3278
1994 8 20 24 239 483 639 0.7559 296 0.8074
1994 8 21 24 268 610 638 0.9561 302 0.8874
1994 8 22 24 189 340 638 0.5329 302 0.6258
1994 8 23 24 165 317 636 0.4984 302 0.5464
1994 8 24 24 185 241 636 0.3789 288 0.6424
1994 8 25 24 46 0 635 0 288 0.1597
1994 8 26 24 124 69 635 0.1087 282 0.4397
1994 8 27 24 268 626 634 0.9874 289 0.9273
1994 8 28 24 211 442 633 0.6983 289 0.7301
1994 8 29 24 210 295 633 0.466 289 0.7266
1994 8 30 24 187 380 633 0.6003 280 0.6679
1994 8 31 24 75 47 633 0.0742 280 0.2679
1994 9 1 24 123 198 632 0.3133 280 0.4393
1994 9 2 24 46 5 630 0.0079 279 0.1649
1994 9 3 24 145 135 628 0.215 264 0.5492
1994 9 4 24 251 589 628 0.9379 264 0.9508
1994 9 5 24 246 618 628 0.9841 266 0.9248
1994 9 6 24 232 553 628 0.8806 266 0.8722
1994 9 7 24 241 552 626 0.8818 266 0.906
1994 9 8 24 106 135 626 0.2157 259 0.4093
1994 9 9 24 249 587 624 0.9407 259 0.9614
1994 9 10 24 145 225 624 0.3606 250 0.58
1994 9 11 24 173 293 623 0.4703 249 0.6948
1994 9 12 24 128 235 621 0.3784 249 0.5141
1994 9 13 24 40 7 620 0.0113 249 0.1606
1994 9 14 24 36 0 617 0 245 0.1469
1994 9 15 24 125 105 615 0.1707 244 0.5123
1994 9 16 24 115 84 614 0.1368 241 0.4772
1994 9 17 24 135 94 612 0.1536 251 0.5378
1994 9 18 24 135 66 611 0.108 251 0.5378
1994 9 19 24 187 311 610 0.5098 251 0.745
1994 9 20 24 200 453 608 0.7451 236 0.8475
1994 9 21 24 109 152 604 0.2517 233 0.4678
1994 9 22 24 132 304 601 0.5058 233 0.5665
1994 9 23 24 143 248 599 0.414 224 0.6384
1994 9 24 24 123 205 596 0.344 224 0.5491
1994 9 25 24 192 542 594 0.9125 222 0.8649
1994 9 26 24 48 8 592 0.0135 214 0.2243
1994 9 27 24 191 361 590 0.6119 212 0.9009
1994 9 28 24 168 310 588 0.5272 211 0.7962
1994 9 29 24 172 542 586 0.9249 211 0.8152
1994 9 30 24 108 139 581 0.2392 210 0.5143
1994 10 1 24 135 253 580 0.4362 207 0.6522
1994 10 2 24 123 254 579 0.4387 204 0.6029
1994 10 3 24 78 68 578 0.1176 197 0.3959
1994 10 4 24 131 165 576 0.2865 197 0.665
1994 10 5 24 175 431 574 0.7509 195 0.8974
1994 10 6 24 190 567 572 0.9913 191 0.9948
1994 10 7 24 176 415 567 0.7319 190 0.9263
1994 10 8 24 73 5 567 0.0088 187 0.3904
1994 10 9 24 152 386 562 0.6868 185 0.8216
1994 10 10 24 174 556 559 0.9946 182 0.956
1994 10 11 24 166 555 557 0.9964 181 0.9171
1994 10 12 24 102 108 555 0.1946 178 0.573
1994 10 13 24 162 547 551 0.9927 178 0.9101
1994 10 14 24 162 546 548 0.9964 175 0.9257
1994 10 15 24 159 544 546 0.9963 175 0.9086
1994 10 16 24 156 536 544 0.9853 171 0.9123
1994 10 17 24 142 382 539 0.7087 169 0.8402
1994 10 18 24 148 519 529 0.9811 165 0.897
1994 10 19 24 141 513 519 0.9884 162 0.8704
1994 10 20 24 82 122 517 0.236 162 0.5062
1994 10 21 24 85 191 510 0.3745 159 0.5346
1994 10 22 24 125 428 502 0.8526 159 0.7862
1994 10 23 24 22 2 493 0.0041 154 0.1429
1994 10 24 24 59 43 489 0.0879 150 0.3933
1994 10 25 24 124 370 483 0.766 150 0.8267
1994 10 26 24 58 66 480 0.1375 149 0.3893
1994 10 27 24 131 471 480 0.9812 144 0.9097
1994 10 28 24 39 0 472 0 142 0.2746
1994 10 29 24 125 418 470 0.8894 138 0.9058
1994 10 30 24 47 0 465 0 134 0.3507
1994 10 31 24 114 454 463 0.9806 133 0.8571
1994 11 1 24 113 305 462 0.6602 130 0.8692
1994 11 2 24 95 273 461 0.5922 130 0.7308
1994 11 3 24 85 187 460 0.4065 129 0.6589
1994 11 4 24 50 75 460 0.163 125 0.4
1994 11 5 24 67 115 458 0.2511 125 0.536
1994 11 6 24 58 3 451 0.0067 125 0.464
1994 11 7 24 33 12 449 0.0267 121 0.2727
1994 11 8 24 93 305 445 0.6854 121 0.7686
1994 11 9 24 92 362 443 0.8172 118 0.7797
1994 11 10 24 15 0 441 0 118 0.1271
1994 11 11 24 35 0 439 0 114 0.307
1994 11 12 24 104 373 435 0.8575 114 0.9123
1994 11 13 24 35 0 431 0 108 0.3241
1994 11 14 24 71 101 428 0.236 108 0.6574
1994 11 15 24 67 175 423 0.4137 106 0.6321
1994 11 16 24 67 113 421 0.2684 104 0.6442
1994 11 17 24 93 324 419 0.7733 104 0.8942
1994 11 18 24 29 0 417 0 104 0.2788
1994 11 19 24 31 0 415 0 102 0.3039
1994 11 20 24 58 170 414 0.4106 99 0.5859
1994 11 21 24 78 389 410 0.9488 99 0.7879
1994 11 22 24 50 57 407 0.14 99 0.5051
1994 11 23 24 57 108 405 0.2667 97 0.5876
1994 11 24 24 83 401 403 0.995 97 0.8557
1994 11 25 24 82 399 401 0.995 96 0.8542
1994 11 26 24 33 33 399 0.0827 96 0.3438
1994 11 27 24 80 390 396 0.9848 89 0.8989
1994 11 28 24 74 335 395 0.8481 89 0.8315
1994 11 29 24 60 180 392 0.4592 86 0.6977
1994 11 30 24 78 388 391 0.9923 102 0.7647
1994 12 1 24 78 378 389 0.9717 102 0.7647
1994 12 2 24 53 72 388 0.1856 102 0.5196
1994 12 3 24 72 379 387 0.9793 86 0.8372
1994 12 4 24 35 5 387 0.0129 86 0.407
1994 12 5 24 27 2 387 0.0052 86 0.314
1994 12 6 24 33 3 386 0.0078 81 0.4074
1994 12 7 24 63 260 381 0.6824 89 0.7079
1994 12 8 24 61 279 380 0.7342 89 0.6854
1994 12 9 24 35 0 379 0 89 0.3933
1994 12 10 24 27 0 377 0 80 0.3375
1994 12 11 24 35 100 377 0.2653 80 0.4375
1994 12 12 24 71 374 377 0.992 81 0.8765
1994 12 13 24 70 373 375 0.9947 81 0.8642
1994 12 14 24 24 5 375 0.0133 81 0.2963
1994 12 15 24 74 371 375 0.9893 76 0.9737
1994 12 16 24 71 370 374 0.9893 85 0.8353
1994 12 17 24 69 371 374 0.992 85 0.8118
1994 12 18 24 70 371 374 0.992 85 0.8235
1994 12 19 24 44 0 386 0 84 0.5238
1994 12 20 24 26 0 386 0 84 0.3095
1994 12 21 24 44 72 386 0.1865 84 0.5238
1994 12 22 24 47 0 373 0 78 0.6026
1994 12 23 24 69 370 373 0.992 82 0.8415
1994 12 24 24 54 179 373 0.4799 82 0.6585
1994 12 25 24 71 371 373 0.9946 82 0.8659
1994 12 26 24 50 44 374 0.1176 77 0.6494
1994 12 27 24 35 1 374 0.0027 77 0.4545
1994 12 28 24 35 0 374 0 77 0.4545
1994 12 29 24 59 287 375 0.7653 79 0.7468
1994 12 30 24 38 41 376 0.109 79 0.481
1994 12 31 24 55 165 377 0.4377 79 0.6962
1995 1 1 24 39 20 377 0.0531 79 0.4937
1995 1 2 24 35 0 378 0 81 0.4321
1995 1 3 24 74 310 378 0.8201 81 0.9136
1995 1 4 24 80 374 379 0.9868 81 0.9877
1995 1 5 24 78 378 381 0.9921 93 0.8387
1995 1 6 24 80 379 382 0.9921 93 0.8602
1995 1 7 24 42 17 384 0.0443 93 0.4516
1995 1 8 24 79 377 385 0.9792 86 0.9186
1995 1 9 24 31 0 387 0 87 0.3563
1995 1 10 24 13 0 387 0 93 0.1398
1995 1 11 24 23 0 389 0 93 0.2473
1995 1 12 24 27 0 390 0 93 0.2903
1995 1 13 24 54 69 392 0.176 91 0.5934
1995 1 14 24 88 387 394 0.9822 92 0.9565
1995 1 15 24 89 389 396 0.9823 92 0.9674
1995 1 16 24 90 391 400 0.9775 92 0.9783
1995 1 17 24 92 393 401 0.98 94 0.9787
1995 1 18 24 57 96 403 0.2382 96 0.5938
1995 1 19 24 75 248 405 0.6123 99 0.7576
1995 1 20 24 55 0 408 0 99 0.5556
1995 1 21 24 83 265 417 0.6355 107 0.7757
1995 1 22 24 62 54 417 0.1295 107 0.5794
1995 1 23 24 52 18 417 0.0432 107 0.486
1995 1 24 24 52 31 417 0.0743 106 0.4906
1995 1 25 24 29 0 420 0 108 0.2685
1995 1 26 24 76 137 427 0.3208 112 0.6786
1995 1 27 24 58 22 427 0.0515 112 0.5179
1995 1 28 24 70 117 429 0.2727 113 0.6195
1995 1 29 24 63 63 432 0.1458 117 0.5385
1995 1 30 24 46 11 436 0.0252 117 0.3932
1995 1 31 24 116 430 439 0.9795 118 0.9831
1995 2 1 24 109 431 441 0.9773 119 0.916
1995 2 2 24 85 227 444 0.5113 120 0.7083
1995 2 3 24 104 322 446 0.722 125 0.832
1995 2 4 24 62 0 449 0 127 0.4882
1995 2 5 24 83 46 452 0.1018 132 0.6288
1995 2 6 24 108 315 463 0.6803 132 0.8182
1995 2 7 24 120 450 463 0.9719 133 0.9023
1995 2 8 24 100 262 463 0.5659 133 0.7519
1995 2 9 24 58 2 461 0.0043 139 0.4173
1995 2 10 24 122 382 462 0.8268 142 0.8592
1995 2 11 24 85 197 464 0.4246 142 0.5986
1995 2 12 24 94 168 468 0.359 143 0.6573
1995 2 13 24 106 230 472 0.4873 143 0.7413
1995 2 14 24 89 138 473 0.2918 149 0.5973
1995 2 15 24 77 0 476 0 149 0.5168
1995 2 16 24 59 28 500 0.056 154 0.3831
1995 2 17 24 105 171 500 0.342 158 0.6646
1995 2 18 24 69 2 500 0.004 160 0.4312
1995 2 19 24 143 433 496 0.873 162 0.8827
1995 2 20 24 131 315 507 0.6213 164 0.7988
1995 2 21 24 152 483 512 0.9434 165 0.9212
1995 2 22 24 117 136 518 0.2625 170 0.6882
1995 2 23 24 49 0 520 0 177 0.2768
1995 2 24 24 63 0 530 0 177 0.3559
1995 2 25 24 47 0 541 0 179 0.2626
1995 2 26 24 51 0 546 0 180 0.2833
1995 2 27 24 128 126 546 0.2308 185 0.6919
1995 2 28 24 161 370 548 0.6752 185 0.8703
1995 3 1 24 178 548 554 0.9892 196 0.9082
1995 3 2 24 88 143 557 0.2567 196 0.449
1995 3 3 24 132 219 558 0.3925 198 0.6667
1995 3 4 24 116 6 562 0.0107 205 0.5659
1995 3 5 24 180 455 566 0.8039 205 0.878
1995 3 6 24 129 130 569 0.2285 208 0.6202
1995 3 7 24 180 322 571 0.5639 209 0.8612
1995 3 8 24 136 150 574 0.2613 211 0.6445
1995 3 9 24 150 129 576 0.224 213 0.7042
1995 3 10 24 205 575 578 0.9948 213 0.9624
1995 3 11 24 201 577 579 0.9965 217 0.9263
1995 3 12 24 200 578 580 0.9966 219 0.9132
1995 3 13 24 207 571 581 0.9828 223 0.9283
1995 3 14 24 209 459 586 0.7833 226 0.9248
1995 3 15 24 160 219 587 0.3731 229 0.6987
1995 3 16 24 137 140 590 0.2373 229 0.5983
1995 3 17 24 189 336 590 0.5695 234 0.8077
1995 3 18 24 110 0 594 0 236 0.4661
1995 3 19 24 124 76 597 0.1273 240 0.5167
1995 3 20 24 84 2 600 0.0033 242 0.3471
1995 3 21 24 126 0 603 0 245 0.5143
1995 3 22 24 245 566 603 0.9386 245 1
1995 3 23 24 181 220 606 0.363 245 0.7388
1995 3 24 24 235 602 610 0.9869 249 0.9438
1995 3 25 24 230 574 612 0.9379 260 0.8846
1995 3 26 24 99 1 613 0.0016 260 0.3808
1995 3 27 24 132 18 615 0.0293 266 0.4962
1995 3 28 24 217 415 617 0.6726 266 0.8158
1995 3 29 24 94 4 617 0.0065 266 0.3534
1995 3 30 24 194 89 620 0.1435 263 0.7376
1995 3 31 24 257 573 622 0.9212 282 0.9113
1995 4 1 24 74 0 623 0 282 0.2624
1995 4 2 24 223 407 624 0.6522 282 0.7908
1995 4 3 24 262 623 625 0.9968 277 0.9458
1995 4 4 24 258 624 625 0.9984 277 0.9314
1995 4 5 24 259 624 627 0.9952 277 0.935
1995 4 6 24 143 64 629 0.1017 291 0.4914
1995 4 7 24 236 417 629 0.663 291 0.811
1995 4 8 24 161 107 631 0.1696 291 0.5533
1995 4 9 24 253 422 631 0.6688 287 0.8815
1995 4 10 24 189 32 632 0.0506 296 0.6385
1995 4 11 24 84 0 633 0 299 0.2809
1995 4 12 24 117 10 633 0.0158 299 0.3913
1995 4 13 24 218 164 633 0.2591 300 0.7267
1995 4 14 24 210 201 634 0.317 303 0.6931
1995 4 15 24 201 99 634 0.1562 307 0.6547
1995 4 16 24 163 130 634 0.205 307 0.5309
1995 4 17 24 183 68 634 0.1073 307 0.5961
1995 4 18 24 258 382 637 0.5997 309 0.835
1995 4 19 24 215 311 637 0.4882 320 0.6719
1995 4 20 24 193 86 638 0.1348 320 0.6031
1995 4 21 24 161 88 639 0.1377 320 0.5031
1995 4 22 24 224 246 639 0.385 320 0.7
1995 4 23 24 222 256 640 0.4 320 0.6938
1995 4 24 24 163 40 640 0.0625 320 0.5094
1995 4 25 24 149 117 640 0.1828 316 0.4715
1995 4 26 24 145 0 642 0 316 0.4589
1995 4 27 24 171 37 642 0.0576 315 0.5429
1995 4 28 24 237 281 642 0.4377 337 0.7033
1995 4 29 24 248 388 643 0.6034 337 0.7359
1995 4 30 24 139 29 643 0.0451 337 0.4125
1995 5 1 24 291 482 643 0.7496 332 0.8765
1995 5 2 24 314 610 642 0.9502 333 0.9429
1995 5 3 24 318 641 642 0.9984 354 0.8983
1995 5 4 24 304 555 645 0.8605 354 0.8588
1995 5 5 24 316 643 645 0.9969 354 0.8927
1995 5 6 24 323 644 647 0.9954 353 0.915
1995 5 7 24 252 362 647 0.5595 353 0.7139
1995 5 8 24 278 432 647 0.6677 353 0.7875
1995 5 9 24 184 170 648 0.2623 344 0.5349
1995 5 10 24 150 30 648 0.0463 344 0.436
1995 5 11 24 141 43 649 0.0663 344 0.4099
1995 5 12 24 189 124 651 0.1905 341 0.5543
1995 5 13 24 81 0 654 0 353 0.2295
1995 5 14 24 117 0 656 0 353 0.3314
1995 5 15 24 339 643 656 0.9802 353 0.9603
1995 5 16 24 239 188 659 0.2853 355 0.6732
1995 5 17 24 249 258 673 0.3834 355 0.7014
1995 5 18 24 143 69 688 0.1003 360 0.3972
1995 5 19 24 90 0 692 0 360 0.25
1995 5 20 24 138 21 692 0.0303 360 0.3833
1995 5 21 24 214 142 697 0.2037 359 0.5961
1995 5 22 24 359 693 699 0.9914 359 1
1995 5 23 24 349 684 702 0.9744 363 0.9614
1995 5 24 24 300 463 705 0.6567 363 0.8264
1995 5 25 24 324 637 706 0.9023 363 0.8926
1995 5 26 24 193 240 706 0.3399 358 0.5391
1995 5 27 24 175 67 708 0.0946 362 0.4834
1995 5 28 24 349 708 713 0.993 369 0.9458
1995 5 29 24 309 582 714 0.8151 369 0.8374
1995 5 30 24 190 165 715 0.2308 369 0.5149
1995 5 31 24 124 23 717 0.0321 363 0.3416
1995 6 1 24 68 0 717 0 363 0.1873
1995 6 2 24 114 3 718 0.0042 361 0.3158
1995 6 3 24 206 168 718 0.234 370 0.5568
1995 6 4 24 141 22 718 0.0306 370 0.3811
1995 6 5 24 143 37 698 0.053 375 0.3813
1995 6 6 24 98 0 725 0 376 0.2606
1995 6 7 24 309 352 725 0.4855 376 0.8218
1995 6 8 24 144 89 727 0.1224 376 0.383
1995 6 9 24 94 16 727 0.022 366 0.2568
1995 6 10 24 189 155 727 0.2132 366 0.5164
1995 6 11 24 172 7 729 0.0096 384 0.4479
1995 6 12 24 162 59 729 0.0809 384 0.4219
1995 6 13 24 250 235 730 0.3219 384 0.651
1995 6 14 24 214 73 730 0.1 363 0.5895
1995 6 15 24 303 459 730 0.6288 367 0.8256
1995 6 16 24 186 127 728 0.1745 367 0.5068
1995 6 17 24 336 552 733 0.7531 367 0.9155
1995 6 18 24 169 91 733 0.1241 366 0.4617
1995 6 19 24 358 729 733 0.9945 367 0.9755
1995 6 20 24 323 594 733 0.8104 367 0.8801
1995 6 21 24 288 466 733 0.6357 368 0.7826
1995 6 22 24 210 198 733 0.2701 373 0.563
1995 6 23 24 172 91 733 0.1241 373 0.4611
1995 6 24 24 115 2 733 0.0027 373 0.3083
1995 6 25 24 296 409 733 0.558 367 0.8065
1995 6 26 24 316 532 733 0.7258 361 0.8753
1995 6 27 24 341 664 731 0.9083 363 0.9394
1995 6 28 24 299 434 731 0.5937 363 0.8237
1995 6 29 24 350 722 731 0.9877 363 0.9642
1995 6 30 24 348 728 728 1 360 0.9667
1995 7 1 24 257 418 728 0.5742 365 0.7041
1995 7 2 24 254 396 727 0.5447 365 0.6959
1995 7 3 24 82 45 727 0.0619 365 0.2247
1995 7 4 24 231 156 726 0.2149 360 0.6417
1995 7 5 24 211 266 721 0.3689 360 0.5861
1995 7 6 24 252 310 721 0.43 356 0.7079
1995 7 7 24 345 689 721 0.9556 365 0.9452
1995 7 8 24 287 521 720 0.7236 365 0.7863
1995 7 9 24 311 592 719 0.8234 365 0.8521
1995 7 10 24 246 451 719 0.6273 362 0.6796
1995 7 11 24 248 474 717 0.6611 357 0.6947
1995 7 12 24 267 375 717 0.523 354 0.7542
1995 7 13 24 237 302 716 0.4218 350 0.6771
1995 7 14 24 276 438 712 0.6152 354 0.7797
1995 7 15 24 162 112 712 0.1573 354 0.4576
1995 7 16 24 152 123 750 0.164 354 0.4294
1995 7 17 24 325 620 750 0.8267 350 0.9286
1995 7 18 24 205 244 750 0.3253 348 0.5891
1995 7 19 24 312 632 705 0.8965 347 0.8991
1995 7 20 24 324 698 700 0.9971 347 0.9337
1995 7 21 24 254 476 699 0.681 346 0.7341
1995 7 22 24 322 667 697 0.957 346 0.9306
1995 7 23 24 216 99 696 0.1422 336 0.6429
1995 7 24 24 316 678 696 0.9741 334 0.9461
1995 7 25 24 258 458 684 0.6696 331 0.7795
1995 7 26 24 299 646 678 0.9528 331 0.9033
1995 7 27 24 234 394 662 0.5952 331 0.7069
1995 7 28 24 231 272 657 0.414 330 0.7
1995 7 29 24 294 455 673 0.6761 330 0.8909
1995 7 30 24 266 466 673 0.6924 327 0.8135
1995 7 31 24 259 439 673 0.6523 327 0.792
1995 8 1 24 258 402 651 0.6175 327 0.789
1995 8 2 24 275 507 651 0.7788 327 0.841
1995 8 3 24 303 632 648 0.9753 326 0.9294
1995 8 4 24 279 570 648 0.8796 325 0.8585
1995 8 5 24 298 627 648 0.9676 317 0.9401
1995 8 6 24 205 384 648 0.5926 317 0.6467
1995 8 7 24 113 40 646 0.0619 317 0.3565
1995 8 8 24 184 198 716 0.2765 317 0.5804
1995 8 9 24 234 196 716 0.2737 314 0.7452
1995 8 10 24 296 623 716 0.8701 314 0.9427
1995 8 11 24 224 426 700 0.6086 305 0.7344
1995 8 12 24 102 1 700 0.0014 315 0.3238
1995 8 13 24 93 0 700 0 315 0.2952
1995 8 14 24 70 0 642 0 315 0.2222
1995 8 15 24 135 57 641 0.0889 304 0.4441
1995 8 16 24 157 176 641 0.2746 300 0.5233
1995 8 17 24 237 373 640 0.5828 302 0.7848
1995 8 18 24 151 168 640 0.2625 302 0.5
1995 8 19 24 180 274 639 0.4288 302 0.596
1995 8 20 24 102 5 639 0.0078 296 0.3446
1995 8 21 24 232 337 638 0.5282 302 0.7682
1995 8 22 24 168 209 638 0.3276 302 0.5563
1995 8 23 24 175 253 636 0.3978 302 0.5795
1995 8 24 24 137 182 636 0.2862 288 0.4757
1995 8 25 24 68 2 635 0.0031 288 0.2361
1995 8 26 24 77 15 635 0.0236 282 0.273
1995 8 27 24 135 115 634 0.1814 289 0.4671
1995 8 28 24 114 71 633 0.1122 289 0.3945
1995 8 29 24 80 0 633 0 289 0.2768
1995 8 30 24 135 35 633 0.0553 280 0.4821
1995 8 31 24 111 4 633 0.0063 280 0.3964
1995 9 1 24 52 0 632 0 280 0.1857
1995 9 2 24 223 310 630 0.4921 279 0.7993
1995 9 3 24 199 386 628 0.6146 264 0.7538
1995 9 4 24 131 99 628 0.1576 264 0.4962
1995 9 5 24 185 271 628 0.4315 266 0.6955
1995 9 6 24 190 295 628 0.4697 266 0.7143
1995 9 7 24 96 59 626 0.0942 266 0.3609
1995 9 8 24 195 281 626 0.4489 259 0.7529
1995 9 9 24 145 145 624 0.2324 259 0.5598
1995 9 10 24 166 284 624 0.4551 250 0.664
1995 9 11 24 99 98 623 0.1573 249 0.3976
1995 9 12 24 120 151 621 0.2432 249 0.4819
1995 9 13 24 86 21 620 0.0339 249 0.3454
1995 9 14 24 54 0 617 0 245 0.2204
1995 9 15 24 234 491 615 0.7984 244 0.959
1995 9 16 24 113 130 614 0.2117 241 0.4689
1995 9 17 24 155 202 612 0.3301 251 0.6175
1995 9 18 24 199 509 611 0.8331 251 0.7928
1995 9 19 24 122 127 610 0.2082 251 0.4861
1995 9 20 24 113 103 608 0.1694 236 0.4788
1995 9 21 24 144 178 604 0.2947 233 0.618
1995 9 22 24 183 354 601 0.589 233 0.7854
1995 9 23 24 204 476 599 0.7947 224 0.9107
1995 9 24 24 64 3 596 0.005 224 0.2857
1995 9 25 24 78 2 594 0.0034 222 0.3514
1995 9 26 24 160 244 592 0.4122 214 0.7477
1995 9 27 24 178 480 590 0.8136 212 0.8396
1995 9 28 24 126 149 588 0.2534 211 0.5972
1995 9 29 24 129 181 586 0.3089 211 0.6114
1995 9 30 24 167 443 581 0.7625 210 0.7952
1995 10 1 24 50 0 580 0 207 0.2415
1995 10 2 24 188 537 579 0.9275 204 0.9216
1995 10 3 24 159 448 578 0.7751 197 0.8071
1995 10 4 24 65 28 576 0.0486 197 0.3299
1995 10 5 24 76 101 574 0.176 195 0.3897
1995 10 6 24 64 3 572 0.0052 191 0.3351
1995 10 7 24 175 562 567 0.9912 190 0.9211
1995 10 8 24 168 550 567 0.97 187 0.8984
1995 10 9 24 160 500 562 0.8897 185 0.8649
1995 10 10 24 132 398 559 0.712 182 0.7253
1995 10 11 24 164 555 557 0.9964 181 0.9061
1995 10 12 24 166 551 555 0.9928 178 0.9326
1995 10 13 24 162 548 551 0.9946 178 0.9101
1995 10 14 24 156 543 548 0.9909 175 0.8914
1995 10 15 24 143 500 546 0.9158 175 0.8171
1995 10 16 24 155 535 544 0.9835 171 0.9064
1995 10 17 24 157 529 539 0.9814 169 0.929
1995 10 18 24 138 414 529 0.7826 165 0.8364
1995 10 19 24 151 516 519 0.9942 162 0.9321
1995 10 20 24 152 510 517 0.9865 162 0.9383
1995 10 21 24 133 396 510 0.7765 159 0.8365
1995 10 22 24 141 491 502 0.9781 159 0.8868
1995 10 23 24 143 485 493 0.9838 154 0.9286
1995 10 24 24 146 482 489 0.9857 150 0.9733
1995 10 25 24 137 448 483 0.9275 150 0.9133
1995 10 26 24 134 472 480 0.9833 149 0.8993
1995 10 27 24 123 386 480 0.8042 144 0.8542
1995 10 28 24 107 280 472 0.5932 142 0.7535
1995 10 29 24 88 170 470 0.3617 138 0.6377
1995 10 30 24 79 154 465 0.3312 134 0.5896
1995 10 31 24 123 452 463 0.9762 133 0.9248
1995 11 1 24 115 402 462 0.8701 130 0.8846
1995 11 2 24 61 29 461 0.0629 130 0.4692
1995 11 3 24 51 5 460 0.0109 129 0.3953
1995 11 4 24 72 44 460 0.0957 125 0.576
1995 11 5 24 125 390 458 0.8515 125 1
1995 11 6 24 101 286 451 0.6341 125 0.808
1995 11 7 24 121 432 449 0.9621 121 1
1995 11 8 24 64 47 445 0.1056 121 0.5289
1995 11 9 24 109 437 443 0.9865 118 0.9237
1995 11 10 24 85 282 441 0.6395 118 0.7203
1995 11 11 24 77 173 439 0.3941 114 0.6754
1995 11 12 24 84 311 435 0.7149 114 0.7368
1995 11 13 24 70 197 431 0.4571 108 0.6481
1995 11 14 24 51 43 428 0.1005 108 0.4722
1995 11 15 24 59 86 423 0.2033 106 0.5566
1995 11 16 24 16 0 421 0 104 0.1538
1995 11 17 24 55 93 419 0.222 104 0.5288
1995 11 18 24 50 36 417 0.0863 104 0.4808
1995 11 19 24 61 47 415 0.1133 102 0.598
1995 11 20 24 47 3 414 0.0072 99 0.4747
1995 11 21 24 96 402 410 0.9805 99 0.9697
1995 11 22 24 90 363 407 0.8919 99 0.9091
1995 11 23 24 90 388 405 0.958 97 0.9278
1995 11 24 24 89 397 403 0.9851 97 0.9175
1995 11 25 24 86 372 401 0.9277 96 0.8958
1995 11 26 24 69 182 399 0.4561 96 0.7188
1995 11 27 24 83 245 396 0.6187 89 0.9326
1995 11 28 24 30 0 395 0 89 0.3371
1995 11 29 24 76 268 392 0.6837 86 0.8837
1995 11 30 24 84 384 391 0.9821 102 0.8235
1995 12 1 24 83 383 389 0.9846 102 0.8137
1995 12 2 24 77 167 388 0.4304 102 0.7549
1995 12 3 24 31 0 387 0 86 0.3605
1995 12 4 24 78 366 387 0.9457 86 0.907
1995 12 5 24 78 376 387 0.9716 86 0.907
1995 12 6 24 78 375 386 0.9715 81 0.963
1995 12 7 24 64 200 381 0.5249 89 0.7191
1995 12 8 24 74 337 380 0.8868 89 0.8315
1995 12 9 24 72 371 379 0.9789 89 0.809
1995 12 10 24 75 371 377 0.9841 80 0.9375
1995 12 11 24 67 316 377 0.8382 80 0.8375
1995 12 12 24 35 17 377 0.0451 81 0.4321
1995 12 13 24 40 10 375 0.0267 81 0.4938
1995 12 14 24 59 140 375 0.3733 81 0.7284
1995 12 15 24 54 228 375 0.608 76 0.7105
1995 12 16 24 75 345 374 0.9225 85 0.8824
1995 12 17 24 58 188 374 0.5027 85 0.6824
1995 12 18 24 23 0 374 0 85 0.2706
1995 12 19 24 80 340 386 0.8808 84 0.9524
1995 12 20 24 29 0 386 0 84 0.3452
1995 12 21 24 32 0 386 0 84 0.381
1995 12 22 24 28 0 373 0 78 0.359
1995 12 23 24 52 46 373 0.1233 82 0.6341
1995 12 24 24 59 205 373 0.5496 82 0.7195
1995 12 25 24 49 27 373 0.0724 82 0.5976
1995 12 26 24 20 0 374 0 77 0.2597
1995 12 27 24 49 43 374 0.115 77 0.6364
1995 12 28 24 71 216 374 0.5775 77 0.9221
1995 12 29 24 48 41 375 0.1093 79 0.6076
1995 12 30 24 53 116 376 0.3085 79 0.6709
1995 12 31 24 20 0 377 0 79 0.2532
1996 1 1 24 67 244 377 0.6472 79 0.8481
1996 1 2 24 63 249 378 0.6587 81 0.7778
1996 1 3 24 50 38 378 0.1005 81 0.6173
1996 1 4 24 81 372 379 0.9815 81 1
1996 1 5 24 81 334 381 0.8766 93 0.871
1996 1 6 24 50 4 382 0.0105 93 0.5376
1996 1 7 24 38 20 384 0.0521 93 0.4086
1996 1 8 24 69 254 385 0.6597 86 0.8023
1996 1 9 24 66 107 387 0.2765 87 0.7586
1996 1 10 24 69 288 387 0.7442 93 0.7419
1996 1 11 24 74 158 389 0.4062 93 0.7957
1996 1 12 24 68 115 390 0.2949 93 0.7312
1996 1 13 24 64 176 392 0.449 91 0.7033
1996 1 14 24 84 386 394 0.9797 92 0.913
1996 1 15 24 86 388 396 0.9798 92 0.9348
1996 1 16 24 88 391 400 0.9775 92 0.9565
1996 1 17 24 91 393 401 0.98 94 0.9681
1996 1 18 24 94 394 403 0.9777 96 0.9792
1996 1 19 24 88 357 405 0.8815 99 0.8889
1996 1 20 24 95 398 408 0.9755 99 0.9596
1996 1 21 24 94 400 417 0.9592 107 0.8785
1996 1 22 24 83 300 417 0.7194 107 0.7757
1996 1 23 24 56 28 417 0.0671 107 0.5234
1996 1 24 24 63 65 417 0.1559 106 0.5943
1996 1 25 24 59 80 420 0.1905 108 0.5463
1996 1 26 24 65 65 427 0.1522 112 0.5804
1996 1 27 24 95 331 427 0.7752 112 0.8482
1996 1 28 24 102 419 429 0.9767 113 0.9027
1996 1 29 24 103 422 432 0.9769 117 0.8803
1996 1 30 24 109 426 436 0.9771 117 0.9316
1996 1 31 24 115 430 439 0.9795 118 0.9746
1996 2 1 24 112 392 441 0.8889 119 0.9412
1996 2 2 24 66 44 444 0.0991 120 0.55
1996 2 3 24 34 0 446 0 125 0.272
1996 2 4 24 62 22 449 0.049 127 0.4882
1996 2 5 24 102 289 452 0.6394 132 0.7727
1996 2 6 24 124 447 463 0.9654 132 0.9394
1996 2 7 24 100 232 463 0.5011 133 0.7519
1996 2 8 24 49 0 463 0 133 0.3684
1996 2 9 24 132 454 461 0.9848 139 0.9496
1996 2 10 24 80 108 462 0.2338 142 0.5634
1996 2 11 24 105 187 464 0.403 142 0.7394
1996 2 12 24 83 83 468 0.1774 143 0.5804
1996 2 13 24 67 39 472 0.0826 143 0.4685
1996 2 14 24 81 98 473 0.2072 149 0.5436
1996 2 15 24 128 355 476 0.7458 149 0.8591
1996 2 16 24 78 0 500 0 154 0.5065
1996 2 17 24 55 0 500 0 158 0.3481
1996 2 18 24 107 87 500 0.174 160 0.6688
1996 2 19 24 84 37 496 0.0746 162 0.5185
1996 2 20 24 125 229 507 0.4517 164 0.7622
1996 2 21 24 93 2 512 0.0039 165 0.5636
1996 2 22 24 122 109 518 0.2104 170 0.7176
1996 2 23 24 170 487 520 0.9365 177 0.9605
1996 2 24 24 172 511 530 0.9642 177 0.9718
1996 2 25 24 168 524 541 0.9686 179 0.9385
1996 2 26 24 163 429 546 0.7857 180 0.9056
1996 2 27 24 174 542 546 0.9927 185 0.9405
1996 2 28 24 179 546 548 0.9964 185 0.9676
1996 2 29 24 185 548 549 0.9982 195 0.9487
1996 3 1 24 50 0 554 0 196 0.2551
1996 3 2 24 183 465 557 0.8348 196 0.9337
1996 3 3 24 149 282 558 0.5054 198 0.7525
1996 3 4 24 186 397 562 0.7064 205 0.9073
1996 3 5 24 204 562 566 0.9929 205 0.9951
1996 3 6 24 201 566 569 0.9947 208 0.9663
1996 3 7 24 176 435 571 0.7618 209 0.8421
1996 3 8 24 198 571 574 0.9948 211 0.9384
1996 3 9 24 205 574 576 0.9965 213 0.9624
1996 3 10 24 211 576 578 0.9965 213 0.9906
1996 3 11 24 196 431 579 0.7444 217 0.9032
1996 3 12 24 143 144 580 0.2483 219 0.653
1996 3 13 24 190 410 581 0.7057 223 0.852
1996 3 14 24 179 378 586 0.6451 226 0.792
1996 3 15 24 187 431 587 0.7342 229 0.8166
1996 3 16 24 191 434 590 0.7356 229 0.8341
1996 3 17 24 143 114 590 0.1932 234 0.6111
1996 3 18 24 156 150 594 0.2525 236 0.661
1996 3 19 24 136 77 597 0.129 240 0.5667
1996 3 20 24 228 595 600 0.9917 242 0.9421
1996 3 21 24 180 339 603 0.5622 245 0.7347
1996 3 22 24 97 0 603 0 245 0.3959
1996 3 23 24 138 99 606 0.1634 245 0.5633
1996 3 24 24 238 584 610 0.9574 249 0.9558
1996 3 25 24 164 217 612 0.3546 260 0.6308
1996 3 26 24 142 141 613 0.23 260 0.5462
1996 3 27 24 67 0 615 0 266 0.2519
1996 3 28 24 266 582 617 0.9433 266 1
1996 3 29 24 172 174 617 0.282 266 0.6466
1996 3 30 24 152 140 620 0.2258 263 0.5779
1996 3 31 24 251 492 622 0.791 282 0.8901
1996 4 1 24 138 22 623 0.0353 282 0.4894
1996 4 2 24 166 21 624 0.0337 282 0.5887
1996 4 3 24 214 284 625 0.4544 277 0.7726
1996 4 4 24 235 301 625 0.4816 277 0.8484
1996 4 5 24 189 302 627 0.4817 277 0.6823
1996 4 6 24 249 474 629 0.7536 291 0.8557
1996 4 7 24 217 366 629 0.5819 291 0.7457
1996 4 8 24 169 141 631 0.2235 291 0.5808
1996 4 9 24 250 454 631 0.7195 287 0.8711
1996 4 10 24 235 380 632 0.6013 296 0.7939
1996 4 11 24 107 1 633 0.0016 299 0.3579
1996 4 12 24 169 94 633 0.1485 299 0.5652
1996 4 13 24 116 0 633 0 300 0.3867
1996 4 14 24 299 595 634 0.9385 303 0.9868
1996 4 15 24 297 579 634 0.9132 307 0.9674
1996 4 16 24 307 632 634 0.9968 307 1
1996 4 17 24 277 616 634 0.9716 307 0.9023
1996 4 18 24 274 506 637 0.7943 309 0.8867
1996 4 19 24 296 634 637 0.9953 320 0.925
1996 4 20 24 302 635 638 0.9953 320 0.9438
1996 4 21 24 303 636 639 0.9953 320 0.9469
1996 4 22 24 263 528 639 0.8263 320 0.8219
1996 4 23 24 183 217 640 0.3391 320 0.5719
1996 4 24 24 163 95 640 0.1484 320 0.5094
1996 4 25 24 144 101 640 0.1578 316 0.4557
1996 4 26 24 205 296 642 0.4611 316 0.6487
1996 4 27 24 128 12 642 0.0187 315 0.4063
1996 4 28 24 229 345 642 0.5374 337 0.6795
1996 4 29 24 140 25 643 0.0389 337 0.4154
1996 4 30 24 157 120 643 0.1866 337 0.4659
1996 5 1 24 198 200 643 0.311 332 0.5964
1996 5 2 24 208 233 642 0.3629 333 0.6246
1996 5 3 24 147 84 642 0.1308 354 0.4153
1996 5 4 24 260 376 645 0.5829 354 0.7345
1996 5 5 24 216 237 645 0.3674 354 0.6102
1996 5 6 24 289 501 647 0.7743 353 0.8187
1996 5 7 24 261 410 647 0.6337 353 0.7394
1996 5 8 24 186 228 647 0.3524 353 0.5269
1996 5 9 24 111 2 648 0.0031 344 0.3227
1996 5 10 24 198 117 648 0.1806 344 0.5756
1996 5 11 24 230 261 649 0.4022 344 0.6686
1996 5 12 24 57 0 651 0 341 0.1672
1996 5 13 24 119 1 654 0.0015 353 0.3371
1996 5 14 24 283 350 656 0.5335 353 0.8017
1996 5 15 24 174 151 656 0.2302 353 0.4929
1996 5 16 24 335 627 659 0.9514 355 0.9437
1996 5 17 24 113 25 673 0.0371 355 0.3183
1996 5 18 24 182 213 688 0.3096 360 0.5056
1996 5 19 24 121 87 692 0.1257 360 0.3361
1996 5 20 24 95 0 692 0 360 0.2639
1996 5 21 24 295 475 697 0.6815 359 0.8217
1996 5 22 24 246 299 699 0.4278 359 0.6852
1996 5 23 24 165 42 702 0.0598 363 0.4545
1996 5 24 24 333 657 705 0.9319 363 0.9174
1996 5 25 24 125 82 706 0.1161 363 0.3444
1996 5 26 24 250 237 706 0.3357 358 0.6983
1996 5 27 24 115 31 708 0.0438 362 0.3177
1996 5 28 24 285 392 713 0.5498 369 0.7724
1996 5 29 24 364 713 714 0.9986 369 0.9864
1996 5 30 24 358 713 715 0.9972 369 0.9702
1996 5 31 24 349 715 717 0.9972 363 0.9614
1996 6 1 24 311 539 717 0.7517 363 0.8567
1996 6 2 24 159 204 718 0.2841 361 0.4404
1996 6 3 24 168 65 718 0.0905 370 0.4541
1996 6 4 24 293 336 718 0.468 370 0.7919
1996 6 5 24 315 575 698 0.8238 375 0.84
1996 6 6 24 281 478 725 0.6593 376 0.7473
1996 6 7 24 293 531 725 0.7324 376 0.7793
1996 6 8 24 301 536 727 0.7373 376 0.8005
1996 6 9 24 309 505 727 0.6946 366 0.8443
1996 6 10 24 274 481 727 0.6616 366 0.7486
1996 6 11 24 257 423 729 0.5802 384 0.6693
1996 6 12 24 354 682 729 0.9355 384 0.9219
1996 6 13 24 341 539 730 0.7384 384 0.888
1996 6 14 24 357 680 730 0.9315 363 0.9835
1996 6 15 24 363 720 730 0.9863 367 0.9891
1996 6 16 24 329 579 728 0.7953 367 0.8965
1996 6 17 24 356 721 733 0.9836 367 0.97
1996 6 18 24 334 594 733 0.8104 366 0.9126
1996 6 19 24 331 554 733 0.7558 367 0.9019
1996 6 20 24 182 208 733 0.2838 367 0.4959
1996 6 21 24 87 29 733 0.0396 368 0.2364
1996 6 22 24 64 0 733 0 373 0.1716
1996 6 23 24 197 70 733 0.0955 373 0.5282
1996 6 24 24 311 385 733 0.5252 373 0.8338
1996 6 25 24 218 79 733 0.1078 367 0.594
1996 6 26 24 133 24 733 0.0327 361 0.3684
1996 6 27 24 178 59 731 0.0807 363 0.4904
1996 6 28 24 301 557 731 0.762 363 0.8292
1996 6 29 24 224 271 731 0.3707 363 0.6171
1996 6 30 24 310 415 728 0.5701 360 0.8611
1996 7 1 24 90 4 728 0.0055 365 0.2466
1996 7 2 24 127 61 727 0.0839 365 0.3479
1996 7 3 24 348 724 727 0.9959 365 0.9534
1996 7 4 24 280 388 726 0.5344 360 0.7778
1996 7 5 24 94 15 721 0.0208 360 0.2611
1996 7 6 24 197 193 721 0.2677 356 0.5534
1996 7 7 24 101 22 721 0.0305 365 0.2767
1996 7 8 24 87 0 720 0 365 0.2384
1996 7 9 24 201 114 719 0.1586 365 0.5507
1996 7 10 24 86 0 719 0 362 0.2376
1996 7 11 24 280 346 717 0.4826 357 0.7843
1996 7 12 24 243 330 717 0.4603 354 0.6864
1996 7 13 24 291 476 716 0.6648 350 0.8314
1996 7 14 24 334 629 712 0.8834 354 0.9435
1996 7 15 24 283 494 712 0.6938 354 0.7994
1996 7 16 24 307 504 750 0.672 354 0.8672
1996 7 17 24 306 635 750 0.8467 350 0.8743
1996 7 18 24 334 698 750 0.9307 348 0.9598
1996 7 19 24 330 684 705 0.9702 347 0.951
1996 7 20 24 320 612 700 0.8743 347 0.9222
1996 7 21 24 329 666 699 0.9528 346 0.9509
1996 7 22 24 328 695 697 0.9971 346 0.948
1996 7 23 24 257 484 696 0.6954 336 0.7649
1996 7 24 24 124 122 696 0.1753 334 0.3713
1996 7 25 24 186 186 684 0.2719 331 0.5619
1996 7 26 24 317 660 678 0.9735 331 0.9577
1996 7 27 24 189 220 662 0.3323 331 0.571
1996 7 28 24 202 176 657 0.2679 330 0.6121
1996 7 29 24 309 632 673 0.9391 330 0.9364
1996 7 30 24 109 23 673 0.0342 327 0.3333
1996 7 31 24 297 586 673 0.8707 327 0.9083
1996 8 1 24 317 639 651 0.9816 327 0.9694
1996 8 2 24 253 470 651 0.722 327 0.7737
1996 8 3 24 94 4 648 0.0062 326 0.2883
1996 8 4 24 298 553 648 0.8534 325 0.9169
1996 8 5 24 269 442 648 0.6821 317 0.8486
1996 8 6 24 166 137 648 0.2114 317 0.5237
1996 8 7 24 87 1 646 0.0015 317 0.2744
1996 8 8 24 277 614 716 0.8575 317 0.8738
1996 8 9 24 282 605 716 0.845 314 0.8981
1996 8 10 24 174 189 716 0.264 314 0.5541
1996 8 11 24 176 144 700 0.2057 305 0.577
1996 8 12 24 93 3 700 0.0043 315 0.2952
1996 8 13 24 186 276 700 0.3943 315 0.5905
1996 8 14 24 137 37 642 0.0576 315 0.4349
1996 8 15 24 99 13 641 0.0203 304 0.3257
1996 8 16 24 226 326 641 0.5086 300 0.7533
1996 8 17 24 276 611 640 0.9547 302 0.9139
1996 8 18 24 282 631 640 0.9859 302 0.9338
1996 8 19 24 182 247 639 0.3865 302 0.6026
1996 8 20 24 204 384 639 0.6009 296 0.6892
1996 8 21 24 132 84 638 0.1317 302 0.4371
1996 8 22 24 122 58 638 0.0909 302 0.404
1996 8 23 24 236 470 636 0.739 302 0.7815
1996 8 24 24 115 102 636 0.1604 288 0.3993
1996 8 25 24 249 411 635 0.6472 288 0.8646
1996 8 26 24 54 2 635 0.0031 282 0.1915
1996 8 27 24 165 167 634 0.2634 289 0.5709
1996 8 28 24 80 0 633 0 289 0.2768
1996 8 29 24 240 426 633 0.673 289 0.8304
1996 8 30 24 72 16 633 0.0253 280 0.2571
1996 8 31 24 114 16 633 0.0253 280 0.4071
1996 9 1 24 94 0 632 0 280 0.3357
1996 9 2 24 164 143 630 0.227 279 0.5878
1996 9 3 24 197 319 628 0.508 264 0.7462
1996 9 4 24 195 362 628 0.5764 264 0.7386
1996 9 5 24 105 97 628 0.1545 266 0.3947
1996 9 6 24 226 414 628 0.6592 266 0.8496
1996 9 7 24 157 127 626 0.2029 266 0.5902
1996 9 8 24 251 566 626 0.9042 259 0.9691
1996 9 9 24 239 533 624 0.8542 259 0.9228
1996 9 10 24 243 622 624 0.9968 250 0.972
1996 9 11 24 237 616 623 0.9888 249 0.9518
1996 9 12 24 210 454 621 0.7311 249 0.8434
1996 9 13 24 102 44 620 0.071 249 0.4096
1996 9 14 24 94 0 617 0 245 0.3837
1996 9 15 24 233 470 615 0.7642 244 0.9549
1996 9 16 24 232 549 614 0.8941 241 0.9627
1996 9 17 24 220 581 612 0.9493 251 0.8765
1996 9 18 24 96 159 611 0.2602 251 0.3825
1996 9 19 24 146 250 610 0.4098 251 0.5817
1996 9 20 24 117 114 608 0.1875 236 0.4958
1996 9 21 24 67 0 604 0 233 0.2876
1996 9 22 24 130 280 601 0.4659 233 0.5579
1996 9 23 24 38 0 599 0 224 0.1696
1996 9 24 24 75 0 596 0 224 0.3348
1996 9 25 24 193 446 594 0.7508 222 0.8694
1996 9 26 24 97 18 592 0.0304 214 0.4533
1996 9 27 24 135 179 590 0.3034 212 0.6368
1996 9 28 24 139 173 588 0.2942 211 0.6588
1996 9 29 24 146 236 586 0.4027 211 0.6919
1996 9 30 24 184 536 581 0.9225 210 0.8762
1996 10 1 24 168 429 580 0.7397 207 0.8116
1996 10 2 24 64 0 579 0 204 0.3137
1996 10 3 24 157 294 578 0.5087 197 0.797
1996 10 4 24 170 436 576 0.7569 197 0.8629
1996 10 5 24 129 193 574 0.3362 195 0.6615
1996 10 6 24 127 220 572 0.3846 191 0.6649
1996 10 7 24 102 102 567 0.1799 190 0.5368
1996 10 8 24 106 57 567 0.1005 187 0.5668
1996 10 9 24 45 0 562 0 185 0.2432
1996 10 10 24 41 0 559 0 182 0.2253
1996 10 11 24 171 479 557 0.86 181 0.9448
1996 10 12 24 156 548 555 0.9874 178 0.8764
1996 10 13 24 162 547 551 0.9927 178 0.9101
1996 10 14 24 131 323 548 0.5894 175 0.7486
1996 10 15 24 51 2 546 0.0037 175 0.2914
1996 10 16 24 28 0 544 0 171 0.1637
1996 10 17 24 41 0 539 0 169 0.2426
1996 10 18 24 118 177 529 0.3346 165 0.7152
1996 10 19 24 65 14 519 0.027 162 0.4012
1996 10 20 24 74 0 517 0 162 0.4568
1996 10 21 24 34 0 510 0 159 0.2138
1996 10 22 24 144 487 502 0.9701 159 0.9057
1996 10 23 24 142 483 493 0.9797 154 0.9221
1996 10 24 24 134 430 489 0.8793 150 0.8933
1996 10 25 24 132 468 483 0.9689 150 0.88
1996 10 26 24 30 0 480 0 149 0.2013
1996 10 27 24 118 447 480 0.9312 144 0.8194
1996 10 28 24 110 303 472 0.6419 142 0.7746
1996 10 29 24 36 6 470 0.0128 138 0.2609
1996 10 30 24 132 453 465 0.9742 134 0.9851
1996 10 31 24 110 347 463 0.7495 133 0.8271
1996 11 1 24 29 0 462 0 130 0.2231
1996 11 2 24 117 452 461 0.9805 130 0.9
1996 11 3 24 104 445 460 0.9674 129 0.8062
1996 11 4 24 109 441 460 0.9587 125 0.872
1996 11 5 24 32 6 458 0.0131 125 0.256
1996 11 6 24 108 421 451 0.9335 125 0.864
1996 11 7 24 98 325 449 0.7238 121 0.8099
1996 11 8 24 70 140 445 0.3146 121 0.5785
1996 11 9 24 107 436 443 0.9842 118 0.9068
1996 11 10 24 64 54 441 0.1224 118 0.5424
1996 11 11 24 58 47 439 0.1071 114 0.5088
1996 11 12 24 50 31 435 0.0713 114 0.4386
1996 11 13 24 27 4 431 0.0093 108 0.25
1996 11 14 24 16 0 428 0 108 0.1481
1996 11 15 24 51 51 423 0.1206 106 0.4811
1996 11 16 24 60 76 421 0.1805 104 0.5769
1996 11 17 24 72 239 419 0.5704 104 0.6923
1996 11 18 24 38 13 417 0.0312 104 0.3654
1996 11 19 24 90 379 415 0.9133 102 0.8824
1996 11 20 24 57 34 414 0.0821 99 0.5758
1996 11 21 24 67 124 410 0.3024 99 0.6768
1996 11 22 24 72 194 407 0.4767 99 0.7273
1996 11 23 24 86 311 405 0.7679 97 0.8866
1996 11 24 24 89 238 403 0.5906 97 0.9175
1996 11 25 24 53 12 401 0.0299 96 0.5521
1996 11 26 24 30 0 399 0 96 0.3125
1996 11 27 24 80 233 396 0.5884 89 0.8989
1996 11 28 24 38 0 395 0 89 0.427
1996 11 29 24 70 212 392 0.5408 86 0.814
1996 11 30 24 31 0 391 0 102 0.3039
1996 12 1 24 49 16 389 0.0411 102 0.4804
1996 12 2 24 34 5 388 0.0129 102 0.3333
1996 12 3 24 77 276 387 0.7132 86 0.8953
1996 12 4 24 80 387 387 1 86 0.9302
1996 12 5 24 77 375 387 0.969 86 0.8953
1996 12 6 24 66 91 386 0.2358 81 0.8148
1996 12 7 24 70 360 381 0.9449 89 0.7865
1996 12 8 24 69 321 380 0.8447 89 0.7753
1996 12 9 24 61 184 379 0.4855 89 0.6854
1996 12 10 24 70 298 377 0.7905 80 0.875
1996 12 11 24 42 55 377 0.1459 80 0.525
1996 12 12 24 69 330 377 0.8753 81 0.8519
1996 12 13 24 23 0 375 0 81 0.284
1996 12 14 24 29 0 375 0 81 0.358
1996 12 15 24 69 366 375 0.976 76 0.9079
1996 12 16 24 69 366 374 0.9786 85 0.8118
1996 12 17 24 71 354 374 0.9465 85 0.8353
1996 12 18 24 55 215 374 0.5749 85 0.6471
1996 12 19 24 41 17 386 0.044 84 0.4881
1996 12 20 24 29 0 386 0 84 0.3452
1996 12 21 24 59 289 386 0.7487 84 0.7024
1996 12 22 24 47 112 373 0.3003 78 0.6026
1996 12 23 24 24 0 373 0 82 0.2927
1996 12 24 24 43 104 373 0.2788 82 0.5244
1996 12 25 24 22 0 373 0 82 0.2683
1996 12 26 24 63 253 374 0.6765 77 0.8182
1996 12 27 24 61 124 374 0.3316 77 0.7922
1996 12 28 24 73 367 374 0.9813 77 0.9481
1996 12 29 24 72 368 375 0.9813 79 0.9114
1996 12 30 24 44 0 376 0 79 0.557
1996 12 31 24 32 66 377 0.1751 79 0.4051
1997 1 1 24 72 340 377 0.9019 79 0.9114
1997 1 2 24 45 17 378 0.045 81 0.5556
1997 1 3 24 73 352 378 0.9312 81 0.9012
1997 1 4 24 59 194 379 0.5119 81 0.7284
1997 1 5 24 80 374 381 0.9816 93 0.8602
1997 1 6 24 62 84 382 0.2199 93 0.6667
1997 1 7 24 47 131 384 0.3411 93 0.5054
1997 1 8 24 76 362 385 0.9403 86 0.8837
1997 1 9 24 48 28 387 0.0724 87 0.5517
1997 1 10 24 41 15 387 0.0388 93 0.4409
1997 1 11 24 83 383 389 0.9846 93 0.8925
1997 1 12 24 86 382 390 0.9795 93 0.9247
1997 1 13 24 87 386 392 0.9847 91 0.956
1997 1 14 24 86 388 394 0.9848 92 0.9348
1997 1 15 24 84 390 396 0.9848 92 0.913
1997 1 16 24 87 392 400 0.98 92 0.9457
1997 1 17 24 88 396 401 0.9875 94 0.9362
1997 1 18 24 86 377 403 0.9355 96 0.8958
1997 1 19 24 45 10 405 0.0247 99 0.4545
1997 1 20 24 29 0 408 0 99 0.2929
1997 1 21 24 73 189 417 0.4532 107 0.6822
1997 1 22 24 62 61 417 0.1463 107 0.5794
1997 1 23 24 62 102 417 0.2446 107 0.5794
1997 1 24 24 63 96 417 0.2302 106 0.5943
1997 1 25 24 86 262 420 0.6238 108 0.7963
1997 1 26 24 78 210 427 0.4918 112 0.6964
1997 1 27 24 98 418 427 0.9789 112 0.875
1997 1 28 24 97 421 429 0.9814 113 0.8584
1997 1 29 24 104 425 432 0.9838 117 0.8889
1997 1 30 24 107 429 436 0.9839 117 0.9145
1997 1 31 24 108 432 439 0.9841 118 0.9153
1997 2 1 24 112 436 441 0.9887 119 0.9412
1997 2 2 24 116 438 444 0.9865 120 0.9667
1997 2 3 24 107 352 446 0.7892 125 0.856
1997 2 4 24 103 387 449 0.8619 127 0.811
1997 2 5 24 62 8 452 0.0177 132 0.4697
1997 2 6 24 124 449 463 0.9698 132 0.9394
1997 2 7 24 120 451 463 0.9741 133 0.9023
1997 2 8 24 125 453 463 0.9784 133 0.9398
1997 2 9 24 124 454 461 0.9848 139 0.8921
1997 2 10 24 128 455 462 0.9848 142 0.9014
1997 2 11 24 119 408 464 0.8793 142 0.838
1997 2 12 24 133 414 468 0.8846 143 0.9301
1997 2 13 24 103 266 472 0.5636 143 0.7203
1997 2 14 24 47 2 473 0.0042 149 0.3154
1997 2 15 24 81 69 476 0.145 149 0.5436
1997 2 16 24 149 472 500 0.944 154 0.9675
1997 2 17 24 141 352 500 0.704 158 0.8924
1997 2 18 24 84 17 500 0.034 160 0.525
1997 2 19 24 113 208 496 0.4194 162 0.6975
1997 2 20 24 112 116 507 0.2288 164 0.6829
1997 2 21 24 158 507 512 0.9902 165 0.9576
1997 2 22 24 158 512 518 0.9884 170 0.9294
1997 2 23 24 151 473 520 0.9096 177 0.8531
1997 2 24 24 129 264 530 0.4981 177 0.7288
1997 2 25 24 121 214 541 0.3956 179 0.676
1997 2 26 24 80 52 546 0.0952 180 0.4444
1997 2 27 24 78 18 546 0.033 185 0.4216
1997 2 28 24 170 546 548 0.9964 185 0.9189
1997 3 1 24 104 158 554 0.2852 196 0.5306
1997 3 2 24 178 554 557 0.9946 196 0.9082
1997 3 3 24 105 147 558 0.2634 198 0.5303
1997 3 4 24 125 177 562 0.3149 205 0.6098
1997 3 5 24 96 136 566 0.2403 205 0.4683
1997 3 6 24 134 80 569 0.1406 208 0.6442
1997 3 7 24 190 569 571 0.9965 209 0.9091
1997 3 8 24 195 571 574 0.9948 211 0.9242
1997 3 9 24 156 327 576 0.5677 213 0.7324
1997 3 10 24 197 575 578 0.9948 213 0.9249
1997 3 11 24 199 578 579 0.9983 217 0.9171
1997 3 12 24 199 579 580 0.9983 219 0.9087
1997 3 13 24 204 518 581 0.8916 223 0.9148
1997 3 14 24 199 452 586 0.7713 226 0.8805
1997 3 15 24 124 18 587 0.0307 229 0.5415
1997 3 16 24 106 36 590 0.061 229 0.4629
1997 3 17 24 153 199 590 0.3373 234 0.6538
1997 3 18 24 184 381 594 0.6414 236 0.7797
1997 3 19 24 129 72 597 0.1206 240 0.5375
1997 3 20 24 102 0 600 0 242 0.4215
1997 3 21 24 119 1 603 0.0017 245 0.4857
1997 3 22 24 242 560 603 0.9287 245 0.9878
1997 3 23 24 183 231 606 0.3812 245 0.7469
1997 3 24 24 148 137 610 0.2246 249 0.5944
1997 3 25 24 134 0 612 0 260 0.5154
1997 3 26 24 226 410 613 0.6688 260 0.8692
1997 3 27 24 110 25 615 0.0407 266 0.4135
1997 3 28 24 84 16 617 0.0259 266 0.3158
1997 3 29 24 136 0 617 0 266 0.5113
1997 3 30 24 252 257 620 0.4145 263 0.9582
1997 3 31 24 258 620 622 0.9968 282 0.9149
1997 4 1 24 260 619 623 0.9936 282 0.922
1997 4 2 24 262 623 624 0.9984 282 0.9291
1997 4 3 24 146 149 625 0.2384 277 0.5271
1997 4 4 24 98 3 625 0.0048 277 0.3538
1997 4 5 24 133 7 627 0.0112 277 0.4801
1997 4 6 24 90 32 629 0.0509 291 0.3093
1997 4 7 24 285 628 629 0.9984 291 0.9794
1997 4 8 24 284 628 631 0.9952 291 0.9759
1997 4 9 24 279 629 631 0.9968 287 0.9721
1997 4 10 24 258 459 632 0.7263 296 0.8716
1997 4 11 24 246 538 633 0.8499 299 0.8227
1997 4 12 24 299 622 633 0.9826 299 1
1997 4 13 24 291 630 633 0.9953 300 0.97
1997 4 14 24 262 494 634 0.7792 303 0.8647
1997 4 15 24 113 7 634 0.011 307 0.3681
1997 4 16 24 200 170 634 0.2681 307 0.6515
1997 4 17 24 296 619 634 0.9763 307 0.9642
1997 4 18 24 299 634 637 0.9953 309 0.9676
1997 4 19 24 297 607 637 0.9529 320 0.9281
1997 4 20 24 138 0 638 0 320 0.4312
1997 4 21 24 315 546 639 0.8545 320 0.9844
1997 4 22 24 255 309 639 0.4836 320 0.7969
1997 4 23 24 304 637 640 0.9953 320 0.95
1997 4 24 24 304 638 640 0.9969 320 0.95
1997 4 25 24 300 624 640 0.975 316 0.9494
1997 4 26 24 150 43 642 0.067 316 0.4747
1997 4 27 24 77 0 642 0 315 0.2444
1997 4 28 24 197 85 642 0.1324 337 0.5846
1997 4 29 24 160 23 643 0.0358 337 0.4748
1997 4 30 24 124 0 643 0 337 0.368
1997 5 1 24 288 420 643 0.6532 332 0.8675
1997 5 2 24 321 641 642 0.9984 333 0.964
1997 5 3 24 317 642 642 1 354 0.8955
1997 5 4 24 218 154 645 0.2388 354 0.6158
1997 5 5 24 106 49 645 0.076 354 0.2994
1997 5 6 24 140 114 647 0.1762 353 0.3966
1997 5 7 24 183 0 647 0 353 0.5184
1997 5 8 24 148 0 647 0 353 0.4193
1997 5 9 24 244 340 648 0.5247 344 0.7093
1997 5 10 24 286 351 648 0.5417 344 0.8314
1997 5 11 24 222 149 649 0.2296 344 0.6453
1997 5 12 24 115 47 651 0.0722 341 0.3372
1997 5 13 24 176 167 654 0.2554 353 0.4986
1997 5 14 24 228 172 656 0.2622 353 0.6459
1997 5 15 24 251 429 656 0.654 353 0.711
1997 5 16 24 283 485 659 0.736 355 0.7972
1997 5 17 24 284 484 673 0.7192 355 0.8
1997 5 18 24 183 181 688 0.2631 360 0.5083
1997 5 19 24 321 628 692 0.9075 360 0.8917
1997 5 20 24 202 185 692 0.2673 360 0.5611
1997 5 21 24 293 413 697 0.5925 359 0.8162
1997 5 22 24 157 65 699 0.093 359 0.4373
1997 5 23 24 253 320 702 0.4558 363 0.697
1997 5 24 24 215 22 705 0.0312 363 0.5923
1997 5 25 24 219 193 706 0.2734 363 0.6033
1997 5 26 24 284 411 706 0.5822 358 0.7933
1997 5 27 24 337 582 708 0.822 362 0.9309
1997 5 28 24 317 522 713 0.7321 369 0.8591
1997 5 29 24 357 687 714 0.9622 369 0.9675
1997 5 30 24 341 655 715 0.9161 369 0.9241
1997 5 31 24 359 715 717 0.9972 363 0.989
1997 6 1 24 110 0 717 0 363 0.303
1997 6 2 24 158 33 718 0.046 361 0.4377
1997 6 3 24 159 49 718 0.0682 370 0.4297
1997 6 4 24 268 362 718 0.5042 370 0.7243
1997 6 5 24 212 72 698 0.1032 375 0.5653
1997 6 6 24 290 451 725 0.6221 376 0.7713
1997 6 7 24 331 629 725 0.8676 376 0.8803
1997 6 8 24 193 129 727 0.1774 376 0.5133
1997 6 9 24 270 444 727 0.6107 366 0.7377
1997 6 10 24 287 505 727 0.6946 366 0.7842
1997 6 11 24 204 77 729 0.1056 384 0.5312
1997 6 12 24 236 291 729 0.3992 384 0.6146
1997 6 13 24 205 198 730 0.2712 384 0.5339
1997 6 14 24 122 46 730 0.063 363 0.3361
1997 6 15 24 340 572 730 0.7836 367 0.9264
1997 6 16 24 226 192 728 0.2637 367 0.6158
1997 6 17 24 221 226 733 0.3083 367 0.6022
1997 6 18 24 252 244 733 0.3329 366 0.6885
1997 6 19 24 79 7 733 0.0095 367 0.2153
1997 6 20 24 199 168 733 0.2292 367 0.5422
1997 6 21 24 143 113 733 0.1542 368 0.3886
1997 6 22 24 67 8 733 0.0109 373 0.1796
1997 6 23 24 271 294 733 0.4011 373 0.7265
1997 6 24 24 147 46 733 0.0628 373 0.3941
1997 6 25 24 278 366 733 0.4993 367 0.7575
1997 6 26 24 108 28 733 0.0382 361 0.2992
1997 6 27 24 87 1 731 0.0014 363 0.2397
1997 6 28 24 175 95 731 0.13 363 0.4821
1997 6 29 24 126 180 731 0.2462 363 0.3471
1997 6 30 24 229 261 728 0.3585 360 0.6361
1997 7 1 24 265 396 728 0.544 365 0.726
1997 7 2 24 108 25 727 0.0344 365 0.2959
1997 7 3 24 157 102 727 0.1403 365 0.4301
1997 7 4 24 153 115 726 0.1584 360 0.425
1997 7 5 24 79 0 721 0 360 0.2194
1997 7 6 24 88 4 721 0.0055 356 0.2472
1997 7 7 24 113 52 721 0.0721 365 0.3096
1997 7 8 24 365 602 720 0.8361 365 1
1997 7 9 24 326 637 719 0.886 365 0.8932
1997 7 10 24 216 297 719 0.4131 362 0.5967
1997 7 11 24 122 81 717 0.113 357 0.3417
1997 7 12 24 177 149 717 0.2078 354 0.5
1997 7 13 24 239 389 716 0.5433 350 0.6829
1997 7 14 24 198 236 712 0.3315 354 0.5593
1997 7 15 24 160 118 712 0.1657 354 0.452
1997 7 16 24 339 708 750 0.944 354 0.9576
1997 7 17 24 123 83 750 0.1107 350 0.3514
1997 7 18 24 134 51 750 0.068 348 0.3851
1997 7 19 24 83 5 705 0.0071 347 0.2392
1997 7 20 24 158 71 700 0.1014 347 0.4553
1997 7 21 24 185 144 699 0.206 346 0.5347
1997 7 22 24 321 693 697 0.9943 346 0.9277
1997 7 23 24 152 184 696 0.2644 336 0.4524
1997 7 24 24 171 238 696 0.342 334 0.512
1997 7 25 24 117 14 684 0.0205 331 0.3535
1997 7 26 24 141 72 678 0.1062 331 0.426
1997 7 27 24 317 657 662 0.9924 331 0.9577
1997 7 28 24 293 542 657 0.825 330 0.8879
1997 7 29 24 197 319 673 0.474 330 0.597
1997 7 30 24 316 650 673 0.9658 327 0.9664
1997 7 31 24 219 246 673 0.3655 327 0.6697
1997 8 1 24 94 0 651 0 327 0.2875
1997 8 2 24 81 0 651 0 327 0.2477
1997 8 3 24 187 169 648 0.2608 326 0.5736
1997 8 4 24 269 436 648 0.6728 325 0.8277
1997 8 5 24 257 415 648 0.6404 317 0.8107
1997 8 6 24 139 39 648 0.0602 317 0.4385
1997 8 7 24 110 81 646 0.1254 317 0.347
1997 8 8 24 163 203 716 0.2835 317 0.5142
1997 8 9 24 269 457 716 0.6383 314 0.8567
1997 8 10 24 302 621 716 0.8673 314 0.9618
1997 8 11 24 270 514 700 0.7343 305 0.8852
1997 8 12 24 287 584 700 0.8343 315 0.9111
1997 8 13 24 273 544 700 0.7771 315 0.8667
1997 8 14 24 200 276 642 0.4299 315 0.6349
1997 8 15 24 237 458 641 0.7145 304 0.7796
1997 8 16 24 250 476 641 0.7426 300 0.8333
1997 8 17 24 73 0 640 0 302 0.2417
1997 8 18 24 167 239 640 0.3734 302 0.553
1997 8 19 24 272 583 639 0.9124 302 0.9007
1997 8 20 24 249 490 639 0.7668 296 0.8412
1997 8 21 24 271 577 638 0.9044 302 0.8974
1997 8 22 24 255 589 638 0.9232 302 0.8444
1997 8 23 24 259 597 636 0.9387 302 0.8576
1997 8 24 24 235 470 636 0.739 288 0.816
1997 8 25 24 218 454 635 0.715 288 0.7569
1997 8 26 24 172 316 635 0.4976 282 0.6099
1997 8 27 24 184 306 634 0.4826 289 0.6367
1997 8 28 24 58 44 633 0.0695 289 0.2007
1997 8 29 24 128 35 633 0.0553 289 0.4429
1997 8 30 24 129 77 633 0.1216 280 0.4607
1997 8 31 24 259 629 633 0.9937 280 0.925
1997 9 1 24 255 622 632 0.9842 280 0.9107
1997 9 2 24 205 449 630 0.7127 279 0.7348
1997 9 3 24 194 426 628 0.6783 264 0.7348
1997 9 4 24 203 424 628 0.6752 264 0.7689
1997 9 5 24 231 535 628 0.8519 266 0.8684
1997 9 6 24 162 292 628 0.465 266 0.609
1997 9 7 24 125 103 626 0.1645 266 0.4699
1997 9 8 24 238 623 626 0.9952 259 0.9189
1997 9 9 24 243 621 624 0.9952 259 0.9382
1997 9 10 24 242 616 624 0.9872 250 0.968
1997 9 11 24 227 621 623 0.9968 249 0.9116
1997 9 12 24 188 448 621 0.7214 249 0.755
1997 9 13 24 35 0 620 0 249 0.1406
1997 9 14 24 244 525 617 0.8509 245 0.9959
1997 9 15 24 232 579 615 0.9415 244 0.9508
1997 9 16 24 228 612 614 0.9967 241 0.9461
1997 9 17 24 229 611 612 0.9984 251 0.9124
1997 9 18 24 224 609 611 0.9967 251 0.8924
1997 9 19 24 222 606 610 0.9934 251 0.8845
1997 9 20 24 198 481 608 0.7911 236 0.839
1997 9 21 24 208 598 604 0.9901 233 0.8927
1997 9 22 24 184 516 601 0.8586 233 0.7897
1997 9 23 24 150 402 599 0.6711 224 0.6696
1997 9 24 24 193 591 596 0.9916 224 0.8616
1997 9 25 24 202 591 594 0.9949 222 0.9099
1997 9 26 24 201 589 592 0.9949 214 0.9393
1997 9 27 24 202 587 590 0.9949 212 0.9528
1997 9 28 24 185 554 588 0.9422 211 0.8768
1997 9 29 24 195 580 586 0.9898 211 0.9242
1997 9 30 24 166 424 581 0.7298 210 0.7905
1997 10 1 24 83 75 580 0.1293 207 0.401
1997 10 2 24 100 121 579 0.209 204 0.4902
1997 10 3 24 184 559 578 0.9671 197 0.934
1997 10 4 24 177 546 576 0.9479 197 0.8985
1997 10 5 24 182 571 574 0.9948 195 0.9333
1997 10 6 24 175 567 572 0.9913 191 0.9162
1997 10 7 24 49 4 567 0.0071 190 0.2579
1997 10 8 24 148 384 567 0.6772 187 0.7914
1997 10 9 24 132 311 562 0.5534 185 0.7135
1997 10 10 24 52 2 559 0.0036 182 0.2857
1997 10 11 24 141 260 557 0.4668 181 0.779
1997 10 12 24 56 33 555 0.0595 178 0.3146
1997 10 13 24 77 24 551 0.0436 178 0.4326
1997 10 14 24 79 36 548 0.0657 175 0.4514
1997 10 15 24 85 25 546 0.0458 175 0.4857
1997 10 16 24 59 1 544 0.0018 171 0.345
1997 10 17 24 150 520 539 0.9647 169 0.8876
1997 10 18 24 145 514 529 0.9716 165 0.8788
1997 10 19 24 149 509 519 0.9807 162 0.9198
1997 10 20 24 143 495 517 0.9574 162 0.8827
1997 10 21 24 74 39 510 0.0765 159 0.4654
1997 10 22 24 142 487 502 0.9701 159 0.8931
1997 10 23 24 140 421 493 0.854 154 0.9091
1997 10 24 24 112 265 489 0.5419 150 0.7467
1997 10 25 24 136 473 483 0.9793 150 0.9067
1997 10 26 24 114 331 480 0.6896 149 0.7651
1997 10 27 24 94 205 480 0.4271 144 0.6528
1997 10 28 24 105 271 472 0.5742 142 0.7394
1997 10 29 24 133 460 470 0.9787 138 0.9638
1997 10 30 24 124 362 465 0.7785 134 0.9254
1997 10 31 24 117 413 463 0.892 133 0.8797
1997 11 1 24 112 424 462 0.9177 130 0.8615
1997 11 2 24 114 452 461 0.9805 130 0.8769
1997 11 3 24 115 450 460 0.9783 129 0.8915
1997 11 4 24 108 418 460 0.9087 125 0.864
1997 11 5 24 55 69 458 0.1507 125 0.44
1997 11 6 24 80 165 451 0.3659 125 0.64
1997 11 7 24 72 137 449 0.3051 121 0.595
1997 11 8 24 49 58 445 0.1303 121 0.405
1997 11 9 24 24 0 443 0 118 0.2034
1997 11 10 24 80 186 441 0.4218 118 0.678
1997 11 11 24 99 294 439 0.6697 114 0.8684
1997 11 12 24 18 0 435 0 114 0.1579
1997 11 13 24 63 1 431 0.0023 108 0.5833
1997 11 14 24 101 306 428 0.715 108 0.9352
1997 11 15 24 92 269 423 0.6359 106 0.8679
1997 11 16 24 41 0 421 0 104 0.3942
1997 11 17 24 95 412 419 0.9833 104 0.9135
1997 11 18 24 96 410 417 0.9832 104 0.9231
1997 11 19 24 96 408 415 0.9831 102 0.9412
1997 11 20 24 70 156 414 0.3768 99 0.7071
1997 11 21 24 79 240 410 0.5854 99 0.798
1997 11 22 24 92 399 407 0.9803 99 0.9293
1997 11 23 24 48 3 405 0.0074 97 0.4948
1997 11 24 24 79 321 403 0.7965 97 0.8144
1997 11 25 24 65 159 401 0.3965 96 0.6771
1997 11 26 24 83 388 399 0.9724 96 0.8646
1997 11 27 24 77 341 396 0.8611 89 0.8652
1997 11 28 24 74 316 395 0.8 89 0.8315
1997 11 29 24 49 29 392 0.074 86 0.5698
1997 11 30 24 28 0 391 0 102 0.2745
1997 12 1 24 32 0 389 0 102 0.3137
1997 12 2 24 53 28 388 0.0722 102 0.5196
1997 12 3 24 39 0 387 0 86 0.4535
1997 12 4 24 77 377 387 0.9742 86 0.8953
1997 12 5 24 76 375 387 0.969 86 0.8837
1997 12 6 24 74 374 386 0.9689 81 0.9136
1997 12 7 24 72 364 381 0.9554 89 0.809
1997 12 8 24 56 119 380 0.3132 89 0.6292
1997 12 9 24 56 72 379 0.19 89 0.6292
1997 12 10 24 60 221 377 0.5862 80 0.75
1997 12 11 24 44 0 377 0 80 0.55
1997 12 12 24 29 13 377 0.0345 81 0.358
1997 12 13 24 27 0 375 0 81 0.3333
1997 12 14 24 47 34 375 0.0907 81 0.5802
1997 12 15 24 73 362 375 0.9653 76 0.9605
1997 12 16 24 68 335 374 0.8957 85 0.8
1997 12 17 24 47 10 374 0.0267 85 0.5529
1997 12 18 24 37 18 374 0.0481 85 0.4353
1997 12 19 24 44 84 386 0.2176 84 0.5238
1997 12 20 24 31 0 386 0 84 0.369
1997 12 21 24 27 0 386 0 84 0.3214
1997 12 22 24 31 0 373 0 78 0.3974
1997 12 23 24 53 100 373 0.2681 82 0.6463
1997 12 24 24 65 313 373 0.8391 82 0.7927
1997 12 25 24 66 334 373 0.8954 82 0.8049
1997 12 26 24 23 37 374 0.0989 77 0.2987
1997 12 27 24 61 100 374 0.2674 77 0.7922
1997 12 28 24 31 8 374 0.0214 77 0.4026
1997 12 29 24 61 59 375 0.1573 79 0.7722
1997 12 30 24 66 187 376 0.4973 79 0.8354
1997 12 31 24 57 138 377 0.366 79 0.7215
1998 1 1 24 48 56 377 0.1485 79 0.6076
1998 1 2 24 49 76 378 0.2011 81 0.6049
1998 1 3 24 38 31 378 0.082 81 0.4691
1998 1 4 24 65 345 379 0.9103 81 0.8025
1998 1 5 24 78 374 381 0.9816 93 0.8387
1998 1 6 24 33 0 382 0 93 0.3548
1998 1 7 24 76 360 384 0.9375 93 0.8172
1998 1 8 24 78 377 385 0.9792 86 0.907
1998 1 9 24 80 378 387 0.9767 87 0.9195
1998 1 10 24 81 381 387 0.9845 93 0.871
1998 1 11 24 80 382 389 0.982 93 0.8602
1998 1 12 24 78 365 390 0.9359 93 0.8387
1998 1 13 24 75 285 392 0.727 91 0.8242
1998 1 14 24 54 37 394 0.0939 92 0.587
1998 1 15 24 88 329 396 0.8308 92 0.9565
1998 1 16 24 25 0 400 0 92 0.2717
1998 1 17 24 64 119 401 0.2968 94 0.6809
1998 1 18 24 71 197 403 0.4888 96 0.7396
1998 1 19 24 72 173 405 0.4272 99 0.7273
1998 1 20 24 48 0 408 0 99 0.4848
1998 1 21 24 40 0 417 0 107 0.3738
1998 1 22 24 94 404 417 0.9688 107 0.8785
1998 1 23 24 95 409 417 0.9808 107 0.8879
1998 1 24 24 77 218 417 0.5228 106 0.7264
1998 1 25 24 95 410 420 0.9762 108 0.8796
1998 1 26 24 103 416 427 0.9742 112 0.9196
1998 1 27 24 106 418 427 0.9789 112 0.9464
1998 1 28 24 109 421 429 0.9814 113 0.9646
1998 1 29 24 107 424 432 0.9815 117 0.9145
1998 1 30 24 110 428 436 0.9817 117 0.9402
1998 1 31 24 110 431 439 0.9818 118 0.9322
1998 2 1 24 112 435 441 0.9864 119 0.9412
1998 2 2 24 101 387 444 0.8716 120 0.8417
1998 2 3 24 117 439 446 0.9843 125 0.936
1998 2 4 24 119 442 449 0.9844 127 0.937
1998 2 5 24 120 445 452 0.9845 132 0.9091
1998 2 6 24 120 448 463 0.9676 132 0.9091
1998 2 7 24 105 297 463 0.6415 133 0.7895
1998 2 8 24 123 420 463 0.9071 133 0.9248
1998 2 9 24 122 454 461 0.9848 139 0.8777
1998 2 10 24 126 455 462 0.9848 142 0.8873
1998 2 11 24 127 457 464 0.9849 142 0.8944
1998 2 12 24 126 457 468 0.9765 143 0.8811
1998 2 13 24 131 434 472 0.9195 143 0.9161
1998 2 14 24 134 467 473 0.9873 149 0.8993
1998 2 15 24 139 468 476 0.9832 149 0.9329
1998 2 16 24 116 312 500 0.624 154 0.7532
1998 2 17 24 62 0 500 0 158 0.3924
1998 2 18 24 145 479 500 0.958 160 0.9062
1998 2 19 24 146 475 496 0.9577 162 0.9012
1998 2 20 24 150 491 507 0.9684 164 0.9146
1998 2 21 24 135 373 512 0.7285 165 0.8182
1998 2 22 24 50 51 518 0.0985 170 0.2941
1998 2 23 24 117 90 520 0.1731 177 0.661
1998 2 24 24 156 451 530 0.8509 177 0.8814
1998 2 25 24 113 149 541 0.2754 179 0.6313
1998 2 26 24 165 540 546 0.989 180 0.9167
1998 2 27 24 168 545 546 0.9982 185 0.9081
1998 2 28 24 159 450 548 0.8212 185 0.8595
1998 3 1 24 107 70 554 0.1264 196 0.5459
1998 3 2 24 168 546 557 0.9803 196 0.8571
1998 3 3 24 117 140 558 0.2509 198 0.5909
1998 3 4 24 111 103 562 0.1833 205 0.5415
1998 3 5 24 114 180 566 0.318 205 0.5561
1998 3 6 24 119 100 569 0.1757 208 0.5721
1998 3 7 24 131 138 571 0.2417 209 0.6268
1998 3 8 24 92 9 574 0.0157 211 0.436
1998 3 9 24 109 29 576 0.0503 213 0.5117
1998 3 10 24 203 456 578 0.7889 213 0.9531
1998 3 11 24 140 58 579 0.1002 217 0.6452
1998 3 12 24 73 0 580 0 219 0.3333
1998 3 13 24 153 191 581 0.3287 223 0.6861
1998 3 14 24 68 0 586 0 226 0.3009
1998 3 15 24 70 0 587 0 229 0.3057
1998 3 16 24 107 0 590 0 229 0.4672
1998 3 17 24 117 83 590 0.1407 234 0.5
1998 3 18 24 221 587 594 0.9882 236 0.9364
1998 3 19 24 153 198 597 0.3317 240 0.6375
1998 3 20 24 127 25 600 0.0417 242 0.5248
1998 3 21 24 149 52 603 0.0862 245 0.6082
1998 3 22 24 233 556 603 0.9221 245 0.951
1998 3 23 24 92 0 606 0 245 0.3755
1998 3 24 24 203 240 610 0.3934 249 0.8153
1998 3 25 24 244 610 612 0.9967 260 0.9385
1998 3 26 24 250 612 613 0.9984 260 0.9615
1998 3 27 24 145 13 615 0.0211 266 0.5451
1998 3 28 24 224 522 617 0.846 266 0.8421
1998 3 29 24 243 615 617 0.9968 266 0.9135
1998 3 30 24 232 611 620 0.9855 263 0.8821
1998 3 31 24 237 619 622 0.9952 282 0.8404
1998 4 1 24 216 464 623 0.7448 282 0.766
1998 4 2 24 150 154 624 0.2468 282 0.5319
1998 4 3 24 162 134 625 0.2144 277 0.5848
1998 4 4 24 80 37 625 0.0592 277 0.2888
1998 4 5 24 149 45 627 0.0718 277 0.5379
1998 4 6 24 177 137 629 0.2178 291 0.6082
1998 4 7 24 102 19 629 0.0302 291 0.3505
1998 4 8 24 245 488 631 0.7734 291 0.8419
1998 4 9 24 229 350 631 0.5547 287 0.7979
1998 4 10 24 162 182 632 0.288 296 0.5473
1998 4 11 24 229 354 633 0.5592 299 0.7659
1998 4 12 24 139 7 633 0.0111 299 0.4649
1998 4 13 24 138 46 633 0.0727 300 0.46
1998 4 14 24 237 389 634 0.6136 303 0.7822
1998 4 15 24 162 9 634 0.0142 307 0.5277
1998 4 16 24 199 183 634 0.2886 307 0.6482
1998 4 17 24 159 83 634 0.1309 307 0.5179
1998 4 18 24 202 190 637 0.2983 309 0.6537
1998 4 19 24 197 113 637 0.1774 320 0.6156
1998 4 20 24 293 632 638 0.9906 320 0.9156
1998 4 21 24 260 427 639 0.6682 320 0.8125
1998 4 22 24 296 636 639 0.9953 320 0.925
1998 4 23 24 199 282 640 0.4406 320 0.6219
1998 4 24 24 111 8 640 0.0125 320 0.3469
1998 4 25 24 283 576 640 0.9 316 0.8956
1998 4 26 24 250 434 642 0.676 316 0.7911
1998 4 27 24 255 396 642 0.6168 315 0.8095
1998 4 28 24 114 0 642 0 337 0.3383
1998 4 29 24 242 200 643 0.311 337 0.7181
1998 4 30 24 252 335 643 0.521 337 0.7478
1998 5 1 24 166 95 643 0.1477 332 0.5
1998 5 2 24 95 0 642 0 333 0.2853
1998 5 3 24 296 520 642 0.81 354 0.8362
1998 5 4 24 152 5 645 0.0078 354 0.4294
1998 5 5 24 310 597 645 0.9256 354 0.8757
1998 5 6 24 108 0 647 0 353 0.3059
1998 5 7 24 320 640 647 0.9892 353 0.9065
1998 5 8 24 315 645 647 0.9969 353 0.8924
1998 5 9 24 303 630 648 0.9722 344 0.8808
1998 5 10 24 316 647 648 0.9985 344 0.9186
1998 5 11 24 317 648 649 0.9985 344 0.9215
1998 5 12 24 309 639 651 0.9816 341 0.9062
1998 5 13 24 259 418 654 0.6391 353 0.7337
1998 5 14 24 202 312 656 0.4756 353 0.5722
1998 5 15 24 331 651 656 0.9924 353 0.9377
1998 5 16 24 334 633 659 0.9605 355 0.9408
1998 5 17 24 201 173 673 0.2571 355 0.5662
1998 5 18 24 179 132 688 0.1919 360 0.4972
1998 5 19 24 289 479 692 0.6922 360 0.8028
1998 5 20 24 322 621 692 0.8974 360 0.8944
1998 5 21 24 174 162 697 0.2324 359 0.4847
1998 5 22 24 225 246 699 0.3519 359 0.6267
1998 5 23 24 314 543 702 0.7735 363 0.865
1998 5 24 24 235 240 705 0.3404 363 0.6474
1998 5 25 24 175 38 706 0.0538 363 0.4821
1998 5 26 24 177 166 706 0.2351 358 0.4944
1998 5 27 24 138 61 708 0.0862 362 0.3812
1998 5 28 24 237 211 713 0.2959 369 0.6423
1998 5 29 24 95 0 714 0 369 0.2575
1998 5 30 24 285 429 715 0.6 369 0.7724
1998 5 31 24 165 128 717 0.1785 363 0.4545
1998 6 1 24 333 663 717 0.9247 363 0.9174
1998 6 2 24 282 461 718 0.6421 361 0.7812
1998 6 3 24 136 108 718 0.1504 370 0.3676
1998 6 4 24 253 364 718 0.507 370 0.6838
1998 6 5 24 293 507 698 0.7264 375 0.7813
1998 6 6 24 277 496 725 0.6841 376 0.7367
1998 6 7 24 189 205 725 0.2828 376 0.5027
1998 6 8 24 205 135 727 0.1857 376 0.5452
1998 6 9 24 352 727 727 1 366 0.9617
1998 6 10 24 231 319 727 0.4388 366 0.6311
1998 6 11 24 160 6 729 0.0082 384 0.4167
1998 6 12 24 111 0 729 0 384 0.2891
1998 6 13 24 283 195 730 0.2671 384 0.737
1998 6 14 24 325 479 730 0.6562 363 0.8953
1998 6 15 24 146 28 730 0.0384 367 0.3978
1998 6 16 24 220 165 728 0.2266 367 0.5995
1998 6 17 24 234 230 733 0.3138 367 0.6376
1998 6 18 24 258 262 733 0.3574 366 0.7049
1998 6 19 24 286 312 733 0.4256 367 0.7793
1998 6 20 24 343 733 733 1 367 0.9346
1998 6 21 24 336 731 733 0.9973 368 0.913
1998 6 22 24 320 552 733 0.7531 373 0.8579
1998 6 23 24 239 309 733 0.4216 373 0.6408
1998 6 24 24 295 439 733 0.5989 373 0.7909
1998 6 25 24 246 430 733 0.5866 367 0.6703
1998 6 26 24 172 156 733 0.2128 361 0.4765
1998 6 27 24 244 329 731 0.4501 363 0.6722
1998 6 28 24 264 377 731 0.5157 363 0.7273
1998 6 29 24 331 616 731 0.8427 363 0.9118
1998 6 30 24 225 306 728 0.4203 360 0.625
1998 7 1 24 227 309 728 0.4245 365 0.6219
1998 7 2 24 182 119 727 0.1637 365 0.4986
1998 7 3 24 123 11 727 0.0151 365 0.337
1998 7 4 24 275 402 726 0.5537 360 0.7639
1998 7 5 24 127 8 721 0.0111 360 0.3528
1998 7 6 24 334 585 721 0.8114 356 0.9382
1998 7 7 24 66 18 721 0.025 365 0.1808
1998 7 8 24 107 23 720 0.0319 365 0.2932
1998 7 9 24 114 6 719 0.0083 365 0.3123
1998 7 10 24 183 121 719 0.1683 362 0.5055
1998 7 11 24 281 419 717 0.5844 357 0.7871
1998 7 12 24 323 534 717 0.7448 354 0.9124
1998 7 13 24 276 512 716 0.7151 350 0.7886
1998 7 14 24 242 298 712 0.4185 354 0.6836
1998 7 15 24 292 423 712 0.5941 354 0.8249
1998 7 16 24 131 117 750 0.156 354 0.3701
1998 7 17 24 316 543 750 0.724 350 0.9029
1998 7 18 24 258 456 750 0.608 348 0.7414
1998 7 19 24 244 491 705 0.6965 347 0.7032
1998 7 20 24 312 644 700 0.92 347 0.8991
1998 7 21 24 300 615 699 0.8798 346 0.8671
1998 7 22 24 241 344 697 0.4935 346 0.6965
1998 7 23 24 269 535 696 0.7687 336 0.8006
1998 7 24 24 312 603 696 0.8664 334 0.9341
1998 7 25 24 106 30 684 0.0439 331 0.3202
1998 7 26 24 275 485 678 0.7153 331 0.8308
1998 7 27 24 70 82 662 0.1239 331 0.2115
1998 7 28 24 143 55 657 0.0837 330 0.4333
1998 7 29 24 290 488 673 0.7251 330 0.8788
1998 7 30 24 284 526 673 0.7816 327 0.8685
1998 7 31 24 170 138 673 0.2051 327 0.5199
1998 8 1 24 155 208 651 0.3195 327 0.474
1998 8 2 24 262 421 651 0.6467 327 0.8012
1998 8 3 24 83 4 648 0.0062 326 0.2546
1998 8 4 24 250 410 648 0.6327 325 0.7692
1998 8 5 24 274 427 648 0.659 317 0.8644
1998 8 6 24 304 644 648 0.9938 317 0.959
1998 8 7 24 303 644 646 0.9969 317 0.9558
1998 8 8 24 296 643 716 0.898 317 0.9338
1998 8 9 24 295 642 716 0.8966 314 0.9395
1998 8 10 24 289 614 716 0.8575 314 0.9204
1998 8 11 24 293 640 700 0.9143 305 0.9607
1998 8 12 24 275 612 700 0.8743 315 0.873
1998 8 13 24 162 228 700 0.3257 315 0.5143
1998 8 14 24 273 572 642 0.891 315 0.8667
1998 8 15 24 153 265 641 0.4134 304 0.5033
1998 8 16 24 253 603 641 0.9407 300 0.8433
1998 8 17 24 241 442 640 0.6906 302 0.798
1998 8 18 24 46 0 640 0 302 0.1523
1998 8 19 24 147 25 639 0.0391 302 0.4868
1998 8 20 24 226 408 639 0.6385 296 0.7635
1998 8 21 24 98 60 638 0.094 302 0.3245
1998 8 22 24 192 233 638 0.3652 302 0.6358
1998 8 23 24 260 530 636 0.8333 302 0.8609
1998 8 24 24 69 0 636 0 288 0.2396
1998 8 25 24 261 497 635 0.7827 288 0.9062
1998 8 26 24 273 633 635 0.9969 282 0.9681
1998 8 27 24 202 304 634 0.4795 289 0.699
1998 8 28 24 289 476 633 0.752 289 1
1998 8 29 24 243 419 633 0.6619 289 0.8408
1998 8 30 24 210 276 633 0.436 280 0.75
1998 8 31 24 280 586 633 0.9258 280 1
1998 9 1 24 144 198 632 0.3133 280 0.5143
1998 9 2 24 193 439 630 0.6968 279 0.6918
1998 9 3 24 53 31 628 0.0494 264 0.2008
1998 9 4 24 214 457 628 0.7277 264 0.8106
1998 9 5 24 50 3 628 0.0048 266 0.188
1998 9 6 24 211 383 628 0.6099 266 0.7932
1998 9 7 24 132 194 626 0.3099 266 0.4962
1998 9 8 24 82 7 626 0.0112 259 0.3166
1998 9 9 24 237 604 624 0.9679 259 0.9151
1998 9 10 24 229 516 624 0.8269 250 0.916
1998 9 11 24 28 0 623 0 249 0.1124
1998 9 12 24 41 0 621 0 249 0.1647
1998 9 13 24 101 93 620 0.15 249 0.4056
1998 9 14 24 121 51 617 0.0827 245 0.4939
1998 9 15 24 123 35 615 0.0569 244 0.5041
1998 9 16 24 170 249 614 0.4055 241 0.7054
1998 9 17 24 75 14 612 0.0229 251 0.2988
1998 9 18 24 112 89 611 0.1457 251 0.4462
1998 9 19 24 227 607 610 0.9951 251 0.9044
1998 9 20 24 222 600 608 0.9868 236 0.9407
1998 9 21 24 213 585 604 0.9685 233 0.9142
1998 9 22 24 152 238 601 0.396 233 0.6524
1998 9 23 24 164 406 599 0.6778 224 0.7321
1998 9 24 24 204 575 596 0.9648 224 0.9107
1998 9 25 24 157 275 594 0.463 222 0.7072
1998 9 26 24 129 199 592 0.3361 214 0.6028
1998 9 27 24 96 99 590 0.1678 212 0.4528
1998 9 28 24 102 62 588 0.1054 211 0.4834
1998 9 29 24 121 216 586 0.3686 211 0.5735
1998 9 30 24 46 0 581 0 210 0.219
1998 10 1 24 58 12 580 0.0207 207 0.2802
1998 10 2 24 160 396 579 0.6839 204 0.7843
1998 10 3 24 128 175 578 0.3028 197 0.6497
1998 10 4 24 45 0 576 0 197 0.2284
1998 10 5 24 68 4 574 0.007 195 0.3487
1998 10 6 24 84 137 572 0.2395 191 0.4398
1998 10 7 24 17 0 567 0 190 0.0895
1998 10 8 24 59 0 567 0 187 0.3155
1998 10 9 24 140 315 562 0.5605 185 0.7568
1998 10 10 24 144 264 559 0.4723 182 0.7912
1998 10 11 24 128 311 557 0.5583 181 0.7072
1998 10 12 24 131 215 555 0.3874 178 0.736
1998 10 13 24 149 367 551 0.6661 178 0.8371
1998 10 14 24 49 0 548 0 175 0.28
1998 10 15 24 155 384 546 0.7033 175 0.8857
1998 10 16 24 154 525 544 0.9651 171 0.9006
1998 10 17 24 109 313 539 0.5807 169 0.645
1998 10 18 24 43 3 529 0.0057 165 0.2606
1998 10 19 24 19 0 519 0 162 0.1173
1998 10 20 24 88 57 517 0.1103 162 0.5432
1998 10 21 24 88 60 510 0.1176 159 0.5535
1998 10 22 24 136 481 502 0.9582 159 0.8553
1998 10 23 24 110 292 493 0.5923 154 0.7143
1998 10 24 24 125 379 489 0.7751 150 0.8333
1998 10 25 24 101 178 483 0.3685 150 0.6733
1998 10 26 24 106 234 480 0.4875 149 0.7114
1998 10 27 24 93 149 480 0.3104 144 0.6458
1998 10 28 24 85 177 472 0.375 142 0.5986
1998 10 29 24 52 65 470 0.1383 138 0.3768
1998 10 30 24 65 66 465 0.1419 134 0.4851
1998 10 31 24 104 262 463 0.5659 133 0.782
1998 11 1 24 39 7 462 0.0152 130 0.3
1998 11 2 24 122 455 461 0.987 130 0.9385
1998 11 3 24 44 61 460 0.1326 129 0.3411
1998 11 4 24 20 0 460 0 125 0.16
1998 11 5 24 125 400 458 0.8734 125 1
1998 11 6 24 118 444 451 0.9845 125 0.944
1998 11 7 24 116 441 449 0.9822 121 0.9587
1998 11 8 24 107 369 445 0.8292 121 0.8843
1998 11 9 24 29 0 443 0 118 0.2458
1998 11 10 24 26 0 441 0 118 0.2203
1998 11 11 24 57 56 439 0.1276 114 0.5
1998 11 12 24 89 392 435 0.9011 114 0.7807
1998 11 13 24 91 334 431 0.7749 108 0.8426
1998 11 14 24 52 82 428 0.1916 108 0.4815
1998 11 15 24 53 16 423 0.0378 106 0.5
1998 11 16 24 52 0 421 0 104 0.5
1998 11 17 24 74 153 419 0.3652 104 0.7115
1998 11 18 24 102 411 417 0.9856 104 0.9808
1998 11 19 24 80 184 415 0.4434 102 0.7843
1998 11 20 24 81 292 414 0.7053 99 0.8182
1998 11 21 24 94 401 410 0.978 99 0.9495
1998 11 22 24 91 399 407 0.9803 99 0.9192
1998 11 23 24 56 16 405 0.0395 97 0.5773
1998 11 24 24 72 151 403 0.3747 97 0.7423
1998 11 25 24 53 21 401 0.0524 96 0.5521
1998 11 26 24 44 2 399 0.005 96 0.4583
1998 11 27 24 37 9 396 0.0227 89 0.4157
1998 11 28 24 84 388 395 0.9823 89 0.9438
1998 11 29 24 80 286 392 0.7296 86 0.9302
1998 11 30 24 47 1 391 0.0026 102 0.4608
1998 12 1 24 81 382 389 0.982 102 0.7941
1998 12 2 24 71 248 388 0.6392 102 0.6961
1998 12 3 24 72 286 387 0.739 86 0.8372
1998 12 4 24 64 281 387 0.7261 86 0.7442
1998 12 5 24 36 0 387 0 86 0.4186
1998 12 6 24 26 0 386 0 81 0.321
1998 12 7 24 34 0 381 0 89 0.382
1998 12 8 24 77 365 380 0.9605 89 0.8652
1998 12 9 24 71 252 379 0.6649 89 0.7978
1998 12 10 24 32 0 377 0 80 0.4
1998 12 11 24 29 0 377 0 80 0.3625
1998 12 12 24 51 118 377 0.313 81 0.6296
1998 12 13 24 52 139 375 0.3707 81 0.642
1998 12 14 24 46 6 375 0.016 81 0.5679
1998 12 15 24 60 326 375 0.8693 76 0.7895
1998 12 16 24 56 212 374 0.5668 85 0.6588
1998 12 17 24 65 352 374 0.9412 85 0.7647
1998 12 18 24 72 366 374 0.9786 85 0.8471
1998 12 19 24 45 139 386 0.3601 84 0.5357
1998 12 20 24 51 70 386 0.1813 84 0.6071
1998 12 21 24 37 0 386 0 84 0.4405
1998 12 22 24 60 187 373 0.5013 78 0.7692
1998 12 23 24 73 366 373 0.9812 82 0.8902
1998 12 24 24 43 0 373 0 82 0.5244
1998 12 25 24 72 366 373 0.9812 82 0.878
1998 12 26 24 58 215 374 0.5749 77 0.7532
1998 12 27 24 57 232 374 0.6203 77 0.7403
1998 12 28 24 71 354 374 0.9465 77 0.9221
1998 12 29 24 66 316 375 0.8427 79 0.8354
1998 12 30 24 74 369 376 0.9814 79 0.9367
1998 12 31 24 55 140 377 0.3714 79 0.6962
1999 1 1 24 68 191 377 0.5066 79 0.8608
1999 1 2 24 62 287 378 0.7593 81 0.7654
1999 1 3 24 69 246 378 0.6508 81 0.8519
1999 1 4 24 51 98 379 0.2586 81 0.6296
1999 1 5 24 62 271 381 0.7113 93 0.6667
1999 1 6 24 77 372 382 0.9738 93 0.828
1999 1 7 24 67 269 384 0.7005 93 0.7204
1999 1 8 24 25 0 385 0 86 0.2907
1999 1 9 24 70 227 387 0.5866 87 0.8046
1999 1 10 24 53 63 387 0.1628 93 0.5699
1999 1 11 24 35 0 389 0 93 0.3763
1999 1 12 24 45 1 390 0.0026 93 0.4839
1999 1 13 24 35 0 392 0 91 0.3846
1999 1 14 24 47 22 394 0.0558 92 0.5109
1999 1 15 24 85 389 396 0.9823 92 0.9239
1999 1 16 24 82 285 400 0.7125 92 0.8913
1999 1 17 24 89 393 401 0.98 94 0.9468
1999 1 18 24 85 396 403 0.9826 96 0.8854
1999 1 19 24 90 398 405 0.9827 99 0.9091
1999 1 20 24 91 400 408 0.9804 99 0.9192
1999 1 21 24 95 401 417 0.9616 107 0.8879
1999 1 22 24 97 404 417 0.9688 107 0.9065
1999 1 23 24 93 408 417 0.9784 107 0.8692
1999 1 24 24 93 364 417 0.8729 106 0.8774
1999 1 25 24 96 376 420 0.8952 108 0.8889
1999 1 26 24 62 62 427 0.1452 112 0.5536
1999 1 27 24 30 4 427 0.0094 112 0.2679
1999 1 28 24 19 0 429 0 113 0.1681
1999 1 29 24 98 258 432 0.5972 117 0.8376
1999 1 30 24 63 4 436 0.0092 117 0.5385
1999 1 31 24 113 416 439 0.9476 118 0.9576
1999 2 1 24 107 315 441 0.7143 119 0.8992
1999 2 2 24 98 292 444 0.6577 120 0.8167
1999 2 3 24 104 313 446 0.7018 125 0.832
1999 2 4 24 72 57 449 0.1269 127 0.5669
1999 2 5 24 42 2 452 0.0044 132 0.3182
1999 2 6 24 21 0 463 0 132 0.1591
1999 2 7 24 36 0 463 0 133 0.2707
1999 2 8 24 45 0 463 0 133 0.3383
1999 2 9 24 37 0 461 0 139 0.2662
1999 2 10 24 111 222 462 0.4805 142 0.7817
1999 2 11 24 85 0 464 0 142 0.5986
1999 2 12 24 139 423 468 0.9038 143 0.972
1999 2 13 24 127 410 472 0.8686 143 0.8881
1999 2 14 24 105 135 473 0.2854 149 0.7047
1999 2 15 24 148 468 476 0.9832 149 0.9933
1999 2 16 24 82 33 500 0.066 154 0.5325
1999 2 17 24 28 0 500 0 158 0.1772
1999 2 18 24 31 0 500 0 160 0.1938
1999 2 19 24 72 0 496 0 162 0.4444
1999 2 20 24 66 0 507 0 164 0.4024
1999 2 21 24 50 0 512 0 165 0.303
1999 2 22 24 40 0 518 0 170 0.2353
1999 2 23 24 40 0 520 0 177 0.226
1999 2 24 24 70 0 530 0 177 0.3955
1999 2 25 24 171 516 541 0.9538 179 0.9553
1999 2 26 24 171 514 546 0.9414 180 0.95
1999 2 27 24 168 545 546 0.9982 185 0.9081
1999 2 28 24 164 535 548 0.9763 185 0.8865
1999 3 1 24 152 376 554 0.6787 196 0.7755
1999 3 2 24 93 0 557 0 196 0.4745
1999 3 3 24 153 260 558 0.4659 198 0.7727
1999 3 4 24 63 7 562 0.0125 205 0.3073
1999 3 5 24 106 19 566 0.0336 205 0.5171
1999 3 6 24 136 179 569 0.3146 208 0.6538
1999 3 7 24 154 80 571 0.1401 209 0.7368
1999 3 8 24 174 317 574 0.5523 211 0.8246
1999 3 9 24 182 280 576 0.4861 213 0.8545
1999 3 10 24 172 356 578 0.6159 213 0.8075
1999 3 11 24 196 484 579 0.8359 217 0.9032
1999 3 12 24 196 578 580 0.9966 219 0.895
1999 3 13 24 208 561 581 0.9656 223 0.9327
1999 3 14 24 181 413 586 0.7048 226 0.8009
1999 3 15 24 208 564 587 0.9608 229 0.9083
1999 3 16 24 204 487 590 0.8254 229 0.8908
1999 3 17 24 217 588 590 0.9966 234 0.9274
1999 3 18 24 225 587 594 0.9882 236 0.9534
1999 3 19 24 139 171 597 0.2864 240 0.5792
1999 3 20 24 145 56 600 0.0933 242 0.5992
1999 3 21 24 163 125 603 0.2073 245 0.6653
1999 3 22 24 127 21 603 0.0348 245 0.5184
1999 3 23 24 123 0 606 0 245 0.502
1999 3 24 24 242 596 610 0.977 249 0.9719
1999 3 25 24 161 216 612 0.3529 260 0.6192
1999 3 26 24 143 138 613 0.2251 260 0.55
1999 3 27 24 153 181 615 0.2943 266 0.5752
1999 3 28 24 134 2 617 0.0032 266 0.5038
1999 3 29 24 230 446 617 0.7229 266 0.8647
1999 3 30 24 248 600 620 0.9677 263 0.943
1999 3 31 24 252 618 622 0.9936 282 0.8936
1999 4 1 24 255 621 623 0.9968 282 0.9043
1999 4 2 24 202 369 624 0.5913 282 0.7163
1999 4 3 24 235 545 625 0.872 277 0.8484
1999 4 4 24 143 27 625 0.0432 277 0.5162
1999 4 5 24 235 364 627 0.5805 277 0.8484
1999 4 6 24 226 450 629 0.7154 291 0.7766
1999 4 7 24 63 0 629 0 291 0.2165
1999 4 8 24 157 22 631 0.0349 291 0.5395
1999 4 9 24 202 108 631 0.1712 287 0.7038
1999 4 10 24 281 629 632 0.9953 296 0.9493
1999 4 11 24 127 1 633 0.0016 299 0.4247
1999 4 12 24 176 233 633 0.3681 299 0.5886
1999 4 13 24 185 96 633 0.1517 300 0.6167
1999 4 14 24 275 482 634 0.7603 303 0.9076
1999 4 15 24 142 76 634 0.1199 307 0.4625
1999 4 16 24 42 0 634 0 307 0.1368
1999 4 17 24 220 124 634 0.1956 307 0.7166
1999 4 18 24 204 90 637 0.1413 309 0.6602
1999 4 19 24 223 201 637 0.3155 320 0.6969
1999 4 20 24 245 189 638 0.2962 320 0.7656
1999 4 21 24 119 0 639 0 320 0.3719
1999 4 22 24 221 203 639 0.3177 320 0.6906
1999 4 23 24 239 339 640 0.5297 320 0.7469
1999 4 24 24 181 34 640 0.0531 320 0.5656
1999 4 25 24 261 407 640 0.6359 316 0.8259
1999 4 26 24 226 271 642 0.4221 316 0.7152
1999 4 27 24 218 133 642 0.2072 315 0.6921
1999 4 28 24 237 266 642 0.4143 337 0.7033
1999 4 29 24 278 522 643 0.8118 337 0.8249
1999 4 30 24 118 0 643 0 337 0.3501
1999 5 1 24 223 195 643 0.3033 332 0.6717
1999 5 2 24 262 489 642 0.7617 333 0.7868
1999 5 3 24 306 611 642 0.9517 354 0.8644
1999 5 4 24 197 130 645 0.2016 354 0.5565
1999 5 5 24 96 0 645 0 354 0.2712
1999 5 6 24 99 0 647 0 353 0.2805
1999 5 7 24 296 537 647 0.83 353 0.8385
1999 5 8 24 92 46 647 0.0711 353 0.2606
1999 5 9 24 304 477 648 0.7361 344 0.8837
1999 5 10 24 291 478 648 0.7377 344 0.8459
1999 5 11 24 184 30 649 0.0462 344 0.5349
1999 5 12 24 156 45 651 0.0691 341 0.4575
1999 5 13 24 95 336 654 0.5138 353 0.2691
1999 5 14 24 101 0 656 0 353 0.2861
1999 5 15 24 166 19 656 0.029 353 0.4703
1999 5 16 24 244 332 659 0.5038 355 0.6873
1999 5 17 24 130 38 673 0.0565 355 0.3662
1999 5 18 24 243 376 688 0.5465 360 0.675
1999 5 19 24 162 115 692 0.1662 360 0.45
1999 5 20 24 153 104 692 0.1503 360 0.425
1999 5 21 24 85 0 697 0 359 0.2368
1999 5 22 24 86 0 699 0 359 0.2396
1999 5 23 24 338 478 702 0.6809 363 0.9311
1999 5 24 24 346 699 705 0.9915 363 0.9532
1999 5 25 24 233 233 706 0.33 363 0.6419
1999 5 26 24 344 699 706 0.9901 358 0.9609
1999 5 27 24 298 583 708 0.8234 362 0.8232
1999 5 28 24 251 443 713 0.6213 369 0.6802
1999 5 29 24 338 673 714 0.9426 369 0.916
1999 5 30 24 277 498 715 0.6965 369 0.7507
1999 5 31 24 227 379 717 0.5286 363 0.6253
1999 6 1 24 331 654 717 0.9121 363 0.9118
1999 6 2 24 274 458 718 0.6379 361 0.759
1999 6 3 24 351 718 718 1 370 0.9486
1999 6 4 24 236 168 718 0.234 370 0.6378
1999 6 5 24 306 492 698 0.7049 375 0.816
1999 6 6 24 33 0 725 0 376 0.0878
1999 6 7 24 159 198 725 0.2731 376 0.4229
1999 6 8 24 146 120 727 0.1651 376 0.3883
1999 6 9 24 345 632 727 0.8693 366 0.9426
1999 6 10 24 139 111 727 0.1527 366 0.3798
1999 6 11 24 97 0 729 0 384 0.2526
1999 6 12 24 219 216 729 0.2963 384 0.5703
1999 6 13 24 210 151 730 0.2068 384 0.5469
1999 6 14 24 184 108 730 0.1479 363 0.5069
1999 6 15 24 313 523 730 0.7164 367 0.8529
1999 6 16 24 143 20 728 0.0275 367 0.3896
1999 6 17 24 257 292 733 0.3984 367 0.7003
1999 6 18 24 77 3 733 0.0041 366 0.2104
1999 6 19 24 187 130 733 0.1774 367 0.5095
1999 6 20 24 323 592 733 0.8076 367 0.8801
1999 6 21 24 167 153 733 0.2087 368 0.4538
1999 6 22 24 98 0 733 0 373 0.2627
1999 6 23 24 373 733 733 1 373 1
1999 6 24 24 366 725 733 0.9891 373 0.9812
1999 6 25 24 358 733 733 1 367 0.9755
1999 6 26 24 224 257 733 0.3506 361 0.6205
1999 6 27 24 115 46 731 0.0629 363 0.3168
1999 6 28 24 285 325 731 0.4446 363 0.7851
1999 6 29 24 257 408 731 0.5581 363 0.708
1999 6 30 24 220 208 728 0.2857 360 0.6111
1999 7 1 24 327 601 728 0.8255 365 0.8959
1999 7 2 24 351 726 727 0.9986 365 0.9616
1999 7 3 24 328 627 727 0.8624 365 0.8986
1999 7 4 24 320 635 726 0.8747 360 0.8889
1999 7 5 24 270 489 721 0.6782 360 0.75
1999 7 6 24 98 38 721 0.0527 356 0.2753
1999 7 7 24 126 58 721 0.0804 365 0.3452
1999 7 8 24 128 10 720 0.0139 365 0.3507
1999 7 9 24 229 161 719 0.2239 365 0.6274
1999 7 10 24 143 0 719 0 362 0.395
1999 7 11 24 150 167 717 0.2329 357 0.4202
1999 7 12 24 111 6 717 0.0084 354 0.3136
1999 7 13 24 219 285 716 0.398 350 0.6257
1999 7 14 24 103 34 712 0.0478 354 0.291
1999 7 15 24 254 251 712 0.3525 354 0.7175
1999 7 16 24 280 403 750 0.5373 354 0.791
1999 7 17 24 344 703 750 0.9373 350 0.9829
1999 7 18 24 313 603 750 0.804 348 0.8994
1999 7 19 24 256 437 705 0.6199 347 0.7378
1999 7 20 24 221 322 700 0.46 347 0.6369
1999 7 21 24 272 495 699 0.7082 346 0.7861
1999 7 22 24 57 5 697 0.0072 346 0.1647
1999 7 23 24 83 0 696 0 336 0.247
1999 7 24 24 328 587 696 0.8434 334 0.982
1999 7 25 24 326 678 684 0.9912 331 0.9849
1999 7 26 24 318 645 678 0.9513 331 0.9607
1999 7 27 24 256 438 662 0.6616 331 0.7734
1999 7 28 24 95 4 657 0.0061 330 0.2879
1999 7 29 24 277 414 673 0.6152 330 0.8394
1999 7 30 24 310 581 673 0.8633 327 0.948
1999 7 31 24 309 581 673 0.8633 327 0.945
1999 8 1 24 214 272 651 0.4178 327 0.6544
1999 8 2 24 208 358 651 0.5499 327 0.6361
1999 8 3 24 126 159 648 0.2454 326 0.3865
1999 8 4 24 237 280 648 0.4321 325 0.7292
1999 8 5 24 204 250 648 0.3858 317 0.6435
1999 8 6 24 229 332 648 0.5123 317 0.7224
1999 8 7 24 244 386 646 0.5975 317 0.7697
1999 8 8 24 167 222 716 0.3101 317 0.5268
1999 8 9 24 283 550 716 0.7682 314 0.9013
1999 8 10 24 159 258 716 0.3603 314 0.5064
1999 8 11 24 108 63 700 0.09 305 0.3541
1999 8 12 24 142 76 700 0.1086 315 0.4508
1999 8 13 24 148 18 700 0.0257 315 0.4698
1999 8 14 24 146 74 642 0.1153 315 0.4635
1999 8 15 24 232 345 641 0.5382 304 0.7632
1999 8 16 24 90 86 641 0.1342 300 0.3
1999 8 17 24 221 285 640 0.4453 302 0.7318
1999 8 18 24 191 248 640 0.3875 302 0.6325
1999 8 19 24 153 197 639 0.3083 302 0.5066
1999 8 20 24 49 0 639 0 296 0.1655
1999 8 21 24 205 224 638 0.3511 302 0.6788
1999 8 22 24 278 583 638 0.9138 302 0.9205
1999 8 23 24 172 203 636 0.3192 302 0.5695
1999 8 24 24 95 10 636 0.0157 288 0.3299
1999 8 25 24 238 558 635 0.8787 288 0.8264
1999 8 26 24 111 102 635 0.1606 282 0.3936
1999 8 27 24 98 3 634 0.0047 289 0.3391
1999 8 28 24 152 217 633 0.3428 289 0.526
1999 8 29 24 180 288 633 0.455 289 0.6228
1999 8 30 24 239 446 633 0.7046 280 0.8536
1999 8 31 24 254 591 633 0.9336 280 0.9071
1999 9 1 24 189 332 632 0.5253 280 0.675
1999 9 2 24 255 531 630 0.8429 279 0.914
1999 9 3 24 211 424 628 0.6752 264 0.7992
1999 9 4 24 118 57 628 0.0908 264 0.447
1999 9 5 24 121 45 628 0.0717 266 0.4549
1999 9 6 24 189 324 628 0.5159 266 0.7105
1999 9 7 24 156 214 626 0.3419 266 0.5865
1999 9 8 24 242 615 626 0.9824 259 0.9344
1999 9 9 24 232 533 624 0.8542 259 0.8958
1999 9 10 24 235 623 624 0.9984 250 0.94
1999 9 11 24 213 548 623 0.8796 249 0.8554
1999 9 12 24 231 620 621 0.9984 249 0.9277
1999 9 13 24 228 614 620 0.9903 249 0.9157
1999 9 14 24 228 615 617 0.9968 245 0.9306
1999 9 15 24 215 613 615 0.9967 244 0.8811
1999 9 16 24 83 4 614 0.0065 241 0.3444
1999 9 17 24 164 262 612 0.4281 251 0.6534
1999 9 18 24 83 25 611 0.0409 251 0.3307
1999 9 19 24 94 82 610 0.1344 251 0.3745
1999 9 20 24 32 16 608 0.0263 236 0.1356
1999 9 21 24 191 368 604 0.6093 233 0.8197
1999 9 22 24 173 438 601 0.7288 233 0.7425
1999 9 23 24 170 391 599 0.6528 224 0.7589
1999 9 24 24 204 593 596 0.995 224 0.9107
1999 9 25 24 41 10 594 0.0168 222 0.1847
1999 9 26 24 20 0 592 0 214 0.0935
1999 9 27 24 124 196 590 0.3322 212 0.5849
1999 9 28 24 67 78 588 0.1327 211 0.3175
1999 9 29 24 119 114 586 0.1945 211 0.564
1999 9 30 24 53 18 581 0.031 210 0.2524
1999 10 1 24 128 215 580 0.3707 207 0.6184
1999 10 2 24 142 312 579 0.5389 204 0.6961
1999 10 3 24 21 0 578 0 197 0.1066
1999 10 4 24 172 306 576 0.5312 197 0.8731
1999 10 5 24 127 108 574 0.1882 195 0.6513
1999 10 6 24 178 309 572 0.5402 191 0.9319
1999 10 7 24 187 565 567 0.9965 190 0.9842
1999 10 8 24 182 562 567 0.9912 187 0.9733
1999 10 9 24 160 422 562 0.7509 185 0.8649
1999 10 10 24 154 461 559 0.8247 182 0.8462
1999 10 11 24 170 555 557 0.9964 181 0.9392
1999 10 12 24 143 369 555 0.6649 178 0.8034
1999 10 13 24 130 378 551 0.686 178 0.7303
1999 10 14 24 162 543 548 0.9909 175 0.9257
1999 10 15 24 152 508 546 0.9304 175 0.8686
1999 10 16 24 160 539 544 0.9908 171 0.9357
1999 10 17 24 155 526 539 0.9759 169 0.9172
1999 10 18 24 134 464 529 0.8771 165 0.8121
1999 10 19 24 153 487 519 0.9383 162 0.9444
1999 10 20 24 98 204 517 0.3946 162 0.6049
1999 10 21 24 69 42 510 0.0824 159 0.434
1999 10 22 24 124 430 502 0.8566 159 0.7799
1999 10 23 24 55 31 493 0.0629 154 0.3571
1999 10 24 24 34 0 489 0 150 0.2267
1999 10 25 24 29 0 483 0 150 0.1933
1999 10 26 24 74 89 480 0.1854 149 0.4966
1999 10 27 24 130 469 480 0.9771 144 0.9028
1999 10 28 24 103 313 472 0.6631 142 0.7254
1999 10 29 24 56 31 470 0.066 138 0.4058
1999 10 30 24 86 238 465 0.5118 134 0.6418
1999 10 31 24 120 374 463 0.8078 133 0.9023
1999 11 1 24 119 455 462 0.9848 130 0.9154
1999 11 2 24 91 251 461 0.5445 130 0.7
1999 11 3 24 32 0 460 0 129 0.2481
1999 11 4 24 79 195 460 0.4239 125 0.632
1999 11 5 24 109 399 458 0.8712 125 0.872
1999 11 6 24 13 0 451 0 125 0.104
1999 11 7 24 44 3 449 0.0067 121 0.3636
1999 11 8 24 68 32 445 0.0719 121 0.562
1999 11 9 24 45 0 443 0 118 0.3814
1999 11 10 24 43 0 441 0 118 0.3644
1999 11 11 24 106 360 439 0.82 114 0.9298
1999 11 12 24 105 428 435 0.9839 114 0.9211
1999 11 13 24 101 424 431 0.9838 108 0.9352
1999 11 14 24 86 265 428 0.6192 108 0.7963
1999 11 15 24 79 154 423 0.3641 106 0.7453
1999 11 16 24 78 264 421 0.6271 104 0.75
1999 11 17 24 34 0 419 0 104 0.3269
1999 11 18 24 78 63 417 0.1511 104 0.75
1999 11 19 24 61 68 415 0.1639 102 0.598
1999 11 20 24 96 405 414 0.9783 99 0.9697
1999 11 21 24 42 0 410 0 99 0.4242
1999 11 22 24 85 329 407 0.8084 99 0.8586
1999 11 23 24 30 0 405 0 97 0.3093
1999 11 24 24 52 56 403 0.139 97 0.5361
1999 11 25 24 90 395 401 0.985 96 0.9375
1999 11 26 24 87 392 399 0.9825 96 0.9062
1999 11 27 24 88 390 396 0.9848 89 0.9888
1999 11 28 24 86 388 395 0.9823 89 0.9663
1999 11 29 24 85 387 392 0.9872 86 0.9884
1999 11 30 24 85 384 391 0.9821 102 0.8333
1999 12 1 24 66 113 389 0.2905 102 0.6471
1999 12 2 24 75 233 388 0.6005 102 0.7353
1999 12 3 24 77 343 387 0.8863 86 0.8953
1999 12 4 24 45 74 387 0.1912 86 0.5233
1999 12 5 24 48 90 387 0.2326 86 0.5581
1999 12 6 24 60 178 386 0.4611 81 0.7407
1999 12 7 24 70 221 381 0.5801 89 0.7865
1999 12 8 24 69 314 380 0.8263 89 0.7753
1999 12 9 24 48 20 379 0.0528 89 0.5393
1999 12 10 24 16 0 377 0 80 0.2
1999 12 11 24 46 81 377 0.2149 80 0.575
1999 12 12 24 39 7 377 0.0186 81 0.4815
1999 12 13 24 48 53 375 0.1413 81 0.5926
1999 12 14 24 28 0 375 0 81 0.3457
1999 12 15 24 45 1 375 0.0027 76 0.5921
1999 12 16 24 64 178 374 0.4759 85 0.7529
1999 12 17 24 76 341 374 0.9118 85 0.8941
1999 12 18 24 36 0 374 0 85 0.4235
1999 12 19 24 21 0 386 0 84 0.25
1999 12 20 24 67 263 386 0.6813 84 0.7976
1999 12 21 24 76 366 386 0.9482 84 0.9048
1999 12 22 24 74 366 373 0.9812 78 0.9487
1999 12 23 24 61 197 373 0.5282 82 0.7439
1999 12 24 24 71 357 373 0.9571 82 0.8659
1999 12 25 24 21 0 373 0 82 0.2561
1999 12 26 24 13 0 374 0 77 0.1688
1999 12 27 24 31 0 374 0 77 0.4026
1999 12 28 24 17 0 374 0 77 0.2208
1999 12 29 24 36 2 375 0.0053 79 0.4557
1999 12 30 24 58 133 376 0.3537 79 0.7342
1999 12 31 24 50 71 377 0.1883 79 0.6329
2000 1 1 24 50 75 377 0.1989 79 0.6329
2000 1 2 24 76 365 378 0.9656 81 0.9383
2000 1 3 24 77 371 378 0.9815 81 0.9506
2000 1 4 24 80 372 379 0.9815 81 0.9877
2000 1 5 24 70 247 381 0.6483 93 0.7527
2000 1 6 24 75 331 382 0.8665 93 0.8065
2000 1 7 24 74 357 384 0.9297 93 0.7957
2000 1 8 24 79 377 385 0.9792 86 0.9186
2000 1 9 24 51 0 387 0 87 0.5862
2000 1 10 24 40 0 387 0 93 0.4301
2000 1 11 24 76 296 389 0.7609 93 0.8172
2000 1 12 24 84 383 390 0.9821 93 0.9032
2000 1 13 24 87 385 392 0.9821 91 0.956
2000 1 14 24 86 387 394 0.9822 92 0.9348
2000 1 15 24 85 388 396 0.9798 92 0.9239
2000 1 16 24 88 391 400 0.9775 92 0.9565
2000 1 17 24 42 0 401 0 94 0.4468
2000 1 18 24 26 0 403 0 96 0.2708
2000 1 19 24 82 156 405 0.3852 99 0.8283
2000 1 20 24 99 394 408 0.9657 99 1
2000 1 21 24 34 0 417 0 107 0.3178
2000 1 22 24 59 31 417 0.0743 107 0.5514
2000 1 23 24 50 0 417 0 107 0.4673
2000 1 24 24 98 358 417 0.8585 106 0.9245
2000 1 25 24 106 412 420 0.981 108 0.9815
2000 1 26 24 106 415 427 0.9719 112 0.9464
2000 1 27 24 105 417 427 0.9766 112 0.9375
2000 1 28 24 104 415 429 0.9674 113 0.9204
2000 1 29 24 53 64 432 0.1481 117 0.453
2000 1 30 24 10 0 436 0 117 0.0855
2000 1 31 24 106 419 439 0.9544 118 0.8983
2000 2 1 24 111 434 441 0.9841 119 0.9328
2000 2 2 24 50 0 444 0 120 0.4167
2000 2 3 24 79 220 446 0.4933 125 0.632
2000 2 4 24 119 441 449 0.9822 127 0.937
2000 2 5 24 86 185 452 0.4093 132 0.6515
2000 2 6 24 102 255 463 0.5508 132 0.7727
2000 2 7 24 101 293 463 0.6328 133 0.7594
2000 2 8 24 70 18 463 0.0389 133 0.5263
2000 2 9 24 51 7 461 0.0152 139 0.3669
2000 2 10 24 131 456 462 0.987 142 0.9225
2000 2 11 24 55 0 464 0 142 0.3873
2000 2 12 24 76 6 468 0.0128 143 0.5315
2000 2 13 24 88 16 472 0.0339 143 0.6154
2000 2 14 24 110 240 473 0.5074 149 0.7383
2000 2 15 24 73 84 476 0.1765 149 0.4899
2000 2 16 24 47 25 500 0.05 154 0.3052
2000 2 17 24 64 0 500 0 158 0.4051
2000 2 18 24 51 0 500 0 160 0.3188
2000 2 19 24 59 0 496 0 162 0.3642
2000 2 20 24 72 0 507 0 164 0.439
2000 2 21 24 164 496 512 0.9688 165 0.9939
2000 2 22 24 147 266 518 0.5135 170 0.8647
2000 2 23 24 155 473 520 0.9096 177 0.8757
2000 2 24 24 124 159 530 0.3 177 0.7006
2000 2 25 24 94 37 541 0.0684 179 0.5251
2000 2 26 24 161 532 546 0.9744 180 0.8944
2000 2 27 24 173 544 546 0.9963 185 0.9351
2000 2 28 24 175 546 548 0.9964 185 0.9459
2000 2 29 24 117 192 549 0.3497 195 0.6
2000 3 1 24 77 0 554 0 196 0.3929
2000 3 2 24 136 204 557 0.3662 196 0.6939
2000 3 3 24 145 292 558 0.5233 198 0.7323
2000 3 4 24 103 33 562 0.0587 205 0.5024
2000 3 5 24 205 513 566 0.9064 205 1
2000 3 6 24 194 566 569 0.9947 208 0.9327
2000 3 7 24 195 559 571 0.979 209 0.933
2000 3 8 24 97 0 574 0 211 0.4597
2000 3 9 24 99 136 576 0.2361 213 0.4648
2000 3 10 24 48 0 578 0 213 0.2254
2000 3 11 24 185 395 579 0.6822 217 0.8525
2000 3 12 24 203 557 580 0.9603 219 0.9269
2000 3 13 24 209 580 581 0.9983 223 0.9372
2000 3 14 24 80 0 586 0 226 0.354
2000 3 15 24 131 30 587 0.0511 229 0.5721
2000 3 16 24 47 0 590 0 229 0.2052
2000 3 17 24 113 0 590 0 234 0.4829
2000 3 18 24 133 1 594 0.0017 236 0.5636
2000 3 19 24 166 154 597 0.258 240 0.6917
2000 3 20 24 232 577 600 0.9617 242 0.9587
2000 3 21 24 234 600 603 0.995 245 0.9551
2000 3 22 24 238 603 603 1 245 0.9714
2000 3 23 24 191 385 606 0.6353 245 0.7796
2000 3 24 24 151 92 610 0.1508 249 0.6064
2000 3 25 24 209 260 612 0.4248 260 0.8038
2000 3 26 24 113 27 613 0.044 260 0.4346
2000 3 27 24 119 0 615 0 266 0.4474
2000 3 28 24 218 286 617 0.4635 266 0.8195
2000 3 29 24 98 8 617 0.013 266 0.3684
2000 3 30 24 134 0 620 0 263 0.5095
2000 3 31 24 251 546 622 0.8778 282 0.8901
2000 4 1 24 111 0 623 0 282 0.3936
2000 4 2 24 236 436 624 0.6987 282 0.8369
2000 4 3 24 153 66 625 0.1056 277 0.5523
2000 4 4 24 187 238 625 0.3808 277 0.6751
2000 4 5 24 95 0 627 0 277 0.343
2000 4 6 24 171 8 629 0.0127 291 0.5876
2000 4 7 24 283 628 629 0.9984 291 0.9725
2000 4 8 24 285 628 631 0.9952 291 0.9794
2000 4 9 24 178 44 631 0.0697 287 0.6202
2000 4 10 24 166 178 632 0.2816 296 0.5608
2000 4 11 24 234 344 633 0.5434 299 0.7826
2000 4 12 24 86 0 633 0 299 0.2876
2000 4 13 24 171 63 633 0.0995 300 0.57
2000 4 14 24 255 398 634 0.6278 303 0.8416
2000 4 15 24 136 82 634 0.1293 307 0.443
2000 4 16 24 207 135 634 0.2129 307 0.6743
2000 4 17 24 99 7 634 0.011 307 0.3225
2000 4 18 24 146 0 637 0 309 0.4725
2000 4 19 24 142 0 637 0 320 0.4438
2000 4 20 24 271 558 638 0.8746 320 0.8469
2000 4 21 24 296 635 639 0.9937 320 0.925
2000 4 22 24 287 619 639 0.9687 320 0.8969
2000 4 23 24 255 439 640 0.6859 320 0.7969
2000 4 24 24 154 56 640 0.0875 320 0.4812
2000 4 25 24 307 638 640 0.9969 316 0.9715
2000 4 26 24 295 603 642 0.9393 316 0.9335
2000 4 27 24 175 96 642 0.1495 315 0.5556
2000 4 28 24 238 359 642 0.5592 337 0.7062
2000 4 29 24 283 452 643 0.703 337 0.8398
2000 4 30 24 194 82 643 0.1275 337 0.5757
2000 5 1 24 270 348 643 0.5412 332 0.8133
2000 5 2 24 242 296 642 0.4611 333 0.7267
2000 5 3 24 245 336 642 0.5234 354 0.6921
2000 5 4 24 186 115 645 0.1783 354 0.5254
2000 5 5 24 226 211 645 0.3271 354 0.6384
2000 5 6 24 159 73 647 0.1128 353 0.4504
2000 5 7 24 228 304 647 0.4699 353 0.6459
2000 5 8 24 203 236 647 0.3648 353 0.5751
2000 5 9 24 310 627 648 0.9676 344 0.9012
2000 5 10 24 297 495 648 0.7639 344 0.8634
2000 5 11 24 251 323 649 0.4977 344 0.7297
2000 5 12 24 152 83 651 0.1275 341 0.4457
2000 5 13 24 108 0 654 0 353 0.3059
2000 5 14 24 340 650 656 0.9909 353 0.9632
2000 5 15 24 292 534 656 0.814 353 0.8272
2000 5 16 24 277 481 659 0.7299 355 0.7803
2000 5 17 24 261 457 673 0.679 355 0.7352
2000 5 18 24 178 128 688 0.186 360 0.4944
2000 5 19 24 278 358 692 0.5173 360 0.7722
2000 5 20 24 232 221 692 0.3194 360 0.6444
2000 5 21 24 304 508 697 0.7288 359 0.8468
2000 5 22 24 264 250 699 0.3577 359 0.7354
2000 5 23 24 340 698 702 0.9943 363 0.9366
2000 5 24 24 232 182 705 0.2582 363 0.6391
2000 5 25 24 230 223 706 0.3159 363 0.6336
2000 5 26 24 119 59 706 0.0836 358 0.3324
2000 5 27 24 87 79 708 0.1116 362 0.2403
2000 5 28 24 109 20 713 0.0281 369 0.2954
2000 5 29 24 173 57 714 0.0798 369 0.4688
2000 5 30 24 139 48 715 0.0671 369 0.3767
2000 5 31 24 138 23 717 0.0321 363 0.3802
2000 6 1 24 351 717 717 1 363 0.9669
2000 6 2 24 337 666 718 0.9276 361 0.9335
2000 6 3 24 247 404 718 0.5627 370 0.6676
2000 6 4 24 205 211 718 0.2939 370 0.5541
2000 6 5 24 302 484 698 0.6934 375 0.8053
2000 6 6 24 86 33 725 0.0455 376 0.2287
2000 6 7 24 280 290 725 0.4 376 0.7447
2000 6 8 24 358 561 727 0.7717 376 0.9521
2000 6 9 24 349 719 727 0.989 366 0.9536
2000 6 10 24 225 369 727 0.5076 366 0.6148
2000 6 11 24 135 66 729 0.0905 384 0.3516
2000 6 12 24 252 379 729 0.5199 384 0.6562
2000 6 13 24 244 437 730 0.5986 384 0.6354
2000 6 14 24 234 367 730 0.5027 363 0.6446
2000 6 15 24 141 77 730 0.1055 367 0.3842
2000 6 16 24 264 355 728 0.4876 367 0.7193
2000 6 17 24 356 698 733 0.9523 367 0.97
2000 6 18 24 362 733 733 1 366 0.9891
2000 6 19 24 353 729 733 0.9945 367 0.9619
2000 6 20 24 366 727 733 0.9918 367 0.9973
2000 6 21 24 351 733 733 1 368 0.9538
2000 6 22 24 327 634 733 0.8649 373 0.8767
2000 6 23 24 89 1 733 0.0014 373 0.2386
2000 6 24 24 111 26 733 0.0355 373 0.2976
2000 6 25 24 194 125 733 0.1705 367 0.5286
2000 6 26 24 271 330 733 0.4502 361 0.7507
2000 6 27 24 346 648 731 0.8865 363 0.9532
2000 6 28 24 81 6 731 0.0082 363 0.2231
2000 6 29 24 114 10 731 0.0137 363 0.314
2000 6 30 24 282 504 728 0.6923 360 0.7833
2000 7 1 24 250 395 728 0.5426 365 0.6849
2000 7 2 24 322 607 727 0.8349 365 0.8822
2000 7 3 24 273 464 727 0.6382 365 0.7479
2000 7 4 24 122 145 726 0.1997 360 0.3389
2000 7 5 24 327 501 721 0.6949 360 0.9083
2000 7 6 24 349 717 721 0.9945 356 0.9803
2000 7 7 24 287 482 721 0.6685 365 0.7863
2000 7 8 24 142 50 720 0.0694 365 0.389
2000 7 9 24 175 130 719 0.1808 365 0.4795
2000 7 10 24 151 119 719 0.1655 362 0.4171
2000 7 11 24 147 12 717 0.0167 357 0.4118
2000 7 12 24 187 72 717 0.1004 354 0.5282
2000 7 13 24 233 150 716 0.2095 350 0.6657
2000 7 14 24 111 0 712 0 354 0.3136
2000 7 15 24 200 117 712 0.1643 354 0.565
2000 7 16 24 227 206 750 0.2747 354 0.6412
2000 7 17 24 210 323 750 0.4307 350 0.6
2000 7 18 24 341 656 750 0.8747 348 0.9799
2000 7 19 24 161 152 705 0.2156 347 0.464
2000 7 20 24 302 586 700 0.8371 347 0.8703
2000 7 21 24 346 646 699 0.9242 346 1
2000 7 22 24 332 665 697 0.9541 346 0.9595
2000 7 23 24 176 152 696 0.2184 336 0.5238
2000 7 24 24 72 25 696 0.0359 334 0.2156
2000 7 25 24 263 432 684 0.6316 331 0.7946
2000 7 26 24 159 125 678 0.1844 331 0.4804
2000 7 27 24 288 526 662 0.7946 331 0.8701
2000 7 28 24 132 91 657 0.1385 330 0.4
2000 7 29 24 156 69 673 0.1025 330 0.4727
2000 7 30 24 171 72 673 0.107 327 0.5229
2000 7 31 24 321 650 673 0.9658 327 0.9817
2000 8 1 24 317 649 651 0.9969 327 0.9694
2000 8 2 24 216 364 651 0.5591 327 0.6606
2000 8 3 24 96 151 648 0.233 326 0.2945
2000 8 4 24 67 0 648 0 325 0.2062
2000 8 5 24 78 2 648 0.0031 317 0.2461
2000 8 6 24 53 0 648 0 317 0.1672
2000 8 7 24 159 139 646 0.2152 317 0.5016
2000 8 8 24 175 165 716 0.2304 317 0.5521
2000 8 9 24 234 359 716 0.5014 314 0.7452
2000 8 10 24 267 450 716 0.6285 314 0.8503
2000 8 11 24 298 641 700 0.9157 305 0.977
2000 8 12 24 270 472 700 0.6743 315 0.8571
2000 8 13 24 260 516 700 0.7371 315 0.8254
2000 8 14 24 265 555 642 0.8645 315 0.8413
2000 8 15 24 270 593 641 0.9251 304 0.8882
2000 8 16 24 273 562 641 0.8768 300 0.91
2000 8 17 24 217 419 640 0.6547 302 0.7185
2000 8 18 24 239 461 640 0.7203 302 0.7914
2000 8 19 24 276 636 639 0.9953 302 0.9139
2000 8 20 24 269 629 639 0.9844 296 0.9088
2000 8 21 24 234 499 638 0.7821 302 0.7748
2000 8 22 24 229 322 638 0.5047 302 0.7583
2000 8 23 24 272 634 636 0.9969 302 0.9007
2000 8 24 24 273 633 636 0.9953 288 0.9479
2000 8 25 24 271 633 635 0.9969 288 0.941
2000 8 26 24 266 632 635 0.9953 282 0.9433
2000 8 27 24 106 183 634 0.2886 289 0.3668
2000 8 28 24 205 312 633 0.4929 289 0.7093
2000 8 29 24 239 500 633 0.7899 289 0.827
2000 8 30 24 135 216 633 0.3412 280 0.4821
2000 8 31 24 40 0 633 0 280 0.1429
2000 9 1 24 231 401 632 0.6345 280 0.825
2000 9 2 24 104 36 630 0.0571 279 0.3728
2000 9 3 24 129 75 628 0.1194 264 0.4886
2000 9 4 24 119 40 628 0.0637 264 0.4508
2000 9 5 24 130 75 628 0.1194 266 0.4887
2000 9 6 24 162 242 628 0.3854 266 0.609
2000 9 7 24 149 192 626 0.3067 266 0.5602
2000 9 8 24 249 624 626 0.9968 259 0.9614
2000 9 9 24 244 623 624 0.9984 259 0.9421
2000 9 10 24 238 622 624 0.9968 250 0.952
2000 9 11 24 235 620 623 0.9952 249 0.9438
2000 9 12 24 213 489 621 0.7874 249 0.8554
2000 9 13 24 85 76 620 0.1226 249 0.3414
2000 9 14 24 208 509 617 0.825 245 0.849
2000 9 15 24 217 612 615 0.9951 244 0.8893
2000 9 16 24 80 6 614 0.0098 241 0.332
2000 9 17 24 180 338 612 0.5523 251 0.7171
2000 9 18 24 201 517 611 0.8462 251 0.8008
2000 9 19 24 102 135 610 0.2213 251 0.4064
2000 9 20 24 116 174 608 0.2862 236 0.4915
2000 9 21 24 50 0 604 0 233 0.2146
2000 9 22 24 109 0 601 0 233 0.4678
2000 9 23 24 214 594 599 0.9917 224 0.9554
2000 9 24 24 213 586 596 0.9832 224 0.9509
2000 9 25 24 192 552 594 0.9293 222 0.8649
2000 9 26 24 192 588 592 0.9932 214 0.8972
2000 9 27 24 194 574 590 0.9729 212 0.9151
2000 9 28 24 169 578 588 0.983 211 0.8009
2000 9 29 24 187 447 586 0.7628 211 0.8863
2000 9 30 24 89 94 581 0.1618 210 0.4238
2000 10 1 24 82 109 580 0.1879 207 0.3961
2000 10 2 24 66 42 579 0.0725 204 0.3235
2000 10 3 24 139 173 578 0.2993 197 0.7056
2000 10 4 24 168 493 576 0.8559 197 0.8528
2000 10 5 24 76 11 574 0.0192 195 0.3897
2000 10 6 24 45 0 572 0 191 0.2356
2000 10 7 24 60 0 567 0 190 0.3158
2000 10 8 24 135 256 567 0.4515 187 0.7219
2000 10 9 24 140 313 562 0.5569 185 0.7568
2000 10 10 24 53 20 559 0.0358 182 0.2912
2000 10 11 24 54 5 557 0.009 181 0.2983
2000 10 12 24 42 0 555 0 178 0.236
2000 10 13 24 74 70 551 0.127 178 0.4157
2000 10 14 24 59 92 548 0.1679 175 0.3371
2000 10 15 24 66 101 546 0.185 175 0.3771
2000 10 16 24 76 123 544 0.2261 171 0.4444
2000 10 17 24 55 4 539 0.0074 169 0.3254
2000 10 18 24 59 5 529 0.0095 165 0.3576
2000 10 19 24 65 36 519 0.0694 162 0.4012
2000 10 20 24 125 317 517 0.6132 162 0.7716
2000 10 21 24 141 493 510 0.9667 159 0.8868
2000 10 22 24 141 486 502 0.9681 159 0.8868
2000 10 23 24 140 483 493 0.9797 154 0.9091
2000 10 24 24 100 257 489 0.5256 150 0.6667
2000 10 25 24 131 472 483 0.9772 150 0.8733
2000 10 26 24 55 46 480 0.0958 149 0.3691
2000 10 27 24 41 6 480 0.0125 144 0.2847
2000 10 28 24 128 463 472 0.9809 142 0.9014
2000 10 29 24 122 431 470 0.917 138 0.8841
2000 10 30 24 102 295 465 0.6344 134 0.7612
2000 10 31 24 18 0 463 0 133 0.1353
2000 11 1 24 127 450 462 0.974 130 0.9769
2000 11 2 24 108 243 461 0.5271 130 0.8308
2000 11 3 24 72 112 460 0.2435 129 0.5581
2000 11 4 24 78 84 460 0.1826 125 0.624
2000 11 5 24 119 446 458 0.9738 125 0.952
2000 11 6 24 49 95 451 0.2106 125 0.392
2000 11 7 24 102 233 449 0.5189 121 0.843
2000 11 8 24 91 167 445 0.3753 121 0.7521
2000 11 9 24 92 191 443 0.4312 118 0.7797
2000 11 10 24 101 351 441 0.7959 118 0.8559
2000 11 11 24 108 429 439 0.9772 114 0.9474
2000 11 12 24 96 268 435 0.6161 114 0.8421
2000 11 13 24 53 43 431 0.0998 108 0.4907
2000 11 14 24 12 0 428 0 108 0.1111
2000 11 15 24 69 98 423 0.2317 106 0.6509
2000 11 16 24 64 48 421 0.114 104 0.6154
2000 11 17 24 27 5 419 0.0119 104 0.2596
2000 11 18 24 71 138 417 0.3309 104 0.6827
2000 11 19 24 98 396 415 0.9542 102 0.9608
2000 11 20 24 56 63 414 0.1522 99 0.5657
2000 11 21 24 58 52 410 0.1268 99 0.5859
2000 11 22 24 68 227 407 0.5577 99 0.6869
2000 11 23 24 62 104 405 0.2568 97 0.6392
2000 11 24 24 28 0 403 0 97 0.2887
2000 11 25 24 45 28 401 0.0698 96 0.4688
2000 11 26 24 47 69 399 0.1729 96 0.4896
2000 11 27 24 66 158 396 0.399 89 0.7416
2000 11 28 24 71 278 395 0.7038 89 0.7978
2000 11 29 24 77 370 392 0.9439 86 0.8953
2000 11 30 24 74 344 391 0.8798 102 0.7255
2000 12 1 24 77 361 389 0.928 102 0.7549
2000 12 2 24 49 70 388 0.1804 102 0.4804
2000 12 3 24 50 17 387 0.0439 86 0.5814
2000 12 4 24 69 286 387 0.739 86 0.8023
2000 12 5 24 73 376 387 0.9716 86 0.8488
2000 12 6 24 52 76 386 0.1969 81 0.642
2000 12 7 24 47 86 381 0.2257 89 0.5281
2000 12 8 24 61 101 380 0.2658 89 0.6854
2000 12 9 24 45 38 379 0.1003 89 0.5056
2000 12 10 24 50 71 377 0.1883 80 0.625
2000 12 11 24 65 364 377 0.9655 80 0.8125
2000 12 12 24 48 92 377 0.244 81 0.5926
2000 12 13 24 60 253 375 0.6747 81 0.7407
2000 12 14 24 31 0 375 0 81 0.3827
2000 12 15 24 25 2 375 0.0053 76 0.3289
2000 12 16 24 36 0 374 0 85 0.4235
2000 12 17 24 44 34 374 0.0909 85 0.5176
2000 12 18 24 65 234 374 0.6257 85 0.7647
2000 12 19 24 31 2 386 0.0052 84 0.369
2000 12 20 24 57 218 386 0.5648 84 0.6786
2000 12 21 24 71 354 386 0.9171 84 0.8452
2000 12 22 24 75 366 373 0.9812 78 0.9615
2000 12 23 24 74 366 373 0.9812 82 0.9024
2000 12 24 24 63 183 373 0.4906 82 0.7683
2000 12 25 24 42 20 373 0.0536 82 0.5122
2000 12 26 24 69 337 374 0.9011 77 0.8961
2000 12 27 24 51 152 374 0.4064 77 0.6623
2000 12 28 24 27 0 374 0 77 0.3506
2000 12 29 24 30 0 375 0 79 0.3797
2000 12 30 24 74 208 376 0.5532 79 0.9367
2000 12 31 24 77 370 377 0.9814 79 0.9747
2001 1 1 24 64 208 377 0.5517 79 0.8101
2001 1 2 24 33 0 378 0 81 0.4074
2001 1 3 24 58 195 378 0.5159 81 0.716
2001 1 4 24 29 0 379 0 81 0.358
2001 1 5 24 41 0 381 0 93 0.4409
2001 1 6 24 23 0 382 0 93 0.2473
2001 1 7 24 18 0 384 0 93 0.1935
2001 1 8 24 40 0 385 0 86 0.4651
2001 1 9 24 85 352 387 0.9096 87 0.977
2001 1 10 24 37 1 387 0.0026 93 0.3978
2001 1 11 24 40 0 389 0 93 0.4301
2001 1 12 24 35 0 390 0 93 0.3763
2001 1 13 24 79 283 392 0.7219 91 0.8681
2001 1 14 24 89 388 394 0.9848 92 0.9674
2001 1 15 24 92 390 396 0.9848 92 1
2001 1 16 24 92 392 400 0.98 92 1
2001 1 17 24 76 259 401 0.6459 94 0.8085
2001 1 18 24 57 0 403 0 96 0.5938
2001 1 19 24 87 335 405 0.8272 99 0.8788
2001 1 20 24 56 1 408 0.0025 99 0.5657
2001 1 21 24 84 309 417 0.741 107 0.785
2001 1 22 24 89 327 417 0.7842 107 0.8318
2001 1 23 24 69 149 417 0.3573 107 0.6449
2001 1 24 24 29 0 417 0 106 0.2736
2001 1 25 24 61 107 420 0.2548 108 0.5648
2001 1 26 24 59 142 427 0.3326 112 0.5268
2001 1 27 24 44 86 427 0.2014 112 0.3929
2001 1 28 24 97 299 429 0.697 113 0.8584
2001 1 29 24 100 417 432 0.9653 117 0.8547
2001 1 30 24 59 0 436 0 117 0.5043
2001 1 31 24 111 293 439 0.6674 118 0.9407
2001 2 1 24 88 201 441 0.4558 119 0.7395
2001 2 2 24 110 324 444 0.7297 120 0.9167
2001 2 3 24 51 0 446 0 125 0.408
2001 2 4 24 99 255 449 0.5679 127 0.7795
2001 2 5 24 102 281 452 0.6217 132 0.7727
2001 2 6 24 96 218 463 0.4708 132 0.7273
2001 2 7 24 118 292 463 0.6307 133 0.8872
2001 2 8 24 62 0 463 0 133 0.4662
2001 2 9 24 47 0 461 0 139 0.3381
2001 2 10 24 87 74 462 0.1602 142 0.6127
2001 2 11 24 132 458 464 0.9871 142 0.9296
2001 2 12 24 124 392 468 0.8376 143 0.8671
2001 2 13 24 113 278 472 0.589 143 0.7902
2001 2 14 24 139 467 473 0.9873 149 0.9329
2001 2 15 24 141 470 476 0.9874 149 0.9463
2001 2 16 24 144 472 500 0.944 154 0.9351
2001 2 17 24 55 0 500 0 158 0.3481
2001 2 18 24 149 483 500 0.966 160 0.9312
2001 2 19 24 149 456 496 0.9194 162 0.9198
2001 2 20 24 83 0 507 0 164 0.5061
2001 2 21 24 96 127 512 0.248 165 0.5818
2001 2 22 24 11 0 518 0 170 0.0647
2001 2 23 24 68 0 520 0 177 0.3842
2001 2 24 24 147 164 530 0.3094 177 0.8305
2001 2 25 24 163 504 541 0.9316 179 0.9106
2001 2 26 24 147 237 546 0.4341 180 0.8167
2001 2 27 24 161 492 546 0.9011 185 0.8703
2001 2 28 24 125 118 548 0.2153 185 0.6757
2001 3 1 24 181 491 554 0.8863 196 0.9235
2001 3 2 24 128 124 557 0.2226 196 0.6531
2001 3 3 24 140 184 558 0.3297 198 0.7071
2001 3 4 24 123 58 562 0.1032 205 0.6
2001 3 5 24 179 430 566 0.7597 205 0.8732
2001 3 6 24 189 566 569 0.9947 208 0.9087
2001 3 7 24 102 23 571 0.0403 209 0.488
2001 3 8 24 100 38 574 0.0662 211 0.4739
2001 3 9 24 114 21 576 0.0365 213 0.5352
2001 3 10 24 115 23 578 0.0398 213 0.5399
2001 3 11 24 128 174 579 0.3005 217 0.5899
2001 3 12 24 131 89 580 0.1534 219 0.5982
2001 3 13 24 182 322 581 0.5542 223 0.8161
2001 3 14 24 130 0 586 0 226 0.5752
2001 3 15 24 130 14 587 0.0239 229 0.5677
2001 3 16 24 213 587 590 0.9949 229 0.9301
2001 3 17 24 104 9 590 0.0153 234 0.4444
2001 3 18 24 197 386 594 0.6498 236 0.8347
2001 3 19 24 195 281 597 0.4707 240 0.8125
2001 3 20 24 139 64 600 0.1067 242 0.5744
2001 3 21 24 87 19 603 0.0315 245 0.3551
2001 3 22 24 111 147 603 0.2438 245 0.4531
2001 3 23 24 218 531 606 0.8762 245 0.8898
2001 3 24 24 198 436 610 0.7148 249 0.7952
2001 3 25 24 76 86 612 0.1405 260 0.2923
2001 3 26 24 193 232 613 0.3785 260 0.7423
2001 3 27 24 171 235 615 0.3821 266 0.6429
2001 3 28 24 144 125 617 0.2026 266 0.5414
2001 3 29 24 140 63 617 0.1021 266 0.5263
2001 3 30 24 112 0 620 0 263 0.4259
2001 3 31 24 220 261 622 0.4196 282 0.7801
2001 4 1 24 267 617 623 0.9904 282 0.9468
2001 4 2 24 258 609 624 0.976 282 0.9149
2001 4 3 24 239 521 625 0.8336 277 0.8628
2001 4 4 24 188 231 625 0.3696 277 0.6787
2001 4 5 24 178 183 627 0.2919 277 0.6426
2001 4 6 24 230 382 629 0.6073 291 0.7904
2001 4 7 24 54 0 629 0 291 0.1856
2001 4 8 24 217 149 631 0.2361 291 0.7457
2001 4 9 24 166 76 631 0.1204 287 0.5784
2001 4 10 24 119 0 632 0 296 0.402
2001 4 11 24 170 10 633 0.0158 299 0.5686
2001 4 12 24 128 0 633 0 299 0.4281
2001 4 13 24 200 152 633 0.2401 300 0.6667
2001 4 14 24 243 311 634 0.4905 303 0.802
2001 4 15 24 100 0 634 0 307 0.3257
2001 4 16 24 207 97 634 0.153 307 0.6743
2001 4 17 24 216 90 634 0.142 307 0.7036
2001 4 18 24 221 162 637 0.2543 309 0.7152
2001 4 19 24 177 29 637 0.0455 320 0.5531
2001 4 20 24 162 0 638 0 320 0.5062
2001 4 21 24 202 2 639 0.0031 320 0.6312
2001 4 22 24 174 6 639 0.0094 320 0.5438
2001 4 23 24 298 538 640 0.8406 320 0.9312
2001 4 24 24 244 320 640 0.5 320 0.7625
2001 4 25 24 122 18 640 0.0281 316 0.3861
2001 4 26 24 250 236 642 0.3676 316 0.7911
2001 4 27 24 211 209 642 0.3255 315 0.6698
2001 4 28 24 243 296 642 0.4611 337 0.7211
2001 4 29 24 202 197 643 0.3064 337 0.5994
2001 4 30 24 287 417 643 0.6485 337 0.8516
2001 5 1 24 283 356 643 0.5537 332 0.8524
2001 5 2 24 314 587 642 0.9143 333 0.9429
2001 5 3 24 265 273 642 0.4252 354 0.7486
2001 5 4 24 264 382 645 0.5922 354 0.7458
2001 5 5 24 184 151 645 0.2341 354 0.5198
2001 5 6 24 155 26 647 0.0402 353 0.4391
2001 5 7 24 227 216 647 0.3338 353 0.6431
2001 5 8 24 324 479 647 0.7403 353 0.9178
2001 5 9 24 253 357 648 0.5509 344 0.7355
2001 5 10 24 251 381 648 0.588 344 0.7297
2001 5 11 24 273 418 649 0.6441 344 0.7936
2001 5 12 24 306 546 651 0.8387 341 0.8974
2001 5 13 24 313 536 654 0.8196 353 0.8867
2001 5 14 24 197 239 656 0.3643 353 0.5581
2001 5 15 24 112 4 656 0.0061 353 0.3173
2001 5 16 24 281 402 659 0.61 355 0.7915
2001 5 17 24 91 31 673 0.0461 355 0.2563
2001 5 18 24 144 71 688 0.1032 360 0.4
2001 5 19 24 352 688 692 0.9942 360 0.9778
2001 5 20 24 324 616 692 0.8902 360 0.9
2001 5 21 24 174 53 697 0.076 359 0.4847
2001 5 22 24 228 270 699 0.3863 359 0.6351
2001 5 23 24 205 222 702 0.3162 363 0.5647
2001 5 24 24 288 390 705 0.5532 363 0.7934
2001 5 25 24 164 102 706 0.1445 363 0.4518
2001 5 26 24 345 705 706 0.9986 358 0.9637
2001 5 27 24 336 684 708 0.9661 362 0.9282
2001 5 28 24 335 685 713 0.9607 369 0.9079
2001 5 29 24 338 700 714 0.9804 369 0.916
2001 5 30 24 336 691 715 0.9664 369 0.9106
2001 5 31 24 156 201 717 0.2803 363 0.4298
2001 6 1 24 214 170 717 0.2371 363 0.5895
2001 6 2 24 158 106 718 0.1476 361 0.4377
2001 6 3 24 183 117 718 0.163 370 0.4946
2001 6 4 24 370 609 718 0.8482 370 1
2001 6 5 24 360 698 698 1 375 0.96
2001 6 6 24 113 39 725 0.0538 376 0.3005
2001 6 7 24 348 591 725 0.8152 376 0.9255
2001 6 8 24 199 160 727 0.2201 376 0.5293
2001 6 9 24 70 32 727 0.044 366 0.1913
2001 6 10 24 42 0 727 0 366 0.1148
2001 6 11 24 207 85 729 0.1166 384 0.5391
2001 6 12 24 384 729 729 1 384 1
2001 6 13 24 333 534 730 0.7315 384 0.8672
2001 6 14 24 232 217 730 0.2973 363 0.6391
2001 6 15 24 330 467 730 0.6397 367 0.8992
2001 6 16 24 136 56 728 0.0769 367 0.3706
2001 6 17 24 231 200 733 0.2729 367 0.6294
2001 6 18 24 145 32 733 0.0437 366 0.3962
2001 6 19 24 277 247 733 0.337 367 0.7548
2001 6 20 24 367 716 733 0.9768 367 1
2001 6 21 24 281 451 733 0.6153 368 0.7636
2001 6 22 24 247 349 733 0.4761 373 0.6622
2001 6 23 24 345 669 733 0.9127 373 0.9249
2001 6 24 24 351 719 733 0.9809 373 0.941
2001 6 25 24 356 733 733 1 367 0.97
2001 6 26 24 353 729 733 0.9945 361 0.9778
2001 6 27 24 242 421 731 0.5759 363 0.6667
2001 6 28 24 138 63 731 0.0862 363 0.3802
2001 6 29 24 313 459 731 0.6279 363 0.8623
2001 6 30 24 287 471 728 0.647 360 0.7972
2001 7 1 24 180 156 728 0.2143 365 0.4932
2001 7 2 24 365 642 727 0.8831 365 1
2001 7 3 24 346 680 727 0.9354 365 0.9479
2001 7 4 24 262 387 726 0.5331 360 0.7278
2001 7 5 24 305 573 721 0.7947 360 0.8472
2001 7 6 24 290 608 721 0.8433 356 0.8146
2001 7 7 24 128 234 721 0.3245 365 0.3507
2001 7 8 24 139 79 720 0.1097 365 0.3808
2001 7 9 24 267 329 719 0.4576 365 0.7315
2001 7 10 24 202 271 719 0.3769 362 0.558
2001 7 11 24 226 356 717 0.4965 357 0.6331
2001 7 12 24 338 633 717 0.8828 354 0.9548
2001 7 13 24 224 265 716 0.3701 350 0.64
2001 7 14 24 168 184 712 0.2584 354 0.4746
2001 7 15 24 106 57 712 0.0801 354 0.2994
2001 7 16 24 127 2 750 0.0027 354 0.3588
2001 7 17 24 221 276 750 0.368 350 0.6314
2001 7 18 24 54 12 750 0.016 348 0.1552
2001 7 19 24 125 50 705 0.0709 347 0.3602
2001 7 20 24 69 0 700 0 347 0.1988
2001 7 21 24 321 492 699 0.7039 346 0.9277
2001 7 22 24 336 688 697 0.9871 346 0.9711
2001 7 23 24 323 635 696 0.9124 336 0.9613
2001 7 24 24 157 70 696 0.1006 334 0.4701
2001 7 25 24 305 554 684 0.8099 331 0.9215
2001 7 26 24 317 629 678 0.9277 331 0.9577
2001 7 27 24 272 467 662 0.7054 331 0.8218
2001 7 28 24 276 529 657 0.8052 330 0.8364
2001 7 29 24 261 445 673 0.6612 330 0.7909
2001 7 30 24 295 539 673 0.8009 327 0.9021
2001 7 31 24 316 647 673 0.9614 327 0.9664
2001 8 1 24 309 646 651 0.9923 327 0.945
2001 8 2 24 290 647 651 0.9939 327 0.8869
2001 8 3 24 176 229 648 0.3534 326 0.5399
2001 8 4 24 106 33 648 0.0509 325 0.3262
2001 8 5 24 223 202 648 0.3117 317 0.7035
2001 8 6 24 153 61 648 0.0941 317 0.4826
2001 8 7 24 285 529 646 0.8189 317 0.8991
2001 8 8 24 59 13 716 0.0182 317 0.1861
2001 8 9 24 158 220 716 0.3073 314 0.5032
2001 8 10 24 104 2 716 0.0028 314 0.3312
2001 8 11 24 236 308 700 0.44 305 0.7738
2001 8 12 24 304 641 700 0.9157 315 0.9651
2001 8 13 24 280 634 700 0.9057 315 0.8889
2001 8 14 24 291 639 642 0.9953 315 0.9238
2001 8 15 24 272 579 641 0.9033 304 0.8947
2001 8 16 24 248 492 641 0.7676 300 0.8267
2001 8 17 24 180 297 640 0.4641 302 0.596
2001 8 18 24 237 401 640 0.6266 302 0.7848
2001 8 19 24 262 445 639 0.6964 302 0.8675
2001 8 20 24 92 50 639 0.0782 296 0.3108
2001 8 21 24 235 438 638 0.6865 302 0.7781
2001 8 22 24 281 616 638 0.9655 302 0.9305
2001 8 23 24 266 613 636 0.9638 302 0.8808
2001 8 24 24 276 634 636 0.9969 288 0.9583
2001 8 25 24 272 633 635 0.9969 288 0.9444
2001 8 26 24 265 629 635 0.9906 282 0.9397
2001 8 27 24 248 563 634 0.888 289 0.8581
2001 8 28 24 246 521 633 0.8231 289 0.8512
2001 8 29 24 264 630 633 0.9953 289 0.9135
2001 8 30 24 102 27 633 0.0427 280 0.3643
2001 8 31 24 35 0 633 0 280 0.125
2001 9 1 24 145 110 632 0.1741 280 0.5179
2001 9 2 24 181 252 630 0.4 279 0.6487
2001 9 3 24 259 602 628 0.9586 264 0.9811
2001 9 4 24 71 5 628 0.008 264 0.2689
2001 9 5 24 93 32 628 0.051 266 0.3496
2001 9 6 24 257 473 628 0.7532 266 0.9662
2001 9 7 24 81 25 626 0.0399 266 0.3045
2001 9 8 24 76 2 626 0.0032 259 0.2934
2001 9 9 24 196 374 624 0.5994 259 0.7568
2001 9 10 24 70 13 624 0.0208 250 0.28
2001 9 11 24 119 44 623 0.0706 249 0.4779
2001 9 12 24 77 2 621 0.0032 249 0.3092
2001 9 13 24 138 190 620 0.3065 249 0.5542
2001 9 14 24 20 0 617 0 245 0.0816
2001 9 15 24 121 53 615 0.0862 244 0.4959
2001 9 16 24 100 48 614 0.0782 241 0.4149
2001 9 17 24 128 49 612 0.0801 251 0.51
2001 9 18 24 251 586 611 0.9591 251 1
2001 9 19 24 138 135 610 0.2213 251 0.5498
2001 9 20 24 222 442 608 0.727 236 0.9407
2001 9 21 24 196 356 604 0.5894 233 0.8412
2001 9 22 24 123 108 601 0.1797 233 0.5279
2001 9 23 24 75 1 599 0.0017 224 0.3348
2001 9 24 24 78 20 596 0.0336 224 0.3482
2001 9 25 24 30 0 594 0 222 0.1351
2001 9 26 24 98 36 592 0.0608 214 0.4579
2001 9 27 24 174 465 590 0.7881 212 0.8208
2001 9 28 24 203 584 588 0.9932 211 0.9621
2001 9 29 24 84 72 586 0.1229 211 0.3981
2001 9 30 24 62 46 581 0.0792 210 0.2952
2001 10 1 24 148 300 580 0.5172 207 0.715
2001 10 2 24 190 577 579 0.9965 204 0.9314
2001 10 3 24 188 575 578 0.9948 197 0.9543
2001 10 4 24 80 109 576 0.1892 197 0.4061
2001 10 5 24 128 215 574 0.3746 195 0.6564
2001 10 6 24 166 441 572 0.771 191 0.8691
2001 10 7 24 67 62 567 0.1093 190 0.3526
2001 10 8 24 141 323 567 0.5697 187 0.754
2001 10 9 24 119 220 562 0.3915 185 0.6432
2001 10 10 24 122 221 559 0.3953 182 0.6703
2001 10 11 24 170 554 557 0.9946 181 0.9392
2001 10 12 24 164 549 555 0.9892 178 0.9213
2001 10 13 24 160 546 551 0.9909 178 0.8989
2001 10 14 24 158 546 548 0.9964 175 0.9029
2001 10 15 24 148 486 546 0.8901 175 0.8457
2001 10 16 24 124 452 544 0.8309 171 0.7251
2001 10 17 24 149 520 539 0.9647 169 0.8817
2001 10 18 24 150 514 529 0.9716 165 0.9091
2001 10 19 24 127 370 519 0.7129 162 0.784
2001 10 20 24 90 177 517 0.3424 162 0.5556
2001 10 21 24 80 85 510 0.1667 159 0.5031
2001 10 22 24 143 484 502 0.9641 159 0.8994
2001 10 23 24 106 273 493 0.5538 154 0.6883
2001 10 24 24 74 51 489 0.1043 150 0.4933
2001 10 25 24 59 31 483 0.0642 150 0.3933
2001 10 26 24 133 470 480 0.9792 149 0.8926
2001 10 27 24 125 438 480 0.9125 144 0.8681
2001 10 28 24 127 463 472 0.9809 142 0.8944
2001 10 29 24 107 377 470 0.8021 138 0.7754
2001 10 30 24 99 360 465 0.7742 134 0.7388
2001 10 31 24 111 435 463 0.9395 133 0.8346
2001 11 1 24 122 411 462 0.8896 130 0.9385
2001 11 2 24 116 454 461 0.9848 130 0.8923
2001 11 3 24 115 452 460 0.9826 129 0.8915
2001 11 4 24 113 449 460 0.9761 125 0.904
2001 11 5 24 73 173 458 0.3777 125 0.584
2001 11 6 24 35 63 451 0.1397 125 0.28
2001 11 7 24 58 44 449 0.098 121 0.4793
2001 11 8 24 76 155 445 0.3483 121 0.6281
2001 11 9 24 41 0 443 0 118 0.3475
2001 11 10 24 108 434 441 0.9841 118 0.9153
2001 11 11 24 53 105 439 0.2392 114 0.4649
2001 11 12 24 21 0 435 0 114 0.1842
2001 11 13 24 49 3 431 0.007 108 0.4537
2001 11 14 24 47 0 428 0 108 0.4352
2001 11 15 24 100 417 423 0.9858 106 0.9434
2001 11 16 24 99 415 421 0.9857 104 0.9519
2001 11 17 24 94 412 419 0.9833 104 0.9038
2001 11 18 24 91 410 417 0.9832 104 0.875
2001 11 19 24 86 398 415 0.959 102 0.8431
2001 11 20 24 91 404 414 0.9758 99 0.9192
2001 11 21 24 90 400 410 0.9756 99 0.9091
2001 11 22 24 78 218 407 0.5356 99 0.7879
2001 11 23 24 38 0 405 0 97 0.3918
2001 11 24 24 49 2 403 0.005 97 0.5052
2001 11 25 24 39 0 401 0 96 0.4062
2001 11 26 24 71 244 399 0.6115 96 0.7396
2001 11 27 24 36 0 396 0 89 0.4045
2001 11 28 24 61 105 395 0.2658 89 0.6854
2001 11 29 24 79 373 392 0.9515 86 0.9186
2001 11 30 24 32 0 391 0 102 0.3137
2001 12 1 24 34 0 389 0 102 0.3333
2001 12 2 24 44 17 388 0.0438 102 0.4314
2001 12 3 24 61 180 387 0.4651 86 0.7093
2001 12 4 24 42 0 387 0 86 0.4884
2001 12 5 24 35 0 387 0 86 0.407
2001 12 6 24 24 0 386 0 81 0.2963
2001 12 7 24 64 110 381 0.2887 89 0.7191
2001 12 8 24 77 373 380 0.9816 89 0.8652
2001 12 9 24 75 372 379 0.9815 89 0.8427
2001 12 10 24 74 371 377 0.9841 80 0.925
2001 12 11 24 41 15 377 0.0398 80 0.5125
2001 12 12 24 72 348 377 0.9231 81 0.8889
2001 12 13 24 32 3 375 0.008 81 0.3951
2001 12 14 24 76 368 375 0.9813 81 0.9383
2001 12 15 24 74 368 375 0.9813 76 0.9737
2001 12 16 24 74 367 374 0.9813 85 0.8706
2001 12 17 24 65 286 374 0.7647 85 0.7647
2001 12 18 24 72 366 374 0.9786 85 0.8471
2001 12 19 24 73 366 386 0.9482 84 0.869
2001 12 20 24 55 157 386 0.4067 84 0.6548
2001 12 21 24 65 230 386 0.5959 84 0.7738
2001 12 22 24 33 0 373 0 78 0.4231
2001 12 23 24 56 119 373 0.319 82 0.6829
2001 12 24 24 76 366 373 0.9812 82 0.9268
2001 12 25 24 47 115 373 0.3083 82 0.5732
2001 12 26 24 27 0 374 0 77 0.3506
2001 12 27 24 64 274 374 0.7326 77 0.8312
2001 12 28 24 63 176 374 0.4706 77 0.8182
2001 12 29 24 33 0 375 0 79 0.4177
2001 12 30 24 71 281 376 0.7473 79 0.8987
2001 12 31 24 52 131 377 0.3475 79 0.6582
2002 1 1 24 78 370 377 0.9814 79 0.9873
2002 1 2 24 78 371 378 0.9815 81 0.963
2002 1 3 24 80 372 378 0.9841 81 0.9877
2002 1 4 24 79 373 379 0.9842 81 0.9753
2002 1 5 24 77 374 381 0.9816 93 0.828
2002 1 6 24 79 376 382 0.9843 93 0.8495
2002 1 7 24 76 354 384 0.9219 93 0.8172
2002 1 8 24 74 377 385 0.9792 86 0.8605
2002 1 9 24 81 379 387 0.9793 87 0.931
2002 1 10 24 82 381 387 0.9845 93 0.8817
2002 1 11 24 82 376 389 0.9666 93 0.8817
2002 1 12 24 64 179 390 0.459 93 0.6882
2002 1 13 24 46 7 392 0.0179 91 0.5055
2002 1 14 24 85 388 394 0.9848 92 0.9239
2002 1 15 24 87 390 396 0.9848 92 0.9457
2002 1 16 24 86 362 400 0.905 92 0.9348
2002 1 17 24 84 346 401 0.8628 94 0.8936
2002 1 18 24 89 391 403 0.9702 96 0.9271
2002 1 19 24 62 94 405 0.2321 99 0.6263
2002 1 20 24 91 368 408 0.902 99 0.9192
2002 1 21 24 47 140 417 0.3357 107 0.4393
2002 1 22 24 85 321 417 0.7698 107 0.7944
2002 1 23 24 69 169 417 0.4053 107 0.6449
2002 1 24 24 46 17 417 0.0408 106 0.434
2002 1 25 24 90 313 420 0.7452 108 0.8333
2002 1 26 24 90 362 427 0.8478 112 0.8036
2002 1 27 24 25 0 427 0 112 0.2232
2002 1 28 24 72 182 429 0.4242 113 0.6372
2002 1 29 24 102 417 432 0.9653 117 0.8718
2002 1 30 24 88 349 436 0.8005 117 0.7521
2002 1 31 24 65 74 439 0.1686 118 0.5508
2002 2 1 24 94 348 441 0.7891 119 0.7899
2002 2 2 24 109 437 444 0.9842 120 0.9083
2002 2 3 24 115 440 446 0.9865 125 0.92
2002 2 4 24 98 313 449 0.6971 127 0.7717
2002 2 5 24 84 168 452 0.3717 132 0.6364
2002 2 6 24 37 0 463 0 132 0.2803
2002 2 7 24 81 26 463 0.0562 133 0.609
2002 2 8 24 66 1 463 0.0022 133 0.4962
2002 2 9 24 109 282 461 0.6117 139 0.7842
2002 2 10 24 49 0 462 0 142 0.3451
2002 2 11 24 100 192 464 0.4138 142 0.7042
2002 2 12 24 133 460 468 0.9829 143 0.9301
2002 2 13 24 111 290 472 0.6144 143 0.7762
2002 2 14 24 69 9 473 0.019 149 0.4631
2002 2 15 24 124 271 476 0.5693 149 0.8322
2002 2 16 24 102 228 500 0.456 154 0.6623
2002 2 17 24 141 454 500 0.908 158 0.8924
2002 2 18 24 132 236 500 0.472 160 0.825
2002 2 19 24 106 100 496 0.2016 162 0.6543
2002 2 20 24 103 17 507 0.0335 164 0.628
2002 2 21 24 79 11 512 0.0215 165 0.4788
2002 2 22 24 117 209 518 0.4035 170 0.6882
2002 2 23 24 133 217 520 0.4173 177 0.7514
2002 2 24 24 98 0 530 0 177 0.5537
2002 2 25 24 102 0 541 0 179 0.5698
2002 2 26 24 126 205 546 0.3755 180 0.7
2002 2 27 24 133 201 546 0.3681 185 0.7189
2002 2 28 24 72 15 548 0.0274 185 0.3892
2002 3 1 24 119 165 554 0.2978 196 0.6071
2002 3 2 24 46 0 557 0 196 0.2347
2002 3 3 24 130 98 558 0.1756 198 0.6566
2002 3 4 24 190 558 562 0.9929 205 0.9268
2002 3 5 24 153 284 566 0.5018 205 0.7463
2002 3 6 24 104 140 569 0.246 208 0.5
2002 3 7 24 137 189 571 0.331 209 0.6555
2002 3 8 24 181 502 574 0.8746 211 0.8578
2002 3 9 24 189 526 576 0.9132 213 0.8873
2002 3 10 24 196 514 578 0.8893 213 0.9202
2002 3 11 24 209 578 579 0.9983 217 0.9631
2002 3 12 24 174 407 580 0.7017 219 0.7945
2002 3 13 24 205 579 581 0.9966 223 0.9193
2002 3 14 24 115 138 586 0.2355 226 0.5088
2002 3 15 24 187 417 587 0.7104 229 0.8166
2002 3 16 24 210 559 590 0.9475 229 0.917
2002 3 17 24 199 578 590 0.9797 234 0.8504
2002 3 18 24 202 516 594 0.8687 236 0.8559
2002 3 19 24 31 0 597 0 240 0.1292
2002 3 20 24 153 133 600 0.2217 242 0.6322
2002 3 21 24 142 104 603 0.1725 245 0.5796
2002 3 22 24 42 0 603 0 245 0.1714
2002 3 23 24 139 8 606 0.0132 245 0.5673
2002 3 24 24 184 103 610 0.1689 249 0.739
2002 3 25 24 249 388 612 0.634 260 0.9577
2002 3 26 24 255 611 613 0.9967 260 0.9808
2002 3 27 24 259 609 615 0.9902 266 0.9737
2002 3 28 24 257 614 617 0.9951 266 0.9662
2002 3 29 24 257 616 617 0.9984 266 0.9662
2002 3 30 24 239 533 620 0.8597 263 0.9087
2002 3 31 24 219 491 622 0.7894 282 0.7766
2002 4 1 24 220 421 623 0.6758 282 0.7801
2002 4 2 24 256 570 624 0.9135 282 0.9078
2002 4 3 24 245 565 625 0.904 277 0.8845
2002 4 4 24 243 542 625 0.8672 277 0.8773
2002 4 5 24 171 185 627 0.2951 277 0.6173
2002 4 6 24 264 623 629 0.9905 291 0.9072
2002 4 7 24 207 275 629 0.4372 291 0.7113
2002 4 8 24 107 14 631 0.0222 291 0.3677
2002 4 9 24 194 189 631 0.2995 287 0.676
2002 4 10 24 179 236 632 0.3734 296 0.6047
2002 4 11 24 189 55 633 0.0869 299 0.6321
2002 4 12 24 147 0 633 0 299 0.4916
2002 4 13 24 195 201 633 0.3175 300 0.65
2002 4 14 24 162 0 634 0 303 0.5347
2002 4 15 24 219 79 634 0.1246 307 0.7134
2002 4 16 24 219 215 634 0.3391 307 0.7134
2002 4 17 24 121 0 634 0 307 0.3941
2002 4 18 24 209 301 637 0.4725 309 0.6764
2002 4 19 24 191 168 637 0.2637 320 0.5969
2002 4 20 24 150 11 638 0.0172 320 0.4688
2002 4 21 24 305 599 639 0.9374 320 0.9531
2002 4 22 24 294 585 639 0.9155 320 0.9188
2002 4 23 24 273 483 640 0.7547 320 0.8531
2002 4 24 24 86 0 640 0 320 0.2688
2002 4 25 24 56 2 640 0.0031 316 0.1772
2002 4 26 24 240 350 642 0.5452 316 0.7595
2002 4 27 24 268 422 642 0.6573 315 0.8508
2002 4 28 24 254 343 642 0.5343 337 0.7537
2002 4 29 24 197 135 643 0.21 337 0.5846
2002 4 30 24 306 641 643 0.9969 337 0.908
2002 5 1 24 168 106 643 0.1649 332 0.506
2002 5 2 24 259 276 642 0.4299 333 0.7778
2002 5 3 24 115 26 642 0.0405 354 0.3249
2002 5 4 24 129 99 645 0.1535 354 0.3644
2002 5 5 24 163 57 645 0.0884 354 0.4605
2002 5 6 24 314 510 647 0.7883 353 0.8895
2002 5 7 24 321 616 647 0.9521 353 0.9093
2002 5 8 24 133 0 647 0 353 0.3768
2002 5 9 24 195 72 648 0.1111 344 0.5669
2002 5 10 24 274 393 648 0.6065 344 0.7965
2002 5 11 24 137 30 649 0.0462 344 0.3983
2002 5 12 24 199 80 651 0.1229 341 0.5836
2002 5 13 24 217 182 654 0.2783 353 0.6147
2002 5 14 24 296 474 656 0.7226 353 0.8385
2002 5 15 24 335 656 656 1 353 0.949
2002 5 16 24 333 638 659 0.9681 355 0.938
2002 5 17 24 329 658 673 0.9777 355 0.9268
2002 5 18 24 246 438 688 0.6366 360 0.6833
2002 5 19 24 138 1 692 0.0014 360 0.3833
2002 5 20 24 299 415 692 0.5997 360 0.8306
2002 5 21 24 288 487 697 0.6987 359 0.8022
2002 5 22 24 216 162 699 0.2318 359 0.6017
2002 5 23 24 133 26 702 0.037 363 0.3664
2002 5 24 24 209 165 705 0.234 363 0.5758
2002 5 25 24 216 196 706 0.2776 363 0.595
2002 5 26 24 277 259 706 0.3669 358 0.7737
2002 5 27 24 87 1 708 0.0014 362 0.2403
2002 5 28 24 176 27 713 0.0379 369 0.477
2002 5 29 24 251 203 714 0.2843 369 0.6802
2002 5 30 24 327 570 715 0.7972 369 0.8862
2002 5 31 24 363 712 717 0.993 363 1
2002 6 1 24 358 716 717 0.9986 363 0.9862
2002 6 2 24 361 699 718 0.9735 361 1
2002 6 3 24 188 208 718 0.2897 370 0.5081
2002 6 4 24 304 468 718 0.6518 370 0.8216
2002 6 5 24 214 199 698 0.2851 375 0.5707
2002 6 6 24 219 187 725 0.2579 376 0.5824
2002 6 7 24 136 71 725 0.0979 376 0.3617
2002 6 8 24 149 42 727 0.0578 376 0.3963
2002 6 9 24 188 81 727 0.1114 366 0.5137
2002 6 10 24 233 220 727 0.3026 366 0.6366
2002 6 11 24 329 607 729 0.8326 384 0.8568
2002 6 12 24 289 520 729 0.7133 384 0.7526
2002 6 13 24 332 610 730 0.8356 384 0.8646
2002 6 14 24 355 730 730 1 363 0.978
2002 6 15 24 339 687 730 0.9411 367 0.9237
2002 6 16 24 208 175 728 0.2404 367 0.5668
2002 6 17 24 345 722 733 0.985 367 0.9401
2002 6 18 24 330 604 733 0.824 366 0.9016
2002 6 19 24 193 347 733 0.4734 367 0.5259
2002 6 20 24 301 530 733 0.7231 367 0.8202
2002 6 21 24 200 297 733 0.4052 368 0.5435
2002 6 22 24 343 720 733 0.9823 373 0.9196
2002 6 23 24 321 665 733 0.9072 373 0.8606
2002 6 24 24 139 160 733 0.2183 373 0.3727
2002 6 25 24 250 203 733 0.2769 367 0.6812
2002 6 26 24 360 672 733 0.9168 361 0.9972
2002 6 27 24 269 451 731 0.617 363 0.741
2002 6 28 24 82 0 731 0 363 0.2259
2002 6 29 24 360 653 731 0.8933 363 0.9917
2002 6 30 24 295 500 728 0.6868 360 0.8194
2002 7 1 24 358 722 728 0.9918 365 0.9808
2002 7 2 24 119 22 727 0.0303 365 0.326
2002 7 3 24 150 115 727 0.1582 365 0.411
2002 7 4 24 206 208 726 0.2865 360 0.5722
2002 7 5 24 252 386 721 0.5354 360 0.7
2002 7 6 24 57 0 721 0 356 0.1601
2002 7 7 24 354 659 721 0.914 365 0.9699
2002 7 8 24 340 685 720 0.9514 365 0.9315
2002 7 9 24 277 481 719 0.669 365 0.7589
2002 7 10 24 172 198 719 0.2754 362 0.4751
2002 7 11 24 225 242 717 0.3375 357 0.6303
2002 7 12 24 299 514 717 0.7169 354 0.8446
2002 7 13 24 51 2 716 0.0028 350 0.1457
2002 7 14 24 145 182 712 0.2556 354 0.4096
2002 7 15 24 158 156 712 0.2191 354 0.4463
2002 7 16 24 205 300 750 0.4 354 0.5791
2002 7 17 24 97 0 750 0 350 0.2771
2002 7 18 24 159 66 750 0.088 348 0.4569
2002 7 19 24 341 689 705 0.9773 347 0.9827
2002 7 20 24 331 687 700 0.9814 347 0.9539
2002 7 21 24 124 73 699 0.1044 346 0.3584
2002 7 22 24 237 348 697 0.4993 346 0.685
2002 7 23 24 328 694 696 0.9971 336 0.9762
2002 7 24 24 228 274 696 0.3937 334 0.6826
2002 7 25 24 111 0 684 0 331 0.3353
2002 7 26 24 90 0 678 0 331 0.2719
2002 7 27 24 328 636 662 0.9607 331 0.9909
2002 7 28 24 309 630 657 0.9589 330 0.9364
2002 7 29 24 288 501 673 0.7444 330 0.8727
2002 7 30 24 170 267 673 0.3967 327 0.5199
2002 7 31 24 180 282 673 0.419 327 0.5505
2002 8 1 24 228 324 651 0.4977 327 0.6972
2002 8 2 24 307 602 651 0.9247 327 0.9388
2002 8 3 24 196 275 648 0.4244 326 0.6012
2002 8 4 24 225 354 648 0.5463 325 0.6923
2002 8 5 24 272 407 648 0.6281 317 0.858
2002 8 6 24 53 0 648 0 317 0.1672
2002 8 7 24 88 0 646 0 317 0.2776
2002 8 8 24 294 512 716 0.7151 317 0.9274
2002 8 9 24 88 8 716 0.0112 314 0.2803
2002 8 10 24 76 6 716 0.0084 314 0.242
2002 8 11 24 50 0 700 0 305 0.1639
2002 8 12 24 108 36 700 0.0514 315 0.3429
2002 8 13 24 146 83 700 0.1186 315 0.4635
2002 8 14 24 296 629 642 0.9798 315 0.9397
2002 8 15 24 292 624 641 0.9735 304 0.9605
2002 8 16 24 281 605 641 0.9438 300 0.9367
2002 8 17 24 288 626 640 0.9781 302 0.9536
2002 8 18 24 279 600 640 0.9375 302 0.9238
2002 8 19 24 213 393 639 0.615 302 0.7053
2002 8 20 24 193 364 639 0.5696 296 0.652
2002 8 21 24 123 60 638 0.094 302 0.4073
2002 8 22 24 282 628 638 0.9843 302 0.9338
2002 8 23 24 154 224 636 0.3522 302 0.5099
2002 8 24 24 178 303 636 0.4764 288 0.6181
2002 8 25 24 185 333 635 0.5244 288 0.6424
2002 8 26 24 103 86 635 0.1354 282 0.3652
2002 8 27 24 106 22 634 0.0347 289 0.3668
2002 8 28 24 162 184 633 0.2907 289 0.5606
2002 8 29 24 163 124 633 0.1959 289 0.564
2002 8 30 24 246 537 633 0.8483 280 0.8786
2002 8 31 24 183 239 633 0.3776 280 0.6536
2002 9 1 24 124 31 632 0.0491 280 0.4429
2002 9 2 24 181 220 630 0.3492 279 0.6487
2002 9 3 24 52 14 628 0.0223 264 0.197
2002 9 4 24 122 99 628 0.1576 264 0.4621
2002 9 5 24 252 552 628 0.879 266 0.9474
2002 9 6 24 142 92 628 0.1465 266 0.5338
2002 9 7 24 175 269 626 0.4297 266 0.6579
2002 9 8 24 131 216 626 0.345 259 0.5058
2002 9 9 24 145 262 624 0.4199 259 0.5598
2002 9 10 24 107 19 624 0.0304 250 0.428
2002 9 11 24 172 213 623 0.3419 249 0.6908
2002 9 12 24 230 586 621 0.9436 249 0.9237
2002 9 13 24 238 593 620 0.9565 249 0.9558
2002 9 14 24 218 540 617 0.8752 245 0.8898
2002 9 15 24 109 78 615 0.1268 244 0.4467
2002 9 16 24 221 571 614 0.93 241 0.917
2002 9 17 24 231 611 612 0.9984 251 0.9203
2002 9 18 24 231 609 611 0.9967 251 0.9203
2002 9 19 24 83 25 610 0.041 251 0.3307
2002 9 20 24 106 112 608 0.1842 236 0.4492
2002 9 21 24 117 134 604 0.2219 233 0.5021
2002 9 22 24 79 18 601 0.03 233 0.3391
2002 9 23 24 77 0 599 0 224 0.3438
2002 9 24 24 68 0 596 0 224 0.3036
2002 9 25 24 78 0 594 0 222 0.3514
2002 9 26 24 62 0 592 0 214 0.2897
2002 9 27 24 81 25 590 0.0424 212 0.3821
2002 9 28 24 200 464 588 0.7891 211 0.9479
2002 9 29 24 210 581 586 0.9915 211 0.9953
2002 9 30 24 207 580 581 0.9983 210 0.9857
2002 10 1 24 204 579 580 0.9983 207 0.9855
2002 10 2 24 175 546 579 0.943 204 0.8578
2002 10 3 24 160 395 578 0.6834 197 0.8122
2002 10 4 24 71 0 576 0 197 0.3604
2002 10 5 24 169 417 574 0.7265 195 0.8667
2002 10 6 24 50 0 572 0 191 0.2618
2002 10 7 24 160 402 567 0.709 190 0.8421
2002 10 8 24 159 487 567 0.8589 187 0.8503
2002 10 9 24 158 513 562 0.9128 185 0.8541
2002 10 10 24 111 219 559 0.3918 182 0.6099
2002 10 11 24 104 183 557 0.3285 181 0.5746
2002 10 12 24 33 0 555 0 178 0.1854
2002 10 13 24 161 406 551 0.7368 178 0.9045
2002 10 14 24 66 27 548 0.0493 175 0.3771
2002 10 15 24 75 59 546 0.1081 175 0.4286
2002 10 16 24 79 159 544 0.2923 171 0.462
2002 10 17 24 19 0 539 0 169 0.1124
2002 10 18 24 139 204 529 0.3856 165 0.8424
2002 10 19 24 100 171 519 0.3295 162 0.6173
2002 10 20 24 77 21 517 0.0406 162 0.4753
2002 10 21 24 56 19 510 0.0373 159 0.3522
2002 10 22 24 120 365 502 0.7271 159 0.7547
2002 10 23 24 91 184 493 0.3732 154 0.5909
2002 10 24 24 133 418 489 0.8548 150 0.8867
2002 10 25 24 78 101 483 0.2091 150 0.52
2002 10 26 24 131 427 480 0.8896 149 0.8792
2002 10 27 24 110 315 480 0.6562 144 0.7639
2002 10 28 24 131 421 472 0.8919 142 0.9225
2002 10 29 24 119 409 470 0.8702 138 0.8623
2002 10 30 24 107 433 465 0.9312 134 0.7985
2002 10 31 24 106 326 463 0.7041 133 0.797
2002 11 1 24 119 458 462 0.9913 130 0.9154
2002 11 2 24 15 0 461 0 130 0.1154
2002 11 3 24 38 6 460 0.013 129 0.2946
2002 11 4 24 44 0 460 0 125 0.352
2002 11 5 24 56 17 458 0.0371 125 0.448
2002 11 6 24 119 447 451 0.9911 125 0.952
2002 11 7 24 55 16 449 0.0356 121 0.4545
2002 11 8 24 85 192 445 0.4315 121 0.7025
2002 11 9 24 57 26 443 0.0587 118 0.4831
2002 11 10 24 84 190 441 0.4308 118 0.7119
2002 11 11 24 35 0 439 0 114 0.307
2002 11 12 24 105 431 435 0.9908 114 0.9211
2002 11 13 24 50 8 431 0.0186 108 0.463
2002 11 14 24 41 22 428 0.0514 108 0.3796
2002 11 15 24 17 0 423 0 106 0.1604
2002 11 16 24 7 0 421 0 104 0.0673
2002 11 17 24 83 216 419 0.5155 104 0.7981
2002 11 18 24 19 0 417 0 104 0.1827
2002 11 19 24 49 0 415 0 102 0.4804
2002 11 20 24 94 409 414 0.9879 99 0.9495
2002 11 21 24 58 53 410 0.1293 99 0.5859
2002 11 22 24 24 0 407 0 99 0.2424
2002 11 23 24 84 348 405 0.8593 97 0.866
2002 11 24 24 68 111 403 0.2754 97 0.701
2002 11 25 24 35 0 401 0 96 0.3646
2002 11 26 24 26 0 399 0 96 0.2708
2002 11 27 24 77 353 396 0.8914 89 0.8652
2002 11 28 24 70 270 395 0.6835 89 0.7865
2002 11 29 24 12 0 392 0 86 0.1395
2002 11 30 24 38 0 391 0 102 0.3725
2002 12 1 24 81 387 389 0.9949 102 0.7941
2002 12 2 24 28 0 388 0 102 0.2745
2002 12 3 24 40 33 387 0.0853 86 0.4651
2002 12 4 24 79 275 387 0.7106 86 0.9186
2002 12 5 24 65 126 387 0.3256 86 0.7558
2002 12 6 24 60 225 386 0.5829 81 0.7407
2002 12 7 24 77 373 381 0.979 89 0.8652
2002 12 8 24 61 256 380 0.6737 89 0.6854
2002 12 9 24 48 81 379 0.2137 89 0.5393
2002 12 10 24 73 376 377 0.9973 80 0.9125
2002 12 11 24 75 376 377 0.9973 80 0.9375
2002 12 12 24 65 313 377 0.8302 81 0.8025
2002 12 13 24 34 9 375 0.024 81 0.4198
2002 12 14 24 55 89 375 0.2373 81 0.679
2002 12 15 24 29 0 375 0 76 0.3816
2002 12 16 24 43 0 374 0 85 0.5059
2002 12 17 24 41 0 374 0 85 0.4824
2002 12 18 24 46 90 374 0.2406 85 0.5412
2002 12 19 24 73 373 386 0.9663 84 0.869
2002 12 20 24 75 386 386 1 84 0.8929
2002 12 21 24 30 0 386 0 84 0.3571
2002 12 22 24 27 0 373 0 78 0.3462
2002 12 23 24 60 250 373 0.6702 82 0.7317
2002 12 24 24 45 0 373 0 82 0.5488
2002 12 25 24 32 0 373 0 82 0.3902
2002 12 26 24 44 66 374 0.1765 77 0.5714
2002 12 27 24 39 3 374 0.008 77 0.5065
2002 12 28 24 18 0 374 0 77 0.2338
2002 12 29 24 58 198 375 0.528 79 0.7342
2002 12 30 24 29 0 376 0 79 0.3671
2002 12 31 24 29 0 377 0 79 0.3671
2003 1 1 24 72 306 377 0.8117 79 0.9114
2003 1 2 24 30 0 378 0 81 0.3704
2003 1 3 24 72 326 378 0.8624 81 0.8889
2003 1 4 24 71 242 379 0.6385 81 0.8765
2003 1 5 24 45 0 381 0 93 0.4839
2003 1 6 24 66 206 382 0.5393 93 0.7097
2003 1 7 24 61 74 384 0.1927 93 0.6559
2003 1 8 24 80 382 385 0.9922 86 0.9302
2003 1 9 24 71 277 387 0.7158 87 0.8161
2003 1 10 24 74 280 387 0.7235 93 0.7957
2003 1 11 24 78 387 389 0.9949 93 0.8387
2003 1 12 24 86 388 390 0.9949 93 0.9247
2003 1 13 24 72 228 392 0.5816 91 0.7912
2003 1 14 24 65 235 394 0.5964 92 0.7065
2003 1 15 24 86 393 396 0.9924 92 0.9348
2003 1 16 24 34 2 400 0.005 92 0.3696
2003 1 17 24 91 397 401 0.99 94 0.9681
2003 1 18 24 74 233 403 0.5782 96 0.7708
2003 1 19 24 91 402 405 0.9926 99 0.9192
2003 1 20 24 86 402 408 0.9853 99 0.8687
2003 1 21 24 48 0 417 0 107 0.4486
2003 1 22 24 83 215 417 0.5156 107 0.7757
2003 1 23 24 46 30 417 0.0719 107 0.4299
2003 1 24 24 59 5 417 0.012 106 0.5566
2003 1 25 24 99 416 420 0.9905 108 0.9167
2003 1 26 24 61 84 427 0.1967 112 0.5446
2003 1 27 24 33 0 427 0 112 0.2946
2003 1 28 24 42 14 429 0.0326 113 0.3717
2003 1 29 24 61 3 432 0.0069 117 0.5214
2003 1 30 24 56 3 436 0.0069 117 0.4786
2003 1 31 24 73 0 439 0 118 0.6186
2003 2 1 24 114 430 441 0.9751 119 0.958
2003 2 2 24 57 2 444 0.0045 120 0.475
2003 2 3 24 67 0 446 0 125 0.536
2003 2 4 24 61 2 449 0.0045 127 0.4803
2003 2 5 24 39 0 452 0 132 0.2955
2003 2 6 24 55 0 463 0 132 0.4167
2003 2 7 24 103 250 463 0.54 133 0.7744
2003 2 8 24 50 0 463 0 133 0.3759
2003 2 9 24 129 436 461 0.9458 139 0.9281
2003 2 10 24 132 460 462 0.9957 142 0.9296
2003 2 11 24 134 461 464 0.9935 142 0.9437
2003 2 12 24 140 463 468 0.9893 143 0.979
2003 2 13 24 137 466 472 0.9873 143 0.958
2003 2 14 24 138 470 473 0.9937 149 0.9262
2003 2 15 24 144 472 476 0.9916 149 0.9664
2003 2 16 24 128 342 500 0.684 154 0.8312
2003 2 17 24 147 477 500 0.954 158 0.9304
2003 2 18 24 152 481 500 0.962 160 0.95
2003 2 19 24 154 488 496 0.9839 162 0.9506
2003 2 20 24 155 494 507 0.9744 164 0.9451
2003 2 21 24 157 502 512 0.9805 165 0.9515
2003 2 22 24 162 509 518 0.9826 170 0.9529
2003 2 23 24 166 515 520 0.9904 177 0.9379
2003 2 24 24 169 519 530 0.9792 177 0.9548
2003 2 25 24 174 528 541 0.976 179 0.9721
2003 2 26 24 169 536 546 0.9817 180 0.9389
2003 2 27 24 176 540 546 0.989 185 0.9514
2003 2 28 24 159 363 548 0.6624 185 0.8595
2003 3 1 24 156 438 554 0.7906 196 0.7959
2003 3 2 24 137 277 557 0.4973 196 0.699
2003 3 3 24 106 49 558 0.0878 198 0.5354
2003 3 4 24 186 544 562 0.968 205 0.9073
2003 3 5 24 183 539 566 0.9523 205 0.8927
2003 3 6 24 133 144 569 0.2531 208 0.6394
2003 3 7 24 158 325 571 0.5692 209 0.756
2003 3 8 24 170 378 574 0.6585 211 0.8057
2003 3 9 24 158 308 576 0.5347 213 0.7418
2003 3 10 24 191 528 578 0.9135 213 0.8967
2003 3 11 24 162 352 579 0.6079 217 0.7465
2003 3 12 24 144 223 580 0.3845 219 0.6575
2003 3 13 24 217 508 581 0.8744 223 0.9731
2003 3 14 24 214 580 586 0.9898 226 0.9469
2003 3 15 24 215 580 587 0.9881 229 0.9389
2003 3 16 24 216 586 590 0.9932 229 0.9432
2003 3 17 24 212 576 590 0.9763 234 0.906
2003 3 18 24 225 590 594 0.9933 236 0.9534
2003 3 19 24 223 593 597 0.9933 240 0.9292
2003 3 20 24 227 594 600 0.99 242 0.938
2003 3 21 24 224 552 603 0.9154 245 0.9143
2003 3 22 24 223 599 603 0.9934 245 0.9102
2003 3 23 24 233 603 606 0.995 245 0.951
2003 3 24 24 236 606 610 0.9934 249 0.9478
2003 3 25 24 235 609 612 0.9951 260 0.9038
2003 3 26 24 220 523 613 0.8532 260 0.8462
2003 3 27 24 202 553 615 0.8992 266 0.7594
2003 3 28 24 158 105 617 0.1702 266 0.594
2003 3 29 24 228 549 617 0.8898 266 0.8571
2003 3 30 24 181 324 620 0.5226 263 0.6882
2003 3 31 24 100 85 622 0.1367 282 0.3546
2003 4 1 24 251 620 623 0.9952 282 0.8901
2003 4 2 24 78 0 624 0 282 0.2766
2003 4 3 24 156 7 625 0.0112 277 0.5632
2003 4 4 24 257 437 625 0.6992 277 0.9278
2003 4 5 24 266 575 627 0.9171 277 0.9603
2003 4 6 24 175 138 629 0.2194 291 0.6014
2003 4 7 24 226 304 629 0.4833 291 0.7766
2003 4 8 24 286 628 631 0.9952 291 0.9828
2003 4 9 24 169 100 631 0.1585 287 0.5889
2003 4 10 24 117 13 632 0.0206 296 0.3953
2003 4 11 24 264 593 633 0.9368 299 0.8829
2003 4 12 24 153 0 633 0 299 0.5117
2003 4 13 24 285 630 633 0.9953 300 0.95
2003 4 14 24 280 618 634 0.9748 303 0.9241
2003 4 15 24 284 631 634 0.9953 307 0.9251
2003 4 16 24 287 632 634 0.9968 307 0.9349
2003 4 17 24 219 383 634 0.6041 307 0.7134
2003 4 18 24 272 549 637 0.8619 309 0.8803
2003 4 19 24 221 377 637 0.5918 320 0.6906
2003 4 20 24 190 157 638 0.2461 320 0.5938
2003 4 21 24 143 207 639 0.3239 320 0.4469
2003 4 22 24 169 166 639 0.2598 320 0.5281
2003 4 23 24 187 233 640 0.3641 320 0.5844
2003 4 24 24 297 635 640 0.9922 320 0.9281
2003 4 25 24 287 596 640 0.9312 316 0.9082
2003 4 26 24 164 195 642 0.3037 316 0.519
2003 4 27 24 285 505 642 0.7866 315 0.9048
2003 4 28 24 266 418 642 0.6511 337 0.7893
2003 4 29 24 275 547 643 0.8507 337 0.816
2003 4 30 24 122 47 643 0.0731 337 0.362
2003 5 1 24 280 444 643 0.6905 332 0.8434
2003 5 2 24 112 47 642 0.0732 333 0.3363
2003 5 3 24 292 518 642 0.8069 354 0.8249
2003 5 4 24 320 642 645 0.9953 354 0.904
2003 5 5 24 299 607 645 0.9411 354 0.8446
2003 5 6 24 275 619 647 0.9567 353 0.779
2003 5 7 24 283 550 647 0.8501 353 0.8017
2003 5 8 24 286 587 647 0.9073 353 0.8102
2003 5 9 24 179 344 648 0.5309 344 0.5203
2003 5 10 24 128 95 648 0.1466 344 0.3721
2003 5 11 24 231 302 649 0.4653 344 0.6715
2003 5 12 24 205 199 651 0.3057 341 0.6012
2003 5 13 24 121 66 654 0.1009 353 0.3428
2003 5 14 24 241 272 656 0.4146 353 0.6827
2003 5 15 24 295 483 656 0.7363 353 0.8357
2003 5 16 24 333 629 659 0.9545 355 0.938
2003 5 17 24 189 293 673 0.4354 355 0.5324
2003 5 18 24 237 308 688 0.4477 360 0.6583
2003 5 19 24 320 561 692 0.8107 360 0.8889
2003 5 20 24 110 3 692 0.0043 360 0.3056
2003 5 21 24 180 104 697 0.1492 359 0.5014
2003 5 22 24 99 0 699 0 359 0.2758
2003 5 23 24 288 447 702 0.6368 363 0.7934
2003 5 24 24 340 674 705 0.956 363 0.9366
2003 5 25 24 219 327 706 0.4632 363 0.6033
2003 5 26 24 198 154 706 0.2181 358 0.5531
2003 5 27 24 252 311 708 0.4393 362 0.6961
2003 5 28 24 201 279 713 0.3913 369 0.5447
2003 5 29 24 164 42 714 0.0588 369 0.4444
2003 5 30 24 214 272 715 0.3804 369 0.5799
2003 5 31 24 300 543 717 0.7573 363 0.8264
2003 6 1 24 347 671 717 0.9358 363 0.9559
2003 6 2 24 271 391 718 0.5446 361 0.7507
2003 6 3 24 262 417 718 0.5808 370 0.7081
2003 6 4 24 281 463 718 0.6448 370 0.7595
2003 6 5 24 235 410 698 0.5874 375 0.6267
2003 6 6 24 268 439 725 0.6055 376 0.7128
2003 6 7 24 229 342 725 0.4717 376 0.609
2003 6 8 24 221 206 727 0.2834 376 0.5878
2003 6 9 24 269 423 727 0.5818 366 0.735
2003 6 10 24 340 667 727 0.9175 366 0.929
2003 6 11 24 295 629 729 0.8628 384 0.7682
2003 6 12 24 234 397 729 0.5446 384 0.6094
2003 6 13 24 323 637 730 0.8726 384 0.8411
2003 6 14 24 265 483 730 0.6616 363 0.73
2003 6 15 24 200 225 730 0.3082 367 0.545
2003 6 16 24 244 393 728 0.5398 367 0.6649
2003 6 17 24 286 468 733 0.6385 367 0.7793
2003 6 18 24 237 338 733 0.4611 366 0.6475
2003 6 19 24 197 67 733 0.0914 367 0.5368
2003 6 20 24 300 463 733 0.6317 367 0.8174
2003 6 21 24 325 596 733 0.8131 368 0.8832
2003 6 22 24 358 730 733 0.9959 373 0.9598
2003 6 23 24 234 421 733 0.5744 373 0.6273
2003 6 24 24 272 500 733 0.6821 373 0.7292
2003 6 25 24 267 404 733 0.5512 367 0.7275
2003 6 26 24 188 223 733 0.3042 361 0.5208
2003 6 27 24 275 399 731 0.5458 363 0.7576
2003 6 28 24 256 360 731 0.4925 363 0.7052
2003 6 29 24 348 673 731 0.9207 363 0.9587
2003 6 30 24 326 706 728 0.9698 360 0.9056
2003 7 1 24 61 76 728 0.1044 365 0.1671
2003 7 2 24 330 524 727 0.7208 365 0.9041
2003 7 3 24 114 36 727 0.0495 365 0.3123
2003 7 4 24 163 65 726 0.0895 360 0.4528
2003 7 5 24 183 123 721 0.1706 360 0.5083
2003 7 6 24 337 661 721 0.9168 356 0.9466
2003 7 7 24 348 695 721 0.9639 365 0.9534
2003 7 8 24 343 688 720 0.9556 365 0.9397
2003 7 9 24 274 499 719 0.694 365 0.7507
2003 7 10 24 300 623 719 0.8665 362 0.8287
2003 7 11 24 346 683 717 0.9526 357 0.9692
2003 7 12 24 299 619 717 0.8633 354 0.8446
2003 7 13 24 330 686 716 0.9581 350 0.9429
2003 7 14 24 321 685 712 0.9621 354 0.9068
2003 7 15 24 263 444 712 0.6236 354 0.7429
2003 7 16 24 255 482 750 0.6427 354 0.7203
2003 7 17 24 119 51 750 0.068 350 0.34
2003 7 18 24 338 705 750 0.94 348 0.9713
2003 7 19 24 337 700 705 0.9929 347 0.9712
2003 7 20 24 318 654 700 0.9343 347 0.9164
2003 7 21 24 156 281 699 0.402 346 0.4509
2003 7 22 24 253 448 697 0.6428 346 0.7312
2003 7 23 24 257 413 696 0.5934 336 0.7649
2003 7 24 24 67 0 696 0 334 0.2006
2003 7 25 24 310 660 684 0.9649 331 0.9366
2003 7 26 24 236 435 678 0.6416 331 0.713
2003 7 27 24 218 328 662 0.4955 331 0.6586
2003 7 28 24 173 131 657 0.1994 330 0.5242
2003 7 29 24 164 115 673 0.1709 330 0.497
2003 7 30 24 286 544 673 0.8083 327 0.8746
2003 7 31 24 139 103 673 0.153 327 0.4251
2003 8 1 24 269 497 651 0.7634 327 0.8226
2003 8 2 24 298 624 651 0.9585 327 0.9113
2003 8 3 24 301 634 648 0.9784 326 0.9233
2003 8 4 24 296 642 648 0.9907 325 0.9108
2003 8 5 24 287 604 648 0.9321 317 0.9054
2003 8 6 24 277 584 648 0.9012 317 0.8738
2003 8 7 24 274 587 646 0.9087 317 0.8644
2003 8 8 24 293 626 716 0.8743 317 0.9243
2003 8 9 24 270 590 716 0.824 314 0.8599
2003 8 10 24 269 596 716 0.8324 314 0.8567
2003 8 11 24 289 640 700 0.9143 305 0.9475
2003 8 12 24 285 641 700 0.9157 315 0.9048
2003 8 13 24 289 641 700 0.9157 315 0.9175
2003 8 14 24 133 274 642 0.4268 315 0.4222
2003 8 15 24 122 135 641 0.2106 304 0.4013
2003 8 16 24 232 430 641 0.6708 300 0.7733
2003 8 17 24 257 519 640 0.8109 302 0.851
2003 8 18 24 102 140 640 0.2188 302 0.3377
2003 8 19 24 274 608 639 0.9515 302 0.9073
2003 8 20 24 173 303 639 0.4742 296 0.5845
2003 8 21 24 101 11 638 0.0172 302 0.3344
2003 8 22 24 259 544 638 0.8527 302 0.8576
2003 8 23 24 274 630 636 0.9906 302 0.9073
2003 8 24 24 204 401 636 0.6305 288 0.7083
2003 8 25 24 234 532 635 0.8378 288 0.8125
2003 8 26 24 247 507 635 0.7984 282 0.8759
2003 8 27 24 267 627 634 0.989 289 0.9239
2003 8 28 24 199 397 633 0.6272 289 0.6886
2003 8 29 24 34 7 633 0.0111 289 0.1176
2003 8 30 24 163 257 633 0.406 280 0.5821
2003 8 31 24 120 87 633 0.1374 280 0.4286
2003 9 1 24 120 36 632 0.057 280 0.4286
2003 9 2 24 186 263 630 0.4175 279 0.6667
2003 9 3 24 255 592 628 0.9427 264 0.9659
2003 9 4 24 263 628 628 1 264 0.9962
2003 9 5 24 223 523 628 0.8328 266 0.8383
2003 9 6 24 142 89 628 0.1417 266 0.5338
2003 9 7 24 178 266 626 0.4249 266 0.6692
2003 9 8 24 80 16 626 0.0256 259 0.3089
2003 9 9 24 79 92 624 0.1474 259 0.305
2003 9 10 24 109 90 624 0.1442 250 0.436
2003 9 11 24 79 32 623 0.0514 249 0.3173
2003 9 12 24 50 0 621 0 249 0.2008
2003 9 13 24 168 219 620 0.3532 249 0.6747
2003 9 14 24 240 612 617 0.9919 245 0.9796
2003 9 15 24 241 614 615 0.9984 244 0.9877
2003 9 16 24 229 610 614 0.9935 241 0.9502
2003 9 17 24 231 611 612 0.9984 251 0.9203
2003 9 18 24 227 610 611 0.9984 251 0.9044
2003 9 19 24 218 607 610 0.9951 251 0.8685
2003 9 20 24 217 604 608 0.9934 236 0.9195
2003 9 21 24 209 601 604 0.995 233 0.897
2003 9 22 24 211 575 601 0.9567 233 0.9056
2003 9 23 24 38 0 599 0 224 0.1696
2003 9 24 24 92 18 596 0.0302 224 0.4107
2003 9 25 24 214 592 594 0.9966 222 0.964
2003 9 26 24 212 590 592 0.9966 214 0.9907
2003 9 27 24 203 578 590 0.9797 212 0.9575
2003 9 28 24 181 459 588 0.7806 211 0.8578
2003 9 29 24 110 126 586 0.215 211 0.5213
2003 9 30 24 171 414 581 0.7126 210 0.8143
2003 10 1 24 54 31 580 0.0534 207 0.2609
2003 10 2 24 157 443 579 0.7651 204 0.7696
2003 10 3 24 85 76 578 0.1315 197 0.4315
2003 10 4 24 69 14 576 0.0243 197 0.3503
2003 10 5 24 40 0 574 0 195 0.2051
2003 10 6 24 164 373 572 0.6521 191 0.8586
2003 10 7 24 62 0 567 0 190 0.3263
2003 10 8 24 76 93 567 0.164 187 0.4064
2003 10 9 24 48 0 562 0 185 0.2595
2003 10 10 24 181 547 559 0.9785 182 0.9945
2003 10 11 24 174 530 557 0.9515 181 0.9613
2003 10 12 24 178 551 555 0.9928 178 1
2003 10 13 24 174 547 551 0.9927 178 0.9775
2003 10 14 24 143 461 548 0.8412 175 0.8171
2003 10 15 24 171 544 546 0.9963 175 0.9771
2003 10 16 24 169 539 544 0.9908 171 0.9883
2003 10 17 24 165 528 539 0.9796 169 0.9763
2003 10 18 24 152 506 529 0.9565 165 0.9212
2003 10 19 24 143 421 519 0.8112 162 0.8827
2003 10 20 24 36 0 517 0 162 0.2222
2003 10 21 24 33 0 510 0 159 0.2075
2003 10 22 24 104 223 502 0.4442 159 0.6541
2003 10 23 24 46 0 493 0 154 0.2987
2003 10 24 24 95 23 489 0.047 150 0.6333
2003 10 25 24 149 477 483 0.9876 150 0.9933
2003 10 26 24 144 454 480 0.9458 149 0.9664
2003 10 27 24 141 472 480 0.9833 144 0.9792
2003 10 28 24 138 470 472 0.9958 142 0.9718
2003 10 29 24 71 64 470 0.1362 138 0.5145
2003 10 30 24 60 83 465 0.1785 134 0.4478
2003 10 31 24 71 17 463 0.0367 133 0.5338
2003 11 1 24 54 0 462 0 130 0.4154
2003 11 2 24 114 316 461 0.6855 130 0.8769
2003 11 3 24 89 212 460 0.4609 129 0.6899
2003 11 4 24 119 453 460 0.9848 125 0.952
2003 11 5 24 118 451 458 0.9847 125 0.944
2003 11 6 24 115 448 451 0.9933 125 0.92
2003 11 7 24 111 424 449 0.9443 121 0.9174
2003 11 8 24 46 0 445 0 121 0.3802
2003 11 9 24 103 440 443 0.9932 118 0.8729
2003 11 10 24 110 439 441 0.9955 118 0.9322
2003 11 11 24 107 435 439 0.9909 114 0.9386
2003 11 12 24 93 279 435 0.6414 114 0.8158
2003 11 13 24 31 1 431 0.0023 108 0.287
2003 11 14 24 96 366 428 0.8551 108 0.8889
2003 11 15 24 94 394 423 0.9314 106 0.8868
2003 11 16 24 62 75 421 0.1781 104 0.5962
2003 11 17 24 81 225 419 0.537 104 0.7788
2003 11 18 24 38 0 417 0 104 0.3654
2003 11 19 24 92 413 415 0.9952 102 0.902
2003 11 20 24 92 410 414 0.9903 99 0.9293
2003 11 21 24 59 99 410 0.2415 99 0.596
2003 11 22 24 40 0 407 0 99 0.404
2003 11 23 24 55 111 405 0.2741 97 0.567
2003 11 24 24 60 121 403 0.3002 97 0.6186
2003 11 25 24 65 188 401 0.4688 96 0.6771
2003 11 26 24 37 0 399 0 96 0.3854
2003 11 27 24 51 115 396 0.2904 89 0.573
2003 11 28 24 26 0 395 0 89 0.2921
2003 11 29 24 56 136 392 0.3469 86 0.6512
2003 11 30 24 44 0 391 0 102 0.4314
2003 12 1 24 46 1 389 0.0026 102 0.451
2003 12 2 24 66 305 388 0.7861 102 0.6471
2003 12 3 24 73 303 387 0.7829 86 0.8488
2003 12 4 24 77 372 387 0.9612 86 0.8953
2003 12 5 24 78 381 387 0.9845 86 0.907
2003 12 6 24 77 322 386 0.8342 81 0.9506
2003 12 7 24 81 379 381 0.9948 89 0.9101
2003 12 8 24 78 379 380 0.9974 89 0.8764
2003 12 9 24 76 377 379 0.9947 89 0.8539
2003 12 10 24 74 291 377 0.7719 80 0.925
2003 12 11 24 61 261 377 0.6923 80 0.7625
2003 12 12 24 51 169 377 0.4483 81 0.6296
2003 12 13 24 40 12 375 0.032 81 0.4938
2003 12 14 24 35 25 375 0.0667 81 0.4321
2003 12 15 24 15 0 375 0 76 0.1974
2003 12 16 24 32 1 374 0.0027 85 0.3765
2003 12 17 24 47 3 374 0.008 85 0.5529
2003 12 18 24 73 373 374 0.9973 85 0.8588
2003 12 19 24 63 166 386 0.4301 84 0.75
2003 12 20 24 72 372 386 0.9637 84 0.8571
2003 12 21 24 40 21 386 0.0544 84 0.4762
2003 12 22 24 29 13 373 0.0349 78 0.3718
2003 12 23 24 78 371 373 0.9946 82 0.9512
2003 12 24 24 79 368 373 0.9866 82 0.9634
2003 12 25 24 65 310 373 0.8311 82 0.7927
2003 12 26 24 71 326 374 0.8717 77 0.9221
2003 12 27 24 39 0 374 0 77 0.5065
2003 12 28 24 56 52 374 0.139 77 0.7273
2003 12 29 24 44 0 375 0 79 0.557
2003 12 30 24 62 251 376 0.6676 79 0.7848
2003 12 31 24 48 12 377 0.0318 79 0.6076
2004 1 1 24 68 271 377 0.7188 79 0.8608
2004 1 2 24 57 101 378 0.2672 81 0.7037
2004 1 3 24 81 376 378 0.9947 81 1
2004 1 4 24 40 1 379 0.0026 81 0.4938
2004 1 5 24 36 0 381 0 93 0.3871
2004 1 6 24 57 127 382 0.3325 93 0.6129
2004 1 7 24 30 0 384 0 93 0.3226
2004 1 8 24 67 245 385 0.6364 86 0.7791
2004 1 9 24 33 0 387 0 87 0.3793
2004 1 10 24 53 65 387 0.168 93 0.5699
2004 1 11 24 56 39 389 0.1003 93 0.6022
2004 1 12 24 48 0 390 0 93 0.5161
2004 1 13 24 13 0 392 0 91 0.1429
2004 1 14 24 82 323 394 0.8198 92 0.8913
2004 1 15 24 20 0 396 0 92 0.2174
2004 1 16 24 56 10 400 0.025 92 0.6087
2004 1 17 24 46 29 401 0.0723 94 0.4894
2004 1 18 24 32 0 403 0 96 0.3333
2004 1 19 24 86 337 405 0.8321 99 0.8687
2004 1 20 24 17 0 408 0 99 0.1717
2004 1 21 24 53 10 417 0.024 107 0.4953
2004 1 22 24 105 351 417 0.8417 107 0.9813
2004 1 23 24 99 411 417 0.9856 107 0.9252
2004 1 24 24 96 296 417 0.7098 106 0.9057
2004 1 25 24 61 35 420 0.0833 108 0.5648
2004 1 26 24 52 0 427 0 112 0.4643
2004 1 27 24 58 0 427 0 112 0.5179
2004 1 28 24 64 45 429 0.1049 113 0.5664
2004 1 29 24 39 0 432 0 117 0.3333
2004 1 30 24 111 429 436 0.9839 117 0.9487
2004 1 31 24 110 433 439 0.9863 118 0.9322
2004 2 1 24 102 367 441 0.8322 119 0.8571
2004 2 2 24 98 255 444 0.5743 120 0.8167
2004 2 3 24 107 417 446 0.935 125 0.856
2004 2 4 24 106 374 449 0.833 127 0.8346
2004 2 5 24 124 447 452 0.9889 132 0.9394
2004 2 6 24 96 268 463 0.5788 132 0.7273
2004 2 7 24 55 3 463 0.0065 133 0.4135
2004 2 8 24 64 106 463 0.2289 133 0.4812
2004 2 9 24 75 149 461 0.3232 139 0.5396
2004 2 10 24 134 456 462 0.987 142 0.9437
2004 2 11 24 45 0 464 0 142 0.3169
2004 2 12 24 85 19 468 0.0406 143 0.5944
2004 2 13 24 105 203 472 0.4301 143 0.7343
2004 2 14 24 141 469 473 0.9915 149 0.9463
2004 2 15 24 123 419 476 0.8803 149 0.8255
2004 2 16 24 147 474 500 0.948 154 0.9545
2004 2 17 24 150 476 500 0.952 158 0.9494
2004 2 18 24 84 59 500 0.118 160 0.525
2004 2 19 24 116 211 496 0.4254 162 0.716
2004 2 20 24 135 367 507 0.7239 164 0.8232
2004 2 21 24 85 32 512 0.0625 165 0.5152
2004 2 22 24 90 8 518 0.0154 170 0.5294
2004 2 23 24 59 0 520 0 177 0.3333
2004 2 24 24 112 156 530 0.2943 177 0.6328
2004 2 25 24 151 515 541 0.9519 179 0.8436
2004 2 26 24 145 274 546 0.5018 180 0.8056
2004 2 27 24 110 79 546 0.1447 185 0.5946
2004 2 28 24 125 0 548 0 185 0.6757
2004 2 29 24 139 172 549 0.3133 195 0.7128
2004 3 1 24 165 345 554 0.6227 196 0.8418
2004 3 2 24 150 224 557 0.4022 196 0.7653
2004 3 3 24 191 557 558 0.9982 198 0.9646
2004 3 4 24 167 304 562 0.5409 205 0.8146
2004 3 5 24 161 299 566 0.5283 205 0.7854
2004 3 6 24 99 27 569 0.0475 208 0.476
2004 3 7 24 108 26 571 0.0455 209 0.5167
2004 3 8 24 128 45 574 0.0784 211 0.6066
2004 3 9 24 211 413 576 0.717 213 0.9906
2004 3 10 24 148 256 578 0.4429 213 0.6948
2004 3 11 24 77 0 579 0 217 0.3548
2004 3 12 24 165 327 580 0.5638 219 0.7534
2004 3 13 24 174 294 581 0.506 223 0.7803
2004 3 14 24 107 109 586 0.186 226 0.4735
2004 3 15 24 218 586 587 0.9983 229 0.952
2004 3 16 24 223 587 590 0.9949 229 0.9738
2004 3 17 24 227 590 590 1 234 0.9701
2004 3 18 24 224 569 594 0.9579 236 0.9492
2004 3 19 24 217 540 597 0.9045 240 0.9042
2004 3 20 24 124 78 600 0.13 242 0.5124
2004 3 21 24 224 532 603 0.8823 245 0.9143
2004 3 22 24 192 316 603 0.524 245 0.7837
2004 3 23 24 90 0 606 0 245 0.3673
2004 3 24 24 115 0 610 0 249 0.4618
2004 3 25 24 179 131 612 0.2141 260 0.6885
2004 3 26 24 153 13 613 0.0212 260 0.5885
2004 3 27 24 221 417 615 0.678 266 0.8308
2004 3 28 24 257 615 617 0.9968 266 0.9662
2004 3 29 24 263 617 617 1 266 0.9887
2004 3 30 24 260 591 620 0.9532 263 0.9886
2004 3 31 24 239 550 622 0.8842 282 0.8475
2004 4 1 24 263 622 623 0.9984 282 0.9326
2004 4 2 24 248 513 624 0.8221 282 0.8794
2004 4 3 24 114 49 625 0.0784 277 0.4116
2004 4 4 24 182 202 625 0.3232 277 0.657
2004 4 5 24 222 267 627 0.4258 277 0.8014
2004 4 6 24 127 30 629 0.0477 291 0.4364
2004 4 7 24 231 331 629 0.5262 291 0.7938
2004 4 8 24 203 317 631 0.5024 291 0.6976
2004 4 9 24 141 6 631 0.0095 287 0.4913
2004 4 10 24 172 103 632 0.163 296 0.5811
2004 4 11 24 232 319 633 0.5039 299 0.7759
2004 4 12 24 253 412 633 0.6509 299 0.8462
2004 4 13 24 129 0 633 0 300 0.43
2004 4 14 24 248 363 634 0.5726 303 0.8185
2004 4 15 24 201 165 634 0.2603 307 0.6547
2004 4 16 24 189 274 634 0.4322 307 0.6156
2004 4 17 24 124 0 634 0 307 0.4039
2004 4 18 24 200 192 637 0.3014 309 0.6472
2004 4 19 24 67 0 637 0 320 0.2094
2004 4 20 24 301 594 638 0.931 320 0.9406
2004 4 21 24 302 636 639 0.9953 320 0.9438
2004 4 22 24 297 632 639 0.989 320 0.9281
2004 4 23 24 278 500 640 0.7812 320 0.8688
2004 4 24 24 166 83 640 0.1297 320 0.5188
2004 4 25 24 207 255 640 0.3984 316 0.6551
2004 4 26 24 313 639 642 0.9953 316 0.9905
2004 4 27 24 231 344 642 0.5358 315 0.7333
2004 4 28 24 201 234 642 0.3645 337 0.5964
2004 4 29 24 251 457 643 0.7107 337 0.7448
2004 4 30 24 204 190 643 0.2955 337 0.6053
2004 5 1 24 257 345 643 0.5365 332 0.7741
2004 5 2 24 191 176 642 0.2741 333 0.5736
2004 5 3 24 155 132 642 0.2056 354 0.4379
2004 5 4 24 142 8 645 0.0124 354 0.4011
2004 5 5 24 105 0 645 0 354 0.2966
2004 5 6 24 181 0 647 0 353 0.5127
2004 5 7 24 259 200 647 0.3091 353 0.7337
2004 5 8 24 212 230 647 0.3555 353 0.6006
2004 5 9 24 116 0 648 0 344 0.3372
2004 5 10 24 231 173 648 0.267 344 0.6715
2004 5 11 24 204 164 649 0.2527 344 0.593
2004 5 12 24 236 355 651 0.5453 341 0.6921
2004 5 13 24 135 6 654 0.0092 353 0.3824
2004 5 14 24 329 441 656 0.6723 353 0.932
2004 5 15 24 341 591 656 0.9009 353 0.966
2004 5 16 24 156 91 659 0.1381 355 0.4394
2004 5 17 24 348 658 673 0.9777 355 0.9803
2004 5 18 24 351 673 688 0.9782 360 0.975
2004 5 19 24 341 666 692 0.9624 360 0.9472
2004 5 20 24 346 687 692 0.9928 360 0.9611
2004 5 21 24 122 41 697 0.0588 359 0.3398
2004 5 22 24 132 7 699 0.01 359 0.3677
2004 5 23 24 214 163 702 0.2322 363 0.5895
2004 5 24 24 363 702 705 0.9957 363 1
2004 5 25 24 358 705 706 0.9986 363 0.9862
2004 5 26 24 254 345 706 0.4887 358 0.7095
2004 5 27 24 191 125 708 0.1766 362 0.5276
2004 5 28 24 163 65 713 0.0912 369 0.4417
2004 5 29 24 369 707 714 0.9902 369 1
2004 5 30 24 355 714 715 0.9986 369 0.9621
2004 5 31 24 88 0 717 0 363 0.2424
2004 6 1 24 118 0 717 0 363 0.3251
2004 6 2 24 203 154 718 0.2145 361 0.5623
2004 6 3 24 79 0 718 0 370 0.2135
2004 6 4 24 125 59 718 0.0822 370 0.3378
2004 6 5 24 99 4 698 0.0057 375 0.264
2004 6 6 24 339 579 725 0.7986 376 0.9016
2004 6 7 24 361 725 725 1 376 0.9601
2004 6 8 24 326 579 727 0.7964 376 0.867
2004 6 9 24 360 727 727 1 366 0.9836
2004 6 10 24 308 554 727 0.762 366 0.8415
2004 6 11 24 248 390 729 0.535 384 0.6458
2004 6 12 24 139 27 729 0.037 384 0.362
2004 6 13 24 252 244 730 0.3342 384 0.6562
2004 6 14 24 306 489 730 0.6699 363 0.843
2004 6 15 24 297 449 730 0.6151 367 0.8093
2004 6 16 24 84 18 728 0.0247 367 0.2289
2004 6 17 24 338 650 733 0.8868 367 0.921
2004 6 18 24 274 349 733 0.4761 366 0.7486
2004 6 19 24 206 193 733 0.2633 367 0.5613
2004 6 20 24 104 2 733 0.0027 367 0.2834
2004 6 21 24 234 224 733 0.3056 368 0.6359
2004 6 22 24 146 26 733 0.0355 373 0.3914
2004 6 23 24 194 136 733 0.1855 373 0.5201
2004 6 24 24 300 533 733 0.7271 373 0.8043
2004 6 25 24 278 373 733 0.5089 367 0.7575
2004 6 26 24 340 705 733 0.9618 361 0.9418
2004 6 27 24 241 343 731 0.4692 363 0.6639
2004 6 28 24 274 366 731 0.5007 363 0.7548
2004 6 29 24 317 554 731 0.7579 363 0.8733
2004 6 30 24 346 724 728 0.9945 360 0.9611
2004 7 1 24 124 91 728 0.125 365 0.3397
2004 7 2 24 214 190 727 0.2613 365 0.5863
2004 7 3 24 310 513 727 0.7056 365 0.8493
2004 7 4 24 285 510 726 0.7025 360 0.7917
2004 7 5 24 192 300 721 0.4161 360 0.5333
2004 7 6 24 141 38 721 0.0527 356 0.3961
2004 7 7 24 126 135 721 0.1872 365 0.3452
2004 7 8 24 154 159 720 0.2208 365 0.4219
2004 7 9 24 289 410 719 0.5702 365 0.7918
2004 7 10 24 166 110 719 0.153 362 0.4586
2004 7 11 24 151 84 717 0.1172 357 0.423
2004 7 12 24 203 159 717 0.2218 354 0.5734
2004 7 13 24 170 114 716 0.1592 350 0.4857
2004 7 14 24 242 358 712 0.5028 354 0.6836
2004 7 15 24 148 59 712 0.0829 354 0.4181
2004 7 16 24 219 313 750 0.4173 354 0.6186
2004 7 17 24 246 355 750 0.4733 350 0.7029
2004 7 18 24 299 591 750 0.788 348 0.8592
2004 7 19 24 242 327 705 0.4638 347 0.6974
2004 7 20 24 181 183 700 0.2614 347 0.5216
2004 7 21 24 300 550 699 0.7868 346 0.8671
2004 7 22 24 294 564 697 0.8092 346 0.8497
2004 7 23 24 235 345 696 0.4957 336 0.6994
2004 7 24 24 40 0 696 0 334 0.1198
2004 7 25 24 321 608 684 0.8889 331 0.9698
2004 7 26 24 149 105 678 0.1549 331 0.4502
2004 7 27 24 230 223 662 0.3369 331 0.6949
2004 7 28 24 324 656 657 0.9985 330 0.9818
2004 7 29 24 318 654 673 0.9718 330 0.9636
2004 7 30 24 226 321 673 0.477 327 0.6911
2004 7 31 24 291 555 673 0.8247 327 0.8899
2004 8 1 24 303 626 651 0.9616 327 0.9266
2004 8 2 24 228 364 651 0.5591 327 0.6972
2004 8 3 24 236 457 648 0.7052 326 0.7239
2004 8 4 24 201 301 648 0.4645 325 0.6185
2004 8 5 24 211 348 648 0.537 317 0.6656
2004 8 6 24 229 357 648 0.5509 317 0.7224
2004 8 7 24 184 168 646 0.2601 317 0.5804
2004 8 8 24 168 227 716 0.317 317 0.53
2004 8 9 24 221 352 716 0.4916 314 0.7038
2004 8 10 24 227 402 716 0.5615 314 0.7229
2004 8 11 24 109 20 700 0.0286 305 0.3574
2004 8 12 24 194 293 700 0.4186 315 0.6159
2004 8 13 24 315 596 700 0.8514 315 1
2004 8 14 24 49 0 642 0 315 0.1556
2004 8 15 24 263 411 641 0.6412 304 0.8651
2004 8 16 24 229 454 641 0.7083 300 0.7633
2004 8 17 24 119 161 640 0.2516 302 0.394
2004 8 18 24 103 54 640 0.0844 302 0.3411
2004 8 19 24 150 174 639 0.2723 302 0.4967
2004 8 20 24 61 2 639 0.0031 296 0.2061
2004 8 21 24 140 110 638 0.1724 302 0.4636
2004 8 22 24 278 623 638 0.9765 302 0.9205
2004 8 23 24 274 601 636 0.945 302 0.9073
2004 8 24 24 83 56 636 0.0881 288 0.2882
2004 8 25 24 250 473 635 0.7449 288 0.8681
2004 8 26 24 83 0 635 0 282 0.2943
2004 8 27 24 255 481 634 0.7587 289 0.8824
2004 8 28 24 246 545 633 0.861 289 0.8512
2004 8 29 24 214 367 633 0.5798 289 0.7405
2004 8 30 24 239 471 633 0.7441 280 0.8536
2004 8 31 24 71 0 633 0 280 0.2536
2004 9 1 24 258 610 632 0.9652 280 0.9214
2004 9 2 24 262 624 630 0.9905 279 0.9391
2004 9 3 24 225 534 628 0.8503 264 0.8523
2004 9 4 24 161 342 628 0.5446 264 0.6098
2004 9 5 24 256 627 628 0.9984 266 0.9624
2004 9 6 24 246 617 628 0.9825 266 0.9248
2004 9 7 24 243 598 626 0.9553 266 0.9135
2004 9 8 24 245 623 626 0.9952 259 0.9459
2004 9 9 24 250 623 624 0.9984 259 0.9653
2004 9 10 24 238 617 624 0.9888 250 0.952
2004 9 11 24 202 424 623 0.6806 249 0.8112
2004 9 12 24 83 57 621 0.0918 249 0.3333
2004 9 13 24 204 480 620 0.7742 249 0.8193
2004 9 14 24 66 97 617 0.1572 245 0.2694
2004 9 15 24 54 0 615 0 244 0.2213
2004 9 16 24 97 12 614 0.0195 241 0.4025
2004 9 17 24 229 610 612 0.9967 251 0.9124
2004 9 18 24 227 608 611 0.9951 251 0.9044
2004 9 19 24 205 518 610 0.8492 251 0.8167
2004 9 20 24 178 452 608 0.7434 236 0.7542
2004 9 21 24 141 149 604 0.2467 233 0.6052
2004 9 22 24 164 309 601 0.5141 233 0.7039
2004 9 23 24 41 0 599 0 224 0.183
2004 9 24 24 114 92 596 0.1544 224 0.5089
2004 9 25 24 83 4 594 0.0067 222 0.3739
2004 9 26 24 65 0 592 0 214 0.3037
2004 9 27 24 158 221 590 0.3746 212 0.7453
2004 9 28 24 105 51 588 0.0867 211 0.4976
2004 9 29 24 110 125 586 0.2133 211 0.5213
2004 9 30 24 71 13 581 0.0224 210 0.3381
2004 10 1 24 92 81 580 0.1397 207 0.4444
2004 10 2 24 183 525 579 0.9067 204 0.8971
2004 10 3 24 168 450 578 0.7785 197 0.8528
2004 10 4 24 161 490 576 0.8507 197 0.8173
2004 10 5 24 180 569 574 0.9913 195 0.9231
2004 10 6 24 147 389 572 0.6801 191 0.7696
2004 10 7 24 129 257 567 0.4533 190 0.6789
2004 10 8 24 148 354 567 0.6243 187 0.7914
2004 10 9 24 103 230 562 0.4093 185 0.5568
2004 10 10 24 29 0 559 0 182 0.1593
2004 10 11 24 89 101 557 0.1813 181 0.4917
2004 10 12 24 115 299 555 0.5387 178 0.6461
2004 10 13 24 132 392 551 0.7114 178 0.7416
2004 10 14 24 98 185 548 0.3376 175 0.56
2004 10 15 24 114 283 546 0.5183 175 0.6514
2004 10 16 24 127 240 544 0.4412 171 0.7427
2004 10 17 24 122 201 539 0.3729 169 0.7219
2004 10 18 24 136 354 529 0.6692 165 0.8242
2004 10 19 24 31 0 519 0 162 0.1914
2004 10 20 24 98 167 517 0.323 162 0.6049
2004 10 21 24 77 75 510 0.1471 159 0.4843
2004 10 22 24 125 344 502 0.6853 159 0.7862
2004 10 23 24 130 478 493 0.9696 154 0.8442
2004 10 24 24 139 478 489 0.9775 150 0.9267
2004 10 25 24 121 397 483 0.8219 150 0.8067
2004 10 26 24 54 16 480 0.0333 149 0.3624
2004 10 27 24 69 56 480 0.1167 144 0.4792
2004 10 28 24 43 0 472 0 142 0.3028
2004 10 29 24 70 76 470 0.1617 138 0.5072
2004 10 30 24 111 438 465 0.9419 134 0.8284
2004 10 31 24 77 127 463 0.2743 133 0.5789
2004 11 1 24 88 196 462 0.4242 130 0.6769
2004 11 2 24 84 234 461 0.5076 130 0.6462
2004 11 3 24 69 105 460 0.2283 129 0.5349
2004 11 4 24 78 104 460 0.2261 125 0.624
2004 11 5 24 27 0 458 0 125 0.216
2004 11 6 24 74 123 451 0.2727 125 0.592
2004 11 7 24 34 0 449 0 121 0.281
2004 11 8 24 77 103 445 0.2315 121 0.6364
2004 11 9 24 118 439 443 0.991 118 1
2004 11 10 24 80 105 441 0.2381 118 0.678
2004 11 11 24 88 314 439 0.7153 114 0.7719
2004 11 12 24 102 386 435 0.8874 114 0.8947
2004 11 13 24 50 93 431 0.2158 108 0.463
2004 11 14 24 53 3 428 0.007 108 0.4907
2004 11 15 24 98 420 423 0.9929 106 0.9245
2004 11 16 24 94 366 421 0.8694 104 0.9038
2004 11 17 24 85 247 419 0.5895 104 0.8173
2004 11 18 24 97 410 417 0.9832 104 0.9327
2004 11 19 24 23 0 415 0 102 0.2255
2004 11 20 24 63 28 414 0.0676 99 0.6364
2004 11 21 24 96 379 410 0.9244 99 0.9697
2004 11 22 24 78 144 407 0.3538 99 0.7879
2004 11 23 24 36 25 405 0.0617 97 0.3711
2004 11 24 24 88 397 403 0.9851 97 0.9072
2004 11 25 24 79 342 401 0.8529 96 0.8229
2004 11 26 24 87 395 399 0.99 96 0.9062
2004 11 27 24 46 72 396 0.1818 89 0.5169
2004 11 28 24 58 22 395 0.0557 89 0.6517
2004 11 29 24 22 0 392 0 86 0.2558
2004 11 30 24 36 101 391 0.2583 102 0.3529
2004 12 1 24 65 155 389 0.3985 102 0.6373
2004 12 2 24 34 11 388 0.0284 102 0.3333
2004 12 3 24 77 177 387 0.4574 86 0.8953
2004 12 4 24 73 348 387 0.8992 86 0.8488
2004 12 5 24 62 278 387 0.7183 86 0.7209
2004 12 6 24 78 379 386 0.9819 81 0.963
2004 12 7 24 74 374 381 0.9816 89 0.8315
2004 12 8 24 67 365 380 0.9605 89 0.7528
2004 12 9 24 71 375 379 0.9894 89 0.7978
2004 12 10 24 73 373 377 0.9894 80 0.9125
2004 12 11 24 74 376 377 0.9973 80 0.925
2004 12 12 24 74 375 377 0.9947 81 0.9136
2004 12 13 24 74 367 375 0.9787 81 0.9136
2004 12 14 24 74 375 375 1 81 0.9136
2004 12 15 24 61 205 375 0.5467 76 0.8026
2004 12 16 24 58 209 374 0.5588 85 0.6824
2004 12 17 24 41 11 374 0.0294 85 0.4824
2004 12 18 24 24 0 374 0 85 0.2824
2004 12 19 24 38 33 386 0.0855 84 0.4524
2004 12 20 24 84 372 386 0.9637 84 1
2004 12 21 24 78 372 386 0.9637 84 0.9286
2004 12 22 24 76 366 373 0.9812 78 0.9744
2004 12 23 24 51 125 373 0.3351 82 0.622
2004 12 24 24 82 286 373 0.7668 82 1
2004 12 25 24 59 199 373 0.5335 82 0.7195
2004 12 26 24 27 0 374 0 77 0.3506
2004 12 27 24 34 0 374 0 77 0.4416
2004 12 28 24 47 24 374 0.0642 77 0.6104
2004 12 29 24 43 1 375 0.0027 79 0.5443
2004 12 30 24 78 375 376 0.9973 79 0.9873
2004 12 31 24 77 368 377 0.9761 79 0.9747
2005 1 1 24 70 296 377 0.7851 79 0.8861
2005 1 2 24 59 103 378 0.2725 81 0.7284
2005 1 3 24 35 0 378 0 81 0.4321
2005 1 4 24 79 377 379 0.9947 81 0.9753
2005 1 5 24 77 371 381 0.9738 93 0.828
2005 1 6 24 48 11 382 0.0288 93 0.5161
2005 1 7 24 81 378 384 0.9844 93 0.871
2005 1 8 24 82 382 385 0.9922 86 0.9535
2005 1 9 24 56 147 387 0.3798 87 0.6437
2005 1 10 24 83 385 387 0.9948 93 0.8925
2005 1 11 24 85 387 389 0.9949 93 0.914
2005 1 12 24 85 388 390 0.9949 93 0.914
2005 1 13 24 41 20 392 0.051 91 0.4505
2005 1 14 24 89 392 394 0.9949 92 0.9674
2005 1 15 24 90 394 396 0.9949 92 0.9783
2005 1 16 24 91 396 400 0.99 92 0.9891
2005 1 17 24 89 375 401 0.9352 94 0.9468
2005 1 18 24 42 30 403 0.0744 96 0.4375
2005 1 19 24 49 37 405 0.0914 99 0.4949
2005 1 20 24 18 0 408 0 99 0.1818
2005 1 21 24 15 0 417 0 107 0.1402
2005 1 22 24 62 134 417 0.3213 107 0.5794
2005 1 23 24 37 0 417 0 107 0.3458
2005 1 24 24 49 8 417 0.0192 106 0.4623
2005 1 25 24 56 0 420 0 108 0.5185
2005 1 26 24 70 51 427 0.1194 112 0.625
2005 1 27 24 112 399 427 0.9344 112 1
2005 1 28 24 72 35 429 0.0816 113 0.6372
2005 1 29 24 113 428 432 0.9907 117 0.9658
2005 1 30 24 117 432 436 0.9908 117 1
2005 1 31 24 82 127 439 0.2893 118 0.6949
2005 2 1 24 60 33 441 0.0748 119 0.5042
2005 2 2 24 52 0 444 0 120 0.4333
2005 2 3 24 69 10 446 0.0224 125 0.552
2005 2 4 24 125 446 449 0.9933 127 0.9843
2005 2 5 24 127 449 452 0.9934 132 0.9621
2005 2 6 24 127 452 463 0.9762 132 0.9621
2005 2 7 24 130 455 463 0.9827 133 0.9774
2005 2 8 24 128 457 463 0.987 133 0.9624
2005 2 9 24 132 459 461 0.9957 139 0.9496
2005 2 10 24 122 325 462 0.7035 142 0.8592
2005 2 11 24 69 0 464 0 142 0.4859
2005 2 12 24 52 0 468 0 143 0.3636
2005 2 13 24 43 0 472 0 143 0.3007
2005 2 14 24 68 0 473 0 149 0.4564
2005 2 15 24 88 44 476 0.0924 149 0.5906
2005 2 16 24 101 2 500 0.004 154 0.6558
2005 2 17 24 154 477 500 0.954 158 0.9747
2005 2 18 24 158 486 500 0.972 160 0.9875
2005 2 19 24 113 56 496 0.1129 162 0.6975
2005 2 20 24 90 0 507 0 164 0.5488
2005 2 21 24 107 49 512 0.0957 165 0.6485
2005 2 22 24 163 457 518 0.8822 170 0.9588
2005 2 23 24 167 492 520 0.9462 177 0.9435
2005 2 24 24 177 516 530 0.9736 177 1
2005 2 25 24 174 530 541 0.9797 179 0.9721
2005 2 26 24 178 540 546 0.989 180 0.9889
2005 2 27 24 115 89 546 0.163 185 0.6216
2005 2 28 24 185 519 548 0.9471 185 1
2005 3 1 24 195 549 554 0.991 196 0.9949
2005 3 2 24 196 554 557 0.9946 196 1
2005 3 3 24 92 0 558 0 198 0.4646
2005 3 4 24 153 212 562 0.3772 205 0.7463
2005 3 5 24 148 264 566 0.4664 205 0.722
2005 3 6 24 108 20 569 0.0351 208 0.5192
2005 3 7 24 164 233 571 0.4081 209 0.7847
2005 3 8 24 106 0 574 0 211 0.5024
2005 3 9 24 86 0 576 0 213 0.4038
2005 3 10 24 187 375 578 0.6488 213 0.8779
2005 3 11 24 207 572 579 0.9879 217 0.9539
2005 3 12 24 206 446 580 0.769 219 0.9406
2005 3 13 24 195 405 581 0.6971 223 0.8744
2005 3 14 24 191 464 586 0.7918 226 0.8451
2005 3 15 24 219 585 587 0.9966 229 0.9563
2005 3 16 24 224 587 590 0.9949 229 0.9782
2005 3 17 24 225 574 590 0.9729 234 0.9615
2005 3 18 24 211 483 594 0.8131 236 0.8941
2005 3 19 24 177 229 597 0.3836 240 0.7375
2005 3 20 24 214 548 600 0.9133 242 0.8843
2005 3 21 24 227 592 603 0.9818 245 0.9265
2005 3 22 24 178 188 603 0.3118 245 0.7265
2005 3 23 24 200 404 606 0.6667 245 0.8163
2005 3 24 24 203 414 610 0.6787 249 0.8153
2005 3 25 24 146 114 612 0.1863 260 0.5615
2005 3 26 24 113 29 613 0.0473 260 0.4346
2005 3 27 24 141 23 615 0.0374 266 0.5301
2005 3 28 24 150 64 617 0.1037 266 0.5639
2005 3 29 24 101 7 617 0.0113 266 0.3797
2005 3 30 24 135 7 620 0.0113 263 0.5133
2005 3 31 24 136 44 622 0.0707 282 0.4823
2005 4 1 24 255 546 623 0.8764 282 0.9043
2005 4 2 24 265 623 624 0.9984 282 0.9397
2005 4 3 24 272 624 625 0.9984 277 0.9819
2005 4 4 24 274 625 625 1 277 0.9892
2005 4 5 24 255 549 627 0.8756 277 0.9206
2005 4 6 24 255 604 629 0.9603 291 0.8763
2005 4 7 24 126 19 629 0.0302 291 0.433
2005 4 8 24 79 2 631 0.0032 291 0.2715
2005 4 9 24 138 0 631 0 287 0.4808
2005 4 10 24 177 73 632 0.1155 296 0.598
2005 4 11 24 205 167 633 0.2638 299 0.6856
2005 4 12 24 280 559 633 0.8831 299 0.9365
2005 4 13 24 238 330 633 0.5213 300 0.7933
2005 4 14 24 211 333 634 0.5252 303 0.6964
2005 4 15 24 210 310 634 0.489 307 0.684
2005 4 16 24 179 130 634 0.205 307 0.5831
2005 4 17 24 155 106 634 0.1672 307 0.5049
2005 4 18 24 163 13 637 0.0204 309 0.5275
2005 4 19 24 119 0 637 0 320 0.3719
2005 4 20 24 146 0 638 0 320 0.4562
2005 4 21 24 249 276 639 0.4319 320 0.7781
2005 4 22 24 316 636 639 0.9953 320 0.9875
2005 4 23 24 250 344 640 0.5375 320 0.7812
2005 4 24 24 151 0 640 0 320 0.4719
2005 4 25 24 103 37 640 0.0578 316 0.3259
2005 4 26 24 224 288 642 0.4486 316 0.7089
2005 4 27 24 210 264 642 0.4112 315 0.6667
2005 4 28 24 146 39 642 0.0607 337 0.4332
2005 4 29 24 241 237 643 0.3686 337 0.7151
2005 4 30 24 298 630 643 0.9798 337 0.8843
2005 5 1 24 289 571 643 0.888 332 0.8705
2005 5 2 24 298 574 642 0.8941 333 0.8949
2005 5 3 24 99 32 642 0.0498 354 0.2797
2005 5 4 24 270 378 645 0.586 354 0.7627
2005 5 5 24 186 151 645 0.2341 354 0.5254
2005 5 6 24 121 12 647 0.0185 353 0.3428
2005 5 7 24 193 223 647 0.3447 353 0.5467
2005 5 8 24 309 421 647 0.6507 353 0.8754
2005 5 9 24 253 299 648 0.4614 344 0.7355
2005 5 10 24 146 76 648 0.1173 344 0.4244
2005 5 11 24 330 609 649 0.9384 344 0.9593
2005 5 12 24 209 271 651 0.4163 341 0.6129
2005 5 13 24 177 129 654 0.1972 353 0.5014
2005 5 14 24 158 65 656 0.0991 353 0.4476
2005 5 15 24 256 274 656 0.4177 353 0.7252
2005 5 16 24 112 14 659 0.0212 355 0.3155
2005 5 17 24 273 302 673 0.4487 355 0.769
2005 5 18 24 147 32 688 0.0465 360 0.4083
2005 5 19 24 360 685 692 0.9899 360 1
2005 5 20 24 340 692 692 1 360 0.9444
2005 5 21 24 232 306 697 0.439 359 0.6462
2005 5 22 24 236 233 699 0.3333 359 0.6574
2005 5 23 24 80 15 702 0.0214 363 0.2204
2005 5 24 24 326 505 705 0.7163 363 0.8981
2005 5 25 24 347 704 706 0.9972 363 0.9559
2005 5 26 24 344 706 706 1 358 0.9609
2005 5 27 24 350 699 708 0.9873 362 0.9669
2005 5 28 24 286 522 713 0.7321 369 0.7751
2005 5 29 24 280 513 714 0.7185 369 0.7588
2005 5 30 24 262 419 715 0.586 369 0.71
2005 5 31 24 357 685 717 0.9554 363 0.9835
2005 6 1 24 319 542 717 0.7559 363 0.8788
2005 6 2 24 279 478 718 0.6657 361 0.7729
2005 6 3 24 357 705 718 0.9819 370 0.9649
2005 6 4 24 171 107 718 0.149 370 0.4622
2005 6 5 24 267 265 698 0.3797 375 0.712
2005 6 6 24 145 21 725 0.029 376 0.3856
2005 6 7 24 192 135 725 0.1862 376 0.5106
2005 6 8 24 338 555 727 0.7634 376 0.8989
2005 6 9 24 211 201 727 0.2765 366 0.5765
2005 6 10 24 349 608 727 0.8363 366 0.9536
2005 6 11 24 336 596 729 0.8176 384 0.875
2005 6 12 24 147 70 729 0.096 384 0.3828
2005 6 13 24 199 221 730 0.3027 384 0.5182
2005 6 14 24 116 32 730 0.0438 363 0.3196
2005 6 15 24 222 177 730 0.2425 367 0.6049
2005 6 16 24 345 664 728 0.9121 367 0.9401
2005 6 17 24 265 322 733 0.4393 367 0.7221
2005 6 18 24 339 585 733 0.7981 366 0.9262
2005 6 19 24 355 682 733 0.9304 367 0.9673
2005 6 20 24 356 732 733 0.9986 367 0.97
2005 6 21 24 321 670 733 0.9141 368 0.8723
2005 6 22 24 330 629 733 0.8581 373 0.8847
2005 6 23 24 340 673 733 0.9181 373 0.9115
2005 6 24 24 263 484 733 0.6603 373 0.7051
2005 6 25 24 222 395 733 0.5389 367 0.6049
2005 6 26 24 290 486 733 0.663 361 0.8033
2005 6 27 24 315 644 731 0.881 363 0.8678
2005 6 28 24 302 603 731 0.8249 363 0.832
2005 6 29 24 149 205 731 0.2804 363 0.4105
2005 6 30 24 258 356 728 0.489 360 0.7167
2005 7 1 24 134 36 728 0.0495 365 0.3671
2005 7 2 24 166 43 727 0.0591 365 0.4548
2005 7 3 24 327 663 727 0.912 365 0.8959
2005 7 4 24 280 472 726 0.6501 360 0.7778
2005 7 5 24 120 20 721 0.0277 360 0.3333
2005 7 6 24 224 255 721 0.3537 356 0.6292
2005 7 7 24 145 38 721 0.0527 365 0.3973
2005 7 8 24 199 197 720 0.2736 365 0.5452
2005 7 9 24 240 345 719 0.4798 365 0.6575
2005 7 10 24 141 56 719 0.0779 362 0.3895
2005 7 11 24 93 11 717 0.0153 357 0.2605
2005 7 12 24 206 146 717 0.2036 354 0.5819
2005 7 13 24 347 669 716 0.9344 350 0.9914
2005 7 14 24 346 712 712 1 354 0.9774
2005 7 15 24 279 482 712 0.677 354 0.7881
2005 7 16 24 167 157 750 0.2093 354 0.4718
2005 7 17 24 295 517 750 0.6893 350 0.8429
2005 7 18 24 216 294 750 0.392 348 0.6207
2005 7 19 24 117 58 705 0.0823 347 0.3372
2005 7 20 24 332 676 700 0.9657 347 0.9568
2005 7 21 24 168 69 699 0.0987 346 0.4855
2005 7 22 24 190 173 697 0.2482 346 0.5491
2005 7 23 24 253 403 696 0.579 336 0.753
2005 7 24 24 129 36 696 0.0517 334 0.3862
2005 7 25 24 217 360 684 0.5263 331 0.6556
2005 7 26 24 293 479 678 0.7065 331 0.8852
2005 7 27 24 306 622 662 0.9396 331 0.9245
2005 7 28 24 302 655 657 0.997 330 0.9152
2005 7 29 24 211 354 673 0.526 330 0.6394
2005 7 30 24 186 142 673 0.211 327 0.5688
2005 7 31 24 96 0 673 0 327 0.2936
2005 8 1 24 255 399 651 0.6129 327 0.7798
2005 8 2 24 114 25 651 0.0384 327 0.3486
2005 8 3 24 45 0 648 0 326 0.138
2005 8 4 24 175 147 648 0.2269 325 0.5385
2005 8 5 24 312 633 648 0.9769 317 0.9842
2005 8 6 24 155 123 648 0.1898 317 0.489
2005 8 7 24 138 78 646 0.1207 317 0.4353
2005 8 8 24 164 143 716 0.1997 317 0.5174
2005 8 9 24 308 716 716 1 314 0.9809
2005 8 10 24 256 496 716 0.6927 314 0.8153
2005 8 11 24 196 257 700 0.3671 305 0.6426
2005 8 12 24 291 700 700 1 315 0.9238
2005 8 13 24 143 322 700 0.46 315 0.454
2005 8 14 24 139 115 642 0.1791 315 0.4413
2005 8 15 24 88 0 641 0 304 0.2895
2005 8 16 24 111 112 641 0.1747 300 0.37
2005 8 17 24 291 638 640 0.9969 302 0.9636
2005 8 18 24 227 430 640 0.6719 302 0.7517
2005 8 19 24 169 181 639 0.2833 302 0.5596
2005 8 20 24 103 130 639 0.2034 296 0.348
2005 8 21 24 61 0 638 0 302 0.202
2005 8 22 24 52 0 638 0 302 0.1722
2005 8 23 24 49 0 636 0 302 0.1623
2005 8 24 24 259 513 636 0.8066 288 0.8993
2005 8 25 24 156 161 635 0.2535 288 0.5417
2005 8 26 24 215 264 635 0.4157 282 0.7624
2005 8 27 24 144 246 634 0.388 289 0.4983
2005 8 28 24 106 13 633 0.0205 289 0.3668
2005 8 29 24 196 317 633 0.5008 289 0.6782
2005 8 30 24 263 608 633 0.9605 280 0.9393
2005 8 31 24 229 496 633 0.7836 280 0.8179
2005 9 1 24 217 492 632 0.7785 280 0.775
2005 9 2 24 166 311 630 0.4937 279 0.595
2005 9 3 24 217 527 628 0.8392 264 0.822
2005 9 4 24 241 586 628 0.9331 264 0.9129
2005 9 5 24 207 478 628 0.7611 266 0.7782
2005 9 6 24 252 614 628 0.9777 266 0.9474
2005 9 7 24 222 522 626 0.8339 266 0.8346
2005 9 8 24 218 473 626 0.7556 259 0.8417
2005 9 9 24 119 213 624 0.3413 259 0.4595
2005 9 10 24 71 6 624 0.0096 250 0.284
2005 9 11 24 130 154 623 0.2472 249 0.5221
2005 9 12 24 161 182 621 0.2931 249 0.6466
2005 9 13 24 225 476 620 0.7677 249 0.9036
2005 9 14 24 236 557 617 0.9028 245 0.9633
2005 9 15 24 233 612 615 0.9951 244 0.9549
2005 9 16 24 214 511 614 0.8322 241 0.888
2005 9 17 24 58 0 612 0 251 0.2311
2005 9 18 24 90 0 611 0 251 0.3586
2005 9 19 24 133 91 610 0.1492 251 0.5299
2005 9 20 24 57 1 608 0.0016 236 0.2415
2005 9 21 24 193 394 604 0.6523 233 0.8283
2005 9 22 24 156 336 601 0.5591 233 0.6695
2005 9 23 24 201 547 599 0.9132 224 0.8973
2005 9 24 24 209 584 596 0.9799 224 0.933
2005 9 25 24 116 189 594 0.3182 222 0.5225
2005 9 26 24 193 573 592 0.9679 214 0.9019
2005 9 27 24 45 0 590 0 212 0.2123
2005 9 28 24 168 374 588 0.6361 211 0.7962
2005 9 29 24 45 15 586 0.0256 211 0.2133
2005 9 30 24 193 448 581 0.7711 210 0.919
2005 10 1 24 48 0 580 0 207 0.2319
2005 10 2 24 23 0 579 0 204 0.1127
2005 10 3 24 48 5 578 0.0087 197 0.2437
2005 10 4 24 137 289 576 0.5017 197 0.6954
2005 10 5 24 113 120 574 0.2091 195 0.5795
2005 10 6 24 168 366 572 0.6399 191 0.8796
2005 10 7 24 150 326 567 0.575 190 0.7895
2005 10 8 24 155 377 567 0.6649 187 0.8289
2005 10 9 24 171 472 562 0.8399 185 0.9243
2005 10 10 24 174 504 559 0.9016 182 0.956
2005 10 11 24 117 262 557 0.4704 181 0.6464
2005 10 12 24 171 545 555 0.982 178 0.9607
2005 10 13 24 169 533 551 0.9673 178 0.9494
2005 10 14 24 166 545 548 0.9945 175 0.9486
2005 10 15 24 167 542 546 0.9927 175 0.9543
2005 10 16 24 161 531 544 0.9761 171 0.9415
2005 10 17 24 160 523 539 0.9703 169 0.9467
2005 10 18 24 158 518 529 0.9792 165 0.9576
2005 10 19 24 94 235 519 0.4528 162 0.5802
2005 10 20 24 68 46 517 0.089 162 0.4198
2005 10 21 24 112 314 510 0.6157 159 0.7044
2005 10 22 24 143 451 502 0.8984 159 0.8994
2005 10 23 24 41 7 493 0.0142 154 0.2662
2005 10 24 24 131 466 489 0.953 150 0.8733
2005 10 25 24 89 151 483 0.3126 150 0.5933
2005 10 26 24 127 473 480 0.9854 149 0.8523
2005 10 27 24 132 471 480 0.9812 144 0.9167
2005 10 28 24 130 467 472 0.9894 142 0.9155
2005 10 29 24 131 464 470 0.9872 138 0.9493
2005 10 30 24 123 462 465 0.9935 134 0.9179
2005 10 31 24 119 460 463 0.9935 133 0.8947
2005 11 1 24 43 1 462 0.0022 130 0.3308
2005 11 2 24 68 48 461 0.1041 130 0.5231
2005 11 3 24 97 356 460 0.7739 129 0.7519
2005 11 4 24 59 11 460 0.0239 125 0.472
2005 11 5 24 26 0 458 0 125 0.208
2005 11 6 24 45 0 451 0 125 0.36
2005 11 7 24 107 420 449 0.9354 121 0.8843
2005 11 8 24 108 441 445 0.991 121 0.8926
2005 11 9 24 105 440 443 0.9932 118 0.8898
2005 11 10 24 100 417 441 0.9456 118 0.8475
2005 11 11 24 103 433 439 0.9863 114 0.9035
2005 11 12 24 104 429 435 0.9862 114 0.9123
2005 11 13 24 90 411 431 0.9536 108 0.8333
2005 11 14 24 100 423 428 0.9883 108 0.9259
2005 11 15 24 94 420 423 0.9929 106 0.8868
2005 11 16 24 25 0 421 0 104 0.2404
2005 11 17 24 93 281 419 0.6706 104 0.8942
2005 11 18 24 68 90 417 0.2158 104 0.6538
2005 11 19 24 86 267 415 0.6434 102 0.8431
2005 11 20 24 83 359 414 0.8671 99 0.8384
2005 11 21 24 55 0 410 0 99 0.5556
2005 11 22 24 88 354 407 0.8698 99 0.8889
2005 11 23 24 96 374 405 0.9235 97 0.9897
2005 11 24 24 82 295 403 0.732 97 0.8454
2005 11 25 24 32 0 401 0 96 0.3333
2005 11 26 24 35 0 399 0 96 0.3646
2005 11 27 24 89 393 396 0.9924 89 1
2005 11 28 24 70 195 395 0.4937 89 0.7865
2005 11 29 24 44 0 392 0 86 0.5116
2005 11 30 24 66 136 391 0.3478 102 0.6471
2005 12 1 24 85 387 389 0.9949 102 0.8333
2005 12 2 24 51 87 388 0.2242 102 0.5
2005 12 3 24 12 0 387 0 86 0.1395
2005 12 4 24 86 238 387 0.615 86 1
2005 12 5 24 57 136 387 0.3514 86 0.6628
2005 12 6 24 37 0 386 0 81 0.4568
2005 12 7 24 39 5 381 0.0131 89 0.4382
2005 12 8 24 30 0 380 0 89 0.3371
2005 12 9 24 70 265 379 0.6992 89 0.7865
2005 12 10 24 80 376 377 0.9973 80 1
2005 12 11 24 79 376 377 0.9973 80 0.9875
2005 12 12 24 65 352 377 0.9337 81 0.8025
2005 12 13 24 81 318 375 0.848 81 1
2005 12 14 24 50 79 375 0.2107 81 0.6173
2005 12 15 24 75 365 375 0.9733 76 0.9868
2005 12 16 24 4 0 374 0 85 0.0471
2005 12 17 24 10 0 374 0 85 0.1176
2005 12 18 24 29 0 374 0 85 0.3412
2005 12 19 24 47 1 386 0.0026 84 0.5595
2005 12 20 24 66 268 386 0.6943 84 0.7857
2005 12 21 24 68 316 386 0.8187 84 0.8095
2005 12 22 24 58 118 373 0.3164 78 0.7436
2005 12 23 24 32 0 373 0 82 0.3902
2005 12 24 24 74 367 373 0.9839 82 0.9024
2005 12 25 24 56 184 373 0.4933 82 0.6829
2005 12 26 24 55 118 374 0.3155 77 0.7143
2005 12 27 24 67 238 374 0.6364 77 0.8701
2005 12 28 24 34 0 374 0 77 0.4416
2005 12 29 24 57 146 375 0.3893 79 0.7215
2005 12 30 24 79 375 376 0.9973 79 1
2005 12 31 24 74 347 377 0.9204 79 0.9367
2006 1 1 24 34 0 377 0 79 0.4304
2006 1 2 24 38 0 378 0 81 0.4691
2006 1 3 24 67 65 378 0.172 81 0.8272
2006 1 4 24 80 377 379 0.9947 81 0.9877
2006 1 5 24 70 364 381 0.9554 93 0.7527
2006 1 6 24 81 380 382 0.9948 93 0.871
2006 1 7 24 84 381 384 0.9922 93 0.9032
2006 1 8 24 82 382 385 0.9922 86 0.9535
2006 1 9 24 85 383 387 0.9897 87 0.977
2006 1 10 24 87 386 387 0.9974 93 0.9355
2006 1 11 24 88 387 389 0.9949 93 0.9462
2006 1 12 24 83 371 390 0.9513 93 0.8925
2006 1 13 24 90 390 392 0.9949 91 0.989
2006 1 14 24 91 392 394 0.9949 92 0.9891
2006 1 15 24 92 394 396 0.9949 92 1
2006 1 16 24 92 396 400 0.99 92 1
2006 1 17 24 55 68 401 0.1696 94 0.5851
2006 1 18 24 16 0 403 0 96 0.1667
2006 1 19 24 96 403 405 0.9951 99 0.9697
2006 1 20 24 93 402 408 0.9853 99 0.9394
2006 1 21 24 73 65 417 0.1559 107 0.6822
2006 1 22 24 85 199 417 0.4772 107 0.7944
2006 1 23 24 103 413 417 0.9904 107 0.9626
2006 1 24 24 106 415 417 0.9952 106 1
2006 1 25 24 76 61 420 0.1452 108 0.7037
2006 1 26 24 83 200 427 0.4684 112 0.7411
2006 1 27 24 40 0 427 0 112 0.3571
2006 1 28 24 69 11 429 0.0256 113 0.6106
2006 1 29 24 85 197 432 0.456 117 0.7265
2006 1 30 24 106 430 436 0.9862 117 0.906
2006 1 31 24 113 435 439 0.9909 118 0.9576
2006 2 1 24 116 439 441 0.9955 119 0.9748
2006 2 2 24 119 441 444 0.9932 120 0.9917
2006 2 3 24 120 443 446 0.9933 125 0.96
2006 2 4 24 124 445 449 0.9911 127 0.9764
2006 2 5 24 124 442 452 0.9779 132 0.9394
2006 2 6 24 95 180 463 0.3888 132 0.7197
2006 2 7 24 78 1 463 0.0022 133 0.5865
2006 2 8 24 95 51 463 0.1102 133 0.7143
2006 2 9 24 77 54 461 0.1171 139 0.554
2006 2 10 24 77 38 462 0.0823 142 0.5423
2006 2 11 24 142 459 464 0.9892 142 1
2006 2 12 24 141 450 468 0.9615 143 0.986
2006 2 13 24 143 467 472 0.9894 143 1
2006 2 14 24 141 443 473 0.9366 149 0.9463
2006 2 15 24 51 0 476 0 149 0.3423
2006 2 16 24 67 22 500 0.044 154 0.4351
2006 2 17 24 113 183 500 0.366 158 0.7152
2006 2 18 24 63 34 500 0.068 160 0.3938
2006 2 19 24 118 140 496 0.2823 162 0.7284
2006 2 20 24 92 48 507 0.0947 164 0.561
2006 2 21 24 141 379 512 0.7402 165 0.8545
2006 2 22 24 103 122 518 0.2355 170 0.6059
2006 2 23 24 150 378 520 0.7269 177 0.8475
2006 2 24 24 113 65 530 0.1226 177 0.6384
2006 2 25 24 93 1 541 0.0018 179 0.5196
2006 2 26 24 101 0 546 0 180 0.5611
2006 2 27 24 169 439 546 0.804 185 0.9135
2006 2 28 24 150 238 548 0.4343 185 0.8108
2006 3 1 24 102 23 554 0.0415 196 0.5204
2006 3 2 24 165 351 557 0.6302 196 0.8418
2006 3 3 24 140 144 558 0.2581 198 0.7071
2006 3 4 24 82 0 562 0 205 0.4
2006 3 5 24 92 0 566 0 205 0.4488
2006 3 6 24 168 217 569 0.3814 208 0.8077
2006 3 7 24 139 129 571 0.2259 209 0.6651
2006 3 8 24 77 6 574 0.0105 211 0.3649
2006 3 9 24 147 266 576 0.4618 213 0.6901
2006 3 10 24 169 187 578 0.3235 213 0.7934
2006 3 11 24 125 116 579 0.2003 217 0.576
2006 3 12 24 137 94 580 0.1621 219 0.6256
2006 3 13 24 219 579 581 0.9966 223 0.9821
2006 3 14 24 223 581 586 0.9915 226 0.9867
2006 3 15 24 214 552 587 0.9404 229 0.9345
2006 3 16 24 215 576 590 0.9763 229 0.9389
2006 3 17 24 227 589 590 0.9983 234 0.9701
2006 3 18 24 232 589 594 0.9916 236 0.9831
2006 3 19 24 235 593 597 0.9933 240 0.9792
2006 3 20 24 215 459 600 0.765 242 0.8884
2006 3 21 24 150 224 603 0.3715 245 0.6122
2006 3 22 24 199 275 603 0.4561 245 0.8122
2006 3 23 24 150 144 606 0.2376 245 0.6122
2006 3 24 24 110 0 610 0 249 0.4418
2006 3 25 24 160 178 612 0.2908 260 0.6154
2006 3 26 24 194 318 613 0.5188 260 0.7462
2006 3 27 24 222 493 615 0.8016 266 0.8346
2006 3 28 24 54 0 617 0 266 0.203
2006 3 29 24 178 124 617 0.201 266 0.6692
2006 3 30 24 145 0 620 0 263 0.5513
2006 3 31 24 245 406 622 0.6527 282 0.8688
2006 4 1 24 211 381 623 0.6116 282 0.7482
2006 4 2 24 265 472 624 0.7564 282 0.9397
2006 4 3 24 191 217 625 0.3472 277 0.6895
2006 4 4 24 275 625 625 1 277 0.9928
2006 4 5 24 118 7 627 0.0112 277 0.426
2006 4 6 24 187 154 629 0.2448 291 0.6426
2006 4 7 24 287 628 629 0.9984 291 0.9863
2006 4 8 24 286 624 631 0.9889 291 0.9828
2006 4 9 24 200 187 631 0.2964 287 0.6969
2006 4 10 24 97 23 632 0.0364 296 0.3277
2006 4 11 24 161 0 633 0 299 0.5385
2006 4 12 24 171 0 633 0 299 0.5719
2006 4 13 24 171 75 633 0.1185 300 0.57
2006 4 14 24 296 596 634 0.9401 303 0.9769
2006 4 15 24 148 131 634 0.2066 307 0.4821
2006 4 16 24 190 156 634 0.2461 307 0.6189
2006 4 17 24 220 325 634 0.5126 307 0.7166
2006 4 18 24 183 50 637 0.0785 309 0.5922
2006 4 19 24 229 189 637 0.2967 320 0.7156
2006 4 20 24 279 495 638 0.7759 320 0.8719
2006 4 21 24 302 593 639 0.928 320 0.9438
2006 4 22 24 225 407 639 0.6369 320 0.7031
2006 4 23 24 241 351 640 0.5484 320 0.7531
2006 4 24 24 187 261 640 0.4078 320 0.5844
2006 4 25 24 149 52 640 0.0812 316 0.4715
2006 4 26 24 159 75 642 0.1168 316 0.5032
2006 4 27 24 190 166 642 0.2586 315 0.6032
2006 4 28 24 77 0 642 0 337 0.2285
2006 4 29 24 75 1 643 0.0016 337 0.2226
2006 4 30 24 311 636 643 0.9891 337 0.9228
2006 5 1 24 279 474 643 0.7372 332 0.8404
2006 5 2 24 205 253 642 0.3941 333 0.6156
2006 5 3 24 315 642 642 1 354 0.8898
2006 5 4 24 320 630 645 0.9767 354 0.904
2006 5 5 24 60 0 645 0 354 0.1695
2006 5 6 24 206 237 647 0.3663 353 0.5836
2006 5 7 24 325 617 647 0.9536 353 0.9207
2006 5 8 24 133 10 647 0.0155 353 0.3768
2006 5 9 24 112 0 648 0 344 0.3256
2006 5 10 24 308 495 648 0.7639 344 0.8953
2006 5 11 24 332 631 649 0.9723 344 0.9651
2006 5 12 24 266 421 651 0.6467 341 0.7801
2006 5 13 24 229 252 654 0.3853 353 0.6487
2006 5 14 24 158 84 656 0.128 353 0.4476
2006 5 15 24 272 419 656 0.6387 353 0.7705
2006 5 16 24 215 210 659 0.3187 355 0.6056
2006 5 17 24 203 243 673 0.3611 355 0.5718
2006 5 18 24 154 116 688 0.1686 360 0.4278
2006 5 19 24 283 352 692 0.5087 360 0.7861
2006 5 20 24 200 154 692 0.2225 360 0.5556
2006 5 21 24 119 29 697 0.0416 359 0.3315
2006 5 22 24 151 124 699 0.1774 359 0.4206
2006 5 23 24 151 47 702 0.067 363 0.416
2006 5 24 24 152 21 705 0.0298 363 0.4187
2006 5 25 24 235 301 706 0.4263 363 0.6474
2006 5 26 24 224 204 706 0.289 358 0.6257
2006 5 27 24 149 36 708 0.0508 362 0.4116
2006 5 28 24 110 80 713 0.1122 369 0.2981
2006 5 29 24 132 112 714 0.1569 369 0.3577
2006 5 30 24 175 177 715 0.2476 369 0.4743
2006 5 31 24 274 393 717 0.5481 363 0.7548
2006 6 1 24 159 139 717 0.1939 363 0.438
2006 6 2 24 201 187 718 0.2604 361 0.5568
2006 6 3 24 210 213 718 0.2967 370 0.5676
2006 6 4 24 86 38 718 0.0529 370 0.2324
2006 6 5 24 147 96 698 0.1375 375 0.392
2006 6 6 24 230 281 725 0.3876 376 0.6117
2006 6 7 24 366 696 725 0.96 376 0.9734
2006 6 8 24 365 680 727 0.9354 376 0.9707
2006 6 9 24 270 498 727 0.685 366 0.7377
2006 6 10 24 342 696 727 0.9574 366 0.9344
2006 6 11 24 359 700 729 0.9602 384 0.9349
2006 6 12 24 355 702 729 0.963 384 0.9245
2006 6 13 24 357 662 730 0.9068 384 0.9297
2006 6 14 24 355 703 730 0.963 363 0.978
2006 6 15 24 327 682 730 0.9342 367 0.891
2006 6 16 24 227 435 728 0.5975 367 0.6185
2006 6 17 24 191 225 733 0.307 367 0.5204
2006 6 18 24 314 624 733 0.8513 366 0.8579
2006 6 19 24 323 640 733 0.8731 367 0.8801
2006 6 20 24 269 535 733 0.7299 367 0.733
2006 6 21 24 232 384 733 0.5239 368 0.6304
2006 6 22 24 179 294 733 0.4011 373 0.4799
2006 6 23 24 334 605 733 0.8254 373 0.8954
2006 6 24 24 272 540 733 0.7367 373 0.7292
2006 6 25 24 301 551 733 0.7517 367 0.8202
2006 6 26 24 297 587 733 0.8008 361 0.8227
2006 6 27 24 267 487 731 0.6662 363 0.7355
2006 6 28 24 221 334 731 0.4569 363 0.6088
2006 6 29 24 101 58 731 0.0793 363 0.2782
2006 6 30 24 348 674 728 0.9258 360 0.9667
2006 7 1 24 355 710 728 0.9753 365 0.9726
2006 7 2 24 319 629 727 0.8652 365 0.874
2006 7 3 24 348 691 727 0.9505 365 0.9534
2006 7 4 24 313 544 726 0.7493 360 0.8694
2006 7 5 24 277 474 721 0.6574 360 0.7694
2006 7 6 24 178 235 721 0.3259 356 0.5
2006 7 7 24 83 0 721 0 365 0.2274
2006 7 8 24 177 203 720 0.2819 365 0.4849
2006 7 9 24 305 617 719 0.8581 365 0.8356
2006 7 10 24 316 629 719 0.8748 362 0.8729
2006 7 11 24 348 690 717 0.9623 357 0.9748
2006 7 12 24 264 479 717 0.6681 354 0.7458
2006 7 13 24 255 441 716 0.6159 350 0.7286
2006 7 14 24 291 557 712 0.7823 354 0.822
2006 7 15 24 340 694 712 0.9747 354 0.9605
2006 7 16 24 345 700 750 0.9333 354 0.9746
2006 7 17 24 343 750 750 1 350 0.98
2006 7 18 24 338 694 750 0.9253 348 0.9713
2006 7 19 24 320 645 705 0.9149 347 0.9222
2006 7 20 24 315 650 700 0.9286 347 0.9078
2006 7 21 24 204 381 699 0.5451 346 0.5896
2006 7 22 24 293 567 697 0.8135 346 0.8468
2006 7 23 24 201 283 696 0.4066 336 0.5982
2006 7 24 24 303 632 696 0.908 334 0.9072
2006 7 25 24 319 611 684 0.8933 331 0.9637
2006 7 26 24 279 545 678 0.8038 331 0.8429
2006 7 27 24 243 458 662 0.6918 331 0.7341
2006 7 28 24 229 405 657 0.6164 330 0.6939
2006 7 29 24 99 37 673 0.055 330 0.3
2006 7 30 24 298 603 673 0.896 327 0.9113
2006 7 31 24 190 256 673 0.3804 327 0.581
2006 8 1 24 132 120 651 0.1843 327 0.4037
2006 8 2 24 237 338 651 0.5192 327 0.7248
2006 8 3 24 43 0 648 0 326 0.1319
2006 8 4 24 96 32 648 0.0494 325 0.2954
2006 8 5 24 138 100 648 0.1543 317 0.4353
2006 8 6 24 64 10 648 0.0154 317 0.2019
2006 8 7 24 81 32 646 0.0495 317 0.2555
2006 8 8 24 137 144 716 0.2011 317 0.4322
2006 8 9 24 201 272 716 0.3799 314 0.6401
2006 8 10 24 77 44 716 0.0615 314 0.2452
2006 8 11 24 133 117 700 0.1671 305 0.4361
2006 8 12 24 100 44 700 0.0629 315 0.3175
2006 8 13 24 134 170 700 0.2429 315 0.4254
2006 8 14 24 152 185 642 0.2882 315 0.4825
2006 8 15 24 291 590 641 0.9204 304 0.9572
2006 8 16 24 107 161 641 0.2512 300 0.3567
2006 8 17 24 152 196 640 0.3062 302 0.5033
2006 8 18 24 242 430 640 0.6719 302 0.8013
2006 8 19 24 156 247 639 0.3865 302 0.5166
2006 8 20 24 113 160 639 0.2504 296 0.3818
2006 8 21 24 169 263 638 0.4122 302 0.5596
2006 8 22 24 153 197 638 0.3088 302 0.5066
2006 8 23 24 283 632 636 0.9937 302 0.9371
2006 8 24 24 202 369 636 0.5802 288 0.7014
2006 8 25 24 275 576 635 0.9071 288 0.9549
2006 8 26 24 251 523 635 0.8236 282 0.8901
2006 8 27 24 76 10 634 0.0158 289 0.263
2006 8 28 24 85 23 633 0.0363 289 0.2941
2006 8 29 24 87 34 633 0.0537 289 0.301
2006 8 30 24 101 69 633 0.109 280 0.3607
2006 8 31 24 248 472 633 0.7457 280 0.8857
2006 9 1 24 266 626 632 0.9905 280 0.95
2006 9 2 24 213 462 630 0.7333 279 0.7634
2006 9 3 24 84 7 628 0.0111 264 0.3182
2006 9 4 24 232 551 628 0.8774 264 0.8788
2006 9 5 24 256 620 628 0.9873 266 0.9624
2006 9 6 24 236 567 628 0.9029 266 0.8872
2006 9 7 24 181 383 626 0.6118 266 0.6805
2006 9 8 24 175 332 626 0.5304 259 0.6757
2006 9 9 24 248 613 624 0.9824 259 0.9575
2006 9 10 24 222 598 624 0.9583 250 0.888
2006 9 11 24 219 543 623 0.8716 249 0.8795
2006 9 12 24 233 580 621 0.934 249 0.9357
2006 9 13 24 236 586 620 0.9452 249 0.9478
2006 9 14 24 96 67 617 0.1086 245 0.3918
2006 9 15 24 90 56 615 0.0911 244 0.3689
2006 9 16 24 160 312 614 0.5081 241 0.6639
2006 9 17 24 66 19 612 0.031 251 0.2629
2006 9 18 24 80 3 611 0.0049 251 0.3187
2006 9 19 24 85 91 610 0.1492 251 0.3386
2006 9 20 24 210 597 608 0.9819 236 0.8898
2006 9 21 24 218 595 604 0.9851 233 0.9356
2006 9 22 24 218 596 601 0.9917 233 0.9356
2006 9 23 24 209 589 599 0.9833 224 0.933
2006 9 24 24 194 567 596 0.9513 224 0.8661
2006 9 25 24 62 1 594 0.0017 222 0.2793
2006 9 26 24 86 64 592 0.1081 214 0.4019
2006 9 27 24 167 396 590 0.6712 212 0.7877
2006 9 28 24 191 573 588 0.9745 211 0.9052
2006 9 29 24 174 452 586 0.7713 211 0.8246
2006 9 30 24 200 481 581 0.8279 210 0.9524
2006 10 1 24 79 91 580 0.1569 207 0.3816
2006 10 2 24 159 439 579 0.7582 204 0.7794
2006 10 3 24 25 2 578 0.0035 197 0.1269
2006 10 4 24 77 126 576 0.2188 197 0.3909
2006 10 5 24 81 94 574 0.1638 195 0.4154
2006 10 6 24 136 328 572 0.5734 191 0.712
2006 10 7 24 73 97 567 0.1711 190 0.3842
2006 10 8 24 182 557 567 0.9824 187 0.9733
2006 10 9 24 182 550 562 0.9786 185 0.9838
2006 10 10 24 171 541 559 0.9678 182 0.9396
2006 10 11 24 166 520 557 0.9336 181 0.9171
2006 10 12 24 154 478 555 0.8613 178 0.8652
2006 10 13 24 162 540 551 0.98 178 0.9101
2006 10 14 24 133 363 548 0.6624 175 0.76
2006 10 15 24 121 367 546 0.6722 175 0.6914
2006 10 16 24 160 515 544 0.9467 171 0.9357
2006 10 17 24 160 519 539 0.9629 169 0.9467
2006 10 18 24 134 456 529 0.862 165 0.8121
2006 10 19 24 59 43 519 0.0829 162 0.3642
2006 10 20 24 106 299 517 0.5783 162 0.6543
2006 10 21 24 99 271 510 0.5314 159 0.6226
2006 10 22 24 134 463 502 0.9223 159 0.8428
2006 10 23 24 58 53 493 0.1075 154 0.3766
2006 10 24 24 98 289 489 0.591 150 0.6533
2006 10 25 24 119 421 483 0.8716 150 0.7933
2006 10 26 24 128 472 480 0.9833 149 0.8591
2006 10 27 24 117 409 480 0.8521 144 0.8125
2006 10 28 24 104 302 472 0.6398 142 0.7324
2006 10 29 24 17 0 470 0 138 0.1232
2006 10 30 24 122 459 465 0.9871 134 0.9104
2006 10 31 24 95 334 463 0.7214 133 0.7143
2006 11 1 24 44 21 462 0.0455 130 0.3385
2006 11 2 24 118 372 461 0.8069 130 0.9077
2006 11 3 24 61 79 460 0.1717 129 0.4729
2006 11 4 24 120 446 460 0.9696 125 0.96
2006 11 5 24 67 164 458 0.3581 125 0.536
2006 11 6 24 102 438 451 0.9712 125 0.816
2006 11 7 24 109 420 449 0.9354 121 0.9008
2006 11 8 24 102 362 445 0.8135 121 0.843
2006 11 9 24 23 0 443 0 118 0.1949
2006 11 10 24 102 405 441 0.9184 118 0.8644
2006 11 11 24 37 24 439 0.0547 114 0.3246
2006 11 12 24 34 22 435 0.0506 114 0.2982
2006 11 13 24 60 142 431 0.3295 108 0.5556
2006 11 14 24 51 134 428 0.3131 108 0.4722
2006 11 15 24 96 410 423 0.9693 106 0.9057
2006 11 16 24 91 354 421 0.8409 104 0.875
2006 11 17 24 61 170 419 0.4057 104 0.5865
2006 11 18 24 48 139 417 0.3333 104 0.4615
2006 11 19 24 84 379 415 0.9133 102 0.8235
2006 11 20 24 83 319 414 0.7705 99 0.8384
2006 11 21 24 56 172 410 0.4195 99 0.5657
2006 11 22 24 46 104 407 0.2555 99 0.4646
2006 11 23 24 53 131 405 0.3235 97 0.5464
2006 11 24 24 62 239 403 0.5931 97 0.6392
2006 11 25 24 63 249 401 0.6209 96 0.6562
2006 11 26 24 83 380 399 0.9524 96 0.8646
2006 11 27 24 81 390 396 0.9848 89 0.9101
2006 11 28 24 71 328 395 0.8304 89 0.7978
2006 11 29 24 58 238 392 0.6071 86 0.6744
2006 11 30 24 77 380 391 0.9719 102 0.7549
2006 12 1 24 79 378 389 0.9717 102 0.7745
2006 12 2 24 77 374 388 0.9639 102 0.7549
2006 12 3 24 36 40 387 0.1034 86 0.4186
2006 12 4 24 61 250 387 0.646 86 0.7093
2006 12 5 24 62 266 387 0.6873 86 0.7209
2006 12 6 24 15 0 386 0 81 0.1852
2006 12 7 24 47 152 381 0.399 89 0.5281
2006 12 8 24 59 196 380 0.5158 89 0.6629
2006 12 9 24 5 0 379 0 89 0.0562
2006 12 10 24 43 131 377 0.3475 80 0.5375
2006 12 11 24 74 322 377 0.8541 80 0.925
2006 12 12 24 34 38 377 0.1008 81 0.4198
2006 12 13 24 73 361 375 0.9627 81 0.9012
2006 12 14 24 72 362 375 0.9653 81 0.8889
2006 12 15 24 69 373 375 0.9947 76 0.9079
2006 12 16 24 66 328 374 0.877 85 0.7765
2006 12 17 24 34 3 374 0.008 85 0.4
2006 12 18 24 33 0 374 0 85 0.3882
2006 12 19 24 53 173 386 0.4482 84 0.631
2006 12 20 24 72 373 386 0.9663 84 0.8571
2006 12 21 24 72 373 386 0.9663 84 0.8571
2006 12 22 24 72 373 373 1 78 0.9231
2006 12 23 24 71 372 373 0.9973 82 0.8659
2006 12 24 24 72 373 373 1 82 0.878
2006 12 25 24 71 373 373 1 82 0.8659
2006 12 26 24 72 373 374 0.9973 77 0.9351
2006 12 27 24 71 374 374 1 77 0.9221
2006 12 28 24 69 374 374 1 77 0.8961
2006 12 29 24 70 362 375 0.9653 79 0.8861
2006 12 30 24 61 206 376 0.5479 79 0.7722
2006 12 31 24 69 340 377 0.9019 79 0.8734
2007 1 1 24 17 0 377 0 79 0.2152
2007 1 2 24 30 5 378 0.0132 81 0.3704
2007 1 3 24 39 104 378 0.2751 81 0.4815
2007 1 4 24 36 15 379 0.0396 81 0.4444
2007 1 5 24 74 249 381 0.6535 93 0.7957
2007 1 6 24 70 295 382 0.7723 93 0.7527
2007 1 7 24 69 218 384 0.5677 93 0.7419
2007 1 8 24 58 103 385 0.2675 86 0.6744
2007 1 9 24 23 14 387 0.0362 87 0.2644
2007 1 10 24 72 268 387 0.6925 93 0.7742
2007 1 11 24 70 273 389 0.7018 93 0.7527
2007 1 12 24 41 0 390 0 93 0.4409
2007 1 13 24 82 390 392 0.9949 91 0.9011
2007 1 14 24 75 350 394 0.8883 92 0.8152
2007 1 15 24 83 392 396 0.9899 92 0.9022
2007 1 16 24 72 303 400 0.7575 92 0.7826
2007 1 17 24 81 322 401 0.803 94 0.8617
2007 1 18 24 38 1 403 0.0025 96 0.3958
2007 1 19 24 11 0 405 0 99 0.1111
2007 1 20 24 60 191 408 0.4681 99 0.6061
2007 1 21 24 48 8 417 0.0192 107 0.4486
2007 1 22 24 29 0 417 0 107 0.271
2007 1 23 24 60 54 417 0.1295 107 0.5607
2007 1 24 24 47 0 417 0 106 0.4434
2007 1 25 24 79 139 420 0.331 108 0.7315
2007 1 26 24 72 172 427 0.4028 112 0.6429
2007 1 27 24 33 0 427 0 112 0.2946
2007 1 28 24 108 422 429 0.9837 113 0.9558
2007 1 29 24 106 424 432 0.9815 117 0.906
2007 1 30 24 108 428 436 0.9817 117 0.9231
2007 1 31 24 111 432 439 0.9841 118 0.9407
2007 2 1 24 81 215 441 0.4875 119 0.6807
2007 2 2 24 111 436 444 0.982 120 0.925
2007 2 3 24 110 340 446 0.7623 125 0.88
2007 2 4 24 119 442 449 0.9844 127 0.937
2007 2 5 24 107 324 452 0.7168 132 0.8106
2007 2 6 24 52 0 463 0 132 0.3939
2007 2 7 24 77 31 463 0.067 133 0.5789
2007 2 8 24 74 98 463 0.2117 133 0.5564
2007 2 9 24 128 458 461 0.9935 139 0.9209
2007 2 10 24 113 321 462 0.6948 142 0.7958
2007 2 11 24 68 62 464 0.1336 142 0.4789
2007 2 12 24 43 12 468 0.0256 143 0.3007
2007 2 13 24 57 40 472 0.0847 143 0.3986
2007 2 14 24 75 12 473 0.0254 149 0.5034
2007 2 15 24 136 366 476 0.7689 149 0.9128
2007 2 16 24 143 475 500 0.95 154 0.9286
2007 2 17 24 128 445 500 0.89 158 0.8101
2007 2 18 24 145 479 500 0.958 160 0.9062
2007 2 19 24 116 287 496 0.5786 162 0.716
2007 2 20 24 153 486 507 0.9586 164 0.9329
2007 2 21 24 140 373 512 0.7285 165 0.8485
2007 2 22 24 131 330 518 0.6371 170 0.7706
2007 2 23 24 77 7 520 0.0135 177 0.435
2007 2 24 24 94 133 530 0.2509 177 0.5311
2007 2 25 24 55 0 541 0 179 0.3073
2007 2 26 24 70 1 546 0.0018 180 0.3889
2007 2 27 24 139 238 546 0.4359 185 0.7514
2007 2 28 24 127 189 548 0.3449 185 0.6865
2007 3 1 24 117 161 554 0.2906 196 0.5969
2007 3 2 24 111 170 557 0.3052 196 0.5663
2007 3 3 24 55 9 558 0.0161 198 0.2778
2007 3 4 24 189 541 562 0.9626 205 0.922
2007 3 5 24 122 316 566 0.5583 205 0.5951
2007 3 6 24 157 373 569 0.6555 208 0.7548
2007 3 7 24 112 66 571 0.1156 209 0.5359
2007 3 8 24 107 62 574 0.108 211 0.5071
2007 3 9 24 198 551 576 0.9566 213 0.9296
2007 3 10 24 119 73 578 0.1263 213 0.5587
2007 3 11 24 203 574 579 0.9914 217 0.9355
2007 3 12 24 214 576 580 0.9931 219 0.9772
2007 3 13 24 211 578 581 0.9948 223 0.9462
2007 3 14 24 210 578 586 0.9863 226 0.9292
2007 3 15 24 213 580 587 0.9881 229 0.9301
2007 3 16 24 217 582 590 0.9864 229 0.9476
2007 3 17 24 178 331 590 0.561 234 0.7607
2007 3 18 24 221 550 594 0.9259 236 0.9364
2007 3 19 24 127 56 597 0.0938 240 0.5292
2007 3 20 24 97 0 600 0 242 0.4008
2007 3 21 24 156 157 603 0.2604 245 0.6367
2007 3 22 24 184 155 603 0.257 245 0.751
2007 3 23 24 147 94 606 0.1551 245 0.6
2007 3 24 24 178 212 610 0.3475 249 0.7149
2007 3 25 24 172 310 612 0.5065 260 0.6615
2007 3 26 24 260 579 613 0.9445 260 1
2007 3 27 24 177 246 615 0.4 266 0.6654
2007 3 28 24 197 382 617 0.6191 266 0.7406
2007 3 29 24 196 352 617 0.5705 266 0.7368
2007 3 30 24 223 429 620 0.6919 263 0.8479
2007 3 31 24 171 176 622 0.283 282 0.6064
2007 4 1 24 189 189 623 0.3034 282 0.6702
2007 4 2 24 195 348 624 0.5577 282 0.6915
2007 4 3 24 154 182 625 0.2912 277 0.556
2007 4 4 24 240 421 625 0.6736 277 0.8664
2007 4 5 24 271 625 627 0.9968 277 0.9783
2007 4 6 24 271 627 629 0.9968 291 0.9313
2007 4 7 24 274 621 629 0.9873 291 0.9416
2007 4 8 24 215 347 631 0.5499 291 0.7388
2007 4 9 24 275 624 631 0.9889 287 0.9582
2007 4 10 24 282 631 632 0.9984 296 0.9527
2007 4 11 24 282 632 633 0.9984 299 0.9431
2007 4 12 24 266 569 633 0.8989 299 0.8896
2007 4 13 24 264 569 633 0.8989 300 0.88
2007 4 14 24 285 633 634 0.9984 303 0.9406
2007 4 15 24 290 634 634 1 307 0.9446
2007 4 16 24 287 624 634 0.9842 307 0.9349
2007 4 17 24 287 563 634 0.888 307 0.9349
2007 4 18 24 153 116 637 0.1821 309 0.4951
2007 4 19 24 289 633 637 0.9937 320 0.9031
2007 4 20 24 293 634 638 0.9937 320 0.9156
2007 4 21 24 297 631 639 0.9875 320 0.9281
2007 4 22 24 300 634 639 0.9922 320 0.9375
2007 4 23 24 259 497 640 0.7766 320 0.8094
2007 4 24 24 185 219 640 0.3422 320 0.5781
2007 4 25 24 283 553 640 0.8641 316 0.8956
2007 4 26 24 241 418 642 0.6511 316 0.7627
2007 4 27 24 181 213 642 0.3318 315 0.5746
2007 4 28 24 254 441 642 0.6869 337 0.7537
2007 4 29 24 307 609 643 0.9471 337 0.911
2007 4 30 24 150 214 643 0.3328 337 0.4451
2007 5 1 24 197 263 643 0.409 332 0.5934
2007 5 2 24 183 240 642 0.3738 333 0.5495
2007 5 3 24 182 230 642 0.3583 354 0.5141
2007 5 4 24 117 7 645 0.0109 354 0.3305
2007 5 5 24 85 0 645 0 354 0.2401
2007 5 6 24 60 0 647 0 353 0.17
2007 5 7 24 166 54 647 0.0835 353 0.4703
2007 5 8 24 225 252 647 0.3895 353 0.6374
2007 5 9 24 228 355 648 0.5478 344 0.6628
2007 5 10 24 320 602 648 0.929 344 0.9302
2007 5 11 24 195 201 649 0.3097 344 0.5669
2007 5 12 24 281 480 651 0.7373 341 0.824
2007 5 13 24 193 250 654 0.3823 353 0.5467
2007 5 14 24 123 89 656 0.1357 353 0.3484
2007 5 15 24 124 30 656 0.0457 353 0.3513
2007 5 16 24 281 450 659 0.6829 355 0.7915
2007 5 17 24 79 0 673 0 355 0.2225
2007 5 18 24 297 465 688 0.6759 360 0.825
2007 5 19 24 345 671 692 0.9697 360 0.9583
2007 5 20 24 330 601 692 0.8685 360 0.9167
2007 5 21 24 291 504 697 0.7231 359 0.8106
2007 5 22 24 218 222 699 0.3176 359 0.6072
2007 5 23 24 294 498 702 0.7094 363 0.8099
2007 5 24 24 275 462 705 0.6553 363 0.7576
2007 5 25 24 214 311 706 0.4405 363 0.5895
2007 5 26 24 208 360 706 0.5099 358 0.581
2007 5 27 24 204 159 708 0.2246 362 0.5635
2007 5 28 24 73 1 713 0.0014 369 0.1978
2007 5 29 24 101 0 714 0 369 0.2737
2007 5 30 24 340 475 715 0.6643 369 0.9214
2007 5 31 24 232 254 717 0.3543 363 0.6391
2007 6 1 24 65 0 717 0 363 0.1791
2007 6 2 24 154 20 718 0.0279 361 0.4266
2007 6 3 24 263 344 718 0.4791 370 0.7108
2007 6 4 24 240 325 718 0.4526 370 0.6486
2007 6 5 24 274 424 698 0.6074 375 0.7307
2007 6 6 24 237 352 725 0.4855 376 0.6303
2007 6 7 24 275 467 725 0.6441 376 0.7314
2007 6 8 24 253 282 727 0.3879 376 0.6729
2007 6 9 24 261 463 727 0.6369 366 0.7131
2007 6 10 24 278 432 727 0.5942 366 0.7596
2007 6 11 24 171 160 729 0.2195 384 0.4453
2007 6 12 24 220 234 729 0.321 384 0.5729
2007 6 13 24 170 156 730 0.2137 384 0.4427
2007 6 14 24 299 526 730 0.7205 363 0.8237
2007 6 15 24 91 39 730 0.0534 367 0.248
2007 6 16 24 309 517 728 0.7102 367 0.842
2007 6 17 24 315 494 733 0.6739 367 0.8583
2007 6 18 24 225 255 733 0.3479 366 0.6148
2007 6 19 24 319 598 733 0.8158 367 0.8692
2007 6 20 24 316 589 733 0.8035 367 0.861
2007 6 21 24 87 73 733 0.0996 368 0.2364
2007 6 22 24 77 32 733 0.0437 373 0.2064
2007 6 23 24 252 273 733 0.3724 373 0.6756
2007 6 24 24 334 633 733 0.8636 373 0.8954
2007 6 25 24 181 195 733 0.266 367 0.4932
2007 6 26 24 260 410 733 0.5593 361 0.7202
2007 6 27 24 192 251 731 0.3434 363 0.5289
2007 6 28 24 296 380 731 0.5198 363 0.8154
2007 6 29 24 276 459 731 0.6279 363 0.7603
2007 6 30 24 225 257 728 0.353 360 0.625
2007 7 1 24 269 463 728 0.636 365 0.737
2007 7 2 24 39 10 727 0.0138 365 0.1068
2007 7 3 24 203 287 727 0.3948 365 0.5562
2007 7 4 24 206 177 726 0.2438 360 0.5722
2007 7 5 24 124 19 721 0.0264 360 0.3444
2007 7 6 24 105 12 721 0.0166 356 0.2949
2007 7 7 24 323 544 721 0.7545 365 0.8849
2007 7 8 24 223 288 720 0.4 365 0.611
2007 7 9 24 48 3 719 0.0042 365 0.1315
2007 7 10 24 200 132 719 0.1836 362 0.5525
2007 7 11 24 170 90 717 0.1255 357 0.4762
2007 7 12 24 232 236 717 0.3291 354 0.6554
2007 7 13 24 344 675 716 0.9427 350 0.9829
2007 7 14 24 343 687 712 0.9649 354 0.9689
2007 7 15 24 347 687 712 0.9649 354 0.9802
2007 7 16 24 350 687 750 0.916 354 0.9887
2007 7 17 24 335 686 750 0.9147 350 0.9571
2007 7 18 24 328 683 750 0.9107 348 0.9425
2007 7 19 24 347 660 705 0.9362 347 1
2007 7 20 24 262 463 700 0.6614 347 0.755
2007 7 21 24 258 463 699 0.6624 346 0.7457
2007 7 22 24 225 307 697 0.4405 346 0.6503
2007 7 23 24 242 378 696 0.5431 336 0.7202
2007 7 24 24 140 137 696 0.1968 334 0.4192
2007 7 25 24 327 612 684 0.8947 331 0.9879
2007 7 26 24 327 654 678 0.9646 331 0.9879
2007 7 27 24 298 562 662 0.8489 331 0.9003
2007 7 28 24 268 396 657 0.6027 330 0.8121
2007 7 29 24 282 431 673 0.6404 330 0.8545
2007 7 30 24 163 149 673 0.2214 327 0.4985
2007 7 31 24 325 641 673 0.9525 327 0.9939
2007 8 1 24 326 651 651 1 327 0.9969
2007 8 2 24 165 271 651 0.4163 327 0.5046
2007 8 3 24 75 4 648 0.0062 326 0.2301
2007 8 4 24 315 648 648 1 325 0.9692
2007 8 5 24 317 648 648 1 317 1
2007 8 6 24 310 629 648 0.9707 317 0.9779
2007 8 7 24 155 76 646 0.1176 317 0.489
2007 8 8 24 149 99 716 0.1383 317 0.47
2007 8 9 24 150 90 716 0.1257 314 0.4777
2007 8 10 24 172 68 716 0.095 314 0.5478
2007 8 11 24 120 5 700 0.0071 305 0.3934
2007 8 12 24 297 550 700 0.7857 315 0.9429
2007 8 13 24 228 333 700 0.4757 315 0.7238
2007 8 14 24 172 238 642 0.3707 315 0.546
2007 8 15 24 290 567 641 0.8846 304 0.9539
2007 8 16 24 116 139 641 0.2168 300 0.3867
2007 8 17 24 67 0 640 0 302 0.2219
2007 8 18 24 276 511 640 0.7984 302 0.9139
2007 8 19 24 156 176 639 0.2754 302 0.5166
2007 8 20 24 93 17 639 0.0266 296 0.3142
2007 8 21 24 110 35 638 0.0549 302 0.3642
2007 8 22 24 191 284 638 0.4451 302 0.6325
2007 8 23 24 234 450 636 0.7075 302 0.7748
2007 8 24 24 243 576 636 0.9057 288 0.8438
2007 8 25 24 280 626 635 0.9858 288 0.9722
2007 8 26 24 224 464 635 0.7307 282 0.7943
2007 8 27 24 101 105 634 0.1656 289 0.3495
2007 8 28 24 75 55 633 0.0869 289 0.2595
2007 8 29 24 72 13 633 0.0205 289 0.2491
2007 8 30 24 69 1 633 0.0016 280 0.2464
2007 8 31 24 246 386 633 0.6098 280 0.8786
2007 9 1 24 152 142 632 0.2247 280 0.5429
2007 9 2 24 264 625 630 0.9921 279 0.9462
2007 9 3 24 209 350 628 0.5573 264 0.7917
2007 9 4 24 91 51 628 0.0812 264 0.3447
2007 9 5 24 100 20 628 0.0318 266 0.3759
2007 9 6 24 178 172 628 0.2739 266 0.6692
2007 9 7 24 230 377 626 0.6022 266 0.8647
2007 9 8 24 208 328 626 0.524 259 0.8031
2007 9 9 24 170 215 624 0.3446 259 0.6564
2007 9 10 24 231 471 624 0.7548 250 0.924
2007 9 11 24 127 104 623 0.1669 249 0.51
2007 9 12 24 249 615 621 0.9903 249 1
2007 9 13 24 245 614 620 0.9903 249 0.9839
2007 9 14 24 188 390 617 0.6321 245 0.7673
2007 9 15 24 175 362 615 0.5886 244 0.7172
2007 9 16 24 233 562 614 0.9153 241 0.9668
2007 9 17 24 136 194 612 0.317 251 0.5418
2007 9 18 24 30 0 611 0 251 0.1195
2007 9 19 24 236 485 610 0.7951 251 0.9402
2007 9 20 24 217 580 608 0.9539 236 0.9195
2007 9 21 24 221 598 604 0.9901 233 0.9485
2007 9 22 24 213 576 601 0.9584 233 0.9142
2007 9 23 24 210 543 599 0.9065 224 0.9375
2007 9 24 24 212 591 596 0.9916 224 0.9464
2007 9 25 24 19 1 594 0.0017 222 0.0856
2007 9 26 24 61 0 592 0 214 0.285
2007 9 27 24 112 74 590 0.1254 212 0.5283
2007 9 28 24 106 83 588 0.1412 211 0.5024
2007 9 29 24 169 333 586 0.5683 211 0.8009
2007 9 30 24 115 197 581 0.3391 210 0.5476
2007 10 1 24 182 572 580 0.9862 207 0.8792
2007 10 2 24 180 499 579 0.8618 204 0.8824
2007 10 3 24 180 546 578 0.9446 197 0.9137
2007 10 4 24 42 9 576 0.0156 197 0.2132
2007 10 5 24 172 565 574 0.9843 195 0.8821
2007 10 6 24 117 192 572 0.3357 191 0.6126
2007 10 7 24 186 562 567 0.9912 190 0.9789
2007 10 8 24 185 557 567 0.9824 187 0.9893
2007 10 9 24 155 453 562 0.806 185 0.8378
2007 10 10 24 88 44 559 0.0787 182 0.4835
2007 10 11 24 170 549 557 0.9856 181 0.9392
2007 10 12 24 140 420 555 0.7568 178 0.7865
2007 10 13 24 168 545 551 0.9891 178 0.9438
2007 10 14 24 166 540 548 0.9854 175 0.9486
2007 10 15 24 164 530 546 0.9707 175 0.9371
2007 10 16 24 163 521 544 0.9577 171 0.9532
2007 10 17 24 142 518 539 0.961 169 0.8402
2007 10 18 24 56 39 529 0.0737 165 0.3394
2007 10 19 24 65 42 519 0.0809 162 0.4012
2007 10 20 24 128 276 517 0.5338 162 0.7901
2007 10 21 24 116 216 510 0.4235 159 0.7296
2007 10 22 24 154 458 502 0.9124 159 0.9686
2007 10 23 24 99 203 493 0.4118 154 0.6429
2007 10 24 24 106 164 489 0.3354 150 0.7067
2007 10 25 24 134 441 483 0.913 150 0.8933
2007 10 26 24 75 98 480 0.2042 149 0.5034
2007 10 27 24 111 342 480 0.7125 144 0.7708
2007 10 28 24 101 218 472 0.4619 142 0.7113
2007 10 29 24 109 367 470 0.7809 138 0.7899
2007 10 30 24 17 0 465 0 134 0.1269
2007 10 31 24 62 16 463 0.0346 133 0.4662
2007 11 1 24 125 461 462 0.9978 130 0.9615
2007 11 2 24 121 443 461 0.961 130 0.9308
2007 11 3 24 120 455 460 0.9891 129 0.9302
2007 11 4 24 96 280 460 0.6087 125 0.768
2007 11 5 24 120 450 458 0.9825 125 0.96
2007 11 6 24 50 89 451 0.1973 125 0.4
2007 11 7 24 37 0 449 0 121 0.3058
2007 11 8 24 59 91 445 0.2045 121 0.4876
2007 11 9 24 22 0 443 0 118 0.1864
2007 11 10 24 13 0 441 0 118 0.1102
2007 11 11 24 42 0 439 0 114 0.3684
2007 11 12 24 49 9 435 0.0207 114 0.4298
2007 11 13 24 95 244 431 0.5661 108 0.8796
2007 11 14 24 38 0 428 0 108 0.3519
2007 11 15 24 86 211 423 0.4988 106 0.8113
2007 11 16 24 103 417 421 0.9905 104 0.9904
2007 11 17 24 104 413 419 0.9857 104 1
2007 11 18 24 96 411 417 0.9856 104 0.9231
2007 11 19 24 66 31 415 0.0747 102 0.6471
2007 11 20 24 69 109 414 0.2633 99 0.697
2007 11 21 24 27 2 410 0.0049 99 0.2727
2007 11 22 24 52 67 407 0.1646 99 0.5253
2007 11 23 24 33 0 405 0 97 0.3402
2007 11 24 24 34 0 403 0 97 0.3505
2007 11 25 24 48 45 401 0.1122 96 0.5
2007 11 26 24 49 50 399 0.1253 96 0.5104
2007 11 27 24 84 354 396 0.8939 89 0.9438
2007 11 28 24 83 392 395 0.9924 89 0.9326
2007 11 29 24 77 384 392 0.9796 86 0.8953
2007 11 30 24 54 65 391 0.1662 102 0.5294
2007 12 1 24 71 263 389 0.6761 102 0.6961
2007 12 2 24 67 199 388 0.5129 102 0.6569
2007 12 3 24 21 0 387 0 86 0.2442
2007 12 4 24 22 0 387 0 86 0.2558
2007 12 5 24 63 283 387 0.7313 86 0.7326
2007 12 6 24 62 204 386 0.5285 81 0.7654
2007 12 7 24 32 37 381 0.0971 89 0.3596
2007 12 8 24 32 46 380 0.1211 89 0.3596
2007 12 9 24 36 2 379 0.0053 89 0.4045
2007 12 10 24 50 91 377 0.2414 80 0.625
2007 12 11 24 33 0 377 0 80 0.4125
2007 12 12 24 44 38 377 0.1008 81 0.5432
2007 12 13 24 74 375 375 1 81 0.9136
2007 12 14 24 62 240 375 0.64 81 0.7654
2007 12 15 24 75 374 375 0.9973 76 0.9868
2007 12 16 24 74 374 374 1 85 0.8706
2007 12 17 24 73 374 374 1 85 0.8588
2007 12 18 24 75 373 374 0.9973 85 0.8824
2007 12 19 24 72 372 386 0.9637 84 0.8571
2007 12 20 24 73 373 386 0.9663 84 0.869
2007 12 21 24 71 372 386 0.9637 84 0.8452
2007 12 22 24 67 278 373 0.7453 78 0.859
2007 12 23 24 58 290 373 0.7775 82 0.7073
2007 12 24 24 69 354 373 0.9491 82 0.8415
2007 12 25 24 73 373 373 1 82 0.8902
2007 12 26 24 52 63 374 0.1684 77 0.6753
2007 12 27 24 71 374 374 1 77 0.9221
2007 12 28 24 73 373 374 0.9973 77 0.9481
2007 12 29 24 75 374 375 0.9973 79 0.9494
2007 12 30 24 37 3 376 0.008 79 0.4684
2007 12 31 24 37 3 377 0.008 79 0.4684
2008 1 1 24 65 173 377 0.4589 79 0.8228
2008 1 2 24 72 319 378 0.8439 81 0.8889
2008 1 3 24 46 68 378 0.1799 81 0.5679
2008 1 4 24 47 104 379 0.2744 81 0.5802
2008 1 5 24 42 30 381 0.0787 93 0.4516
2008 1 6 24 23 4 382 0.0105 93 0.2473
2008 1 7 24 30 5 384 0.013 93 0.3226
2008 1 8 24 83 383 385 0.9948 86 0.9651
2008 1 9 24 49 60 387 0.155 87 0.5632
2008 1 10 24 81 385 387 0.9948 93 0.871
2008 1 11 24 53 60 389 0.1542 93 0.5699
2008 1 12 24 15 0 390 0 93 0.1613
2008 1 13 24 72 274 392 0.699 91 0.7912
2008 1 14 24 57 35 394 0.0888 92 0.6196
2008 1 15 24 69 248 396 0.6263 92 0.75
2008 1 16 24 44 49 400 0.1225 92 0.4783
2008 1 17 24 70 274 401 0.6833 94 0.7447
2008 1 18 24 83 253 403 0.6278 96 0.8646
2008 1 19 24 76 347 405 0.8568 99 0.7677
2008 1 20 24 83 336 408 0.8235 99 0.8384
2008 1 21 24 90 386 417 0.9257 107 0.8411
2008 1 22 24 18 0 417 0 107 0.1682
2008 1 23 24 97 407 417 0.976 107 0.9065
2008 1 24 24 95 408 417 0.9784 106 0.8962
2008 1 25 24 98 406 420 0.9667 108 0.9074
2008 1 26 24 83 357 427 0.8361 112 0.7411
2008 1 27 24 87 110 427 0.2576 112 0.7768
2008 1 28 24 88 275 429 0.641 113 0.7788
2008 1 29 24 103 423 432 0.9792 117 0.8803
2008 1 30 24 65 113 436 0.2592 117 0.5556
2008 1 31 24 99 333 439 0.7585 118 0.839
2008 2 1 24 82 198 441 0.449 119 0.6891
2008 2 2 24 62 74 444 0.1667 120 0.5167
2008 2 3 24 116 438 446 0.9821 125 0.928
2008 2 4 24 69 43 449 0.0958 127 0.5433
2008 2 5 24 118 401 452 0.8872 132 0.8939
2008 2 6 24 62 56 463 0.121 132 0.4697
2008 2 7 24 117 354 463 0.7646 133 0.8797
2008 2 8 24 127 454 463 0.9806 133 0.9549
2008 2 9 24 128 457 461 0.9913 139 0.9209
2008 2 10 24 131 460 462 0.9957 142 0.9225
2008 2 11 24 136 462 464 0.9957 142 0.9577
2008 2 12 24 138 463 468 0.9893 143 0.965
2008 2 13 24 139 465 472 0.9852 143 0.972
2008 2 14 24 142 468 473 0.9894 149 0.953
2008 2 15 24 143 472 476 0.9916 149 0.9597
2008 2 16 24 148 474 500 0.948 154 0.961
2008 2 17 24 150 476 500 0.952 158 0.9494
2008 2 18 24 153 479 500 0.958 160 0.9562
2008 2 19 24 152 480 496 0.9677 162 0.9383
2008 2 20 24 144 448 507 0.8836 164 0.878
2008 2 21 24 104 146 512 0.2852 165 0.6303
2008 2 22 24 117 171 518 0.3301 170 0.6882
2008 2 23 24 142 407 520 0.7827 177 0.8023
2008 2 24 24 163 511 530 0.9642 177 0.9209
2008 2 25 24 151 484 541 0.8946 179 0.8436
2008 2 26 24 170 521 546 0.9542 180 0.9444
2008 2 27 24 135 243 546 0.4451 185 0.7297
2008 2 28 24 165 415 548 0.7573 185 0.8919
2008 2 29 24 102 78 549 0.1421 195 0.5231
2008 3 1 24 39 2 554 0.0036 196 0.199
2008 3 2 24 112 81 557 0.1454 196 0.5714
2008 3 3 24 146 248 558 0.4444 198 0.7374
2008 3 4 24 97 88 562 0.1566 205 0.4732
2008 3 5 24 124 155 566 0.2739 205 0.6049
2008 3 6 24 190 502 569 0.8822 208 0.9135
2008 3 7 24 130 68 571 0.1191 209 0.622
2008 3 8 24 108 70 574 0.122 211 0.5118
2008 3 9 24 123 105 576 0.1823 213 0.5775
2008 3 10 24 152 220 578 0.3806 213 0.7136
2008 3 11 24 159 227 579 0.3921 217 0.7327
2008 3 12 24 66 0 580 0 219 0.3014
2008 3 13 24 183 274 581 0.4716 223 0.8206
2008 3 14 24 148 198 586 0.3379 226 0.6549
2008 3 15 24 204 544 587 0.9267 229 0.8908
2008 3 16 24 108 126 590 0.2136 229 0.4716
2008 3 17 24 99 0 590 0 234 0.4231
2008 3 18 24 130 77 594 0.1296 236 0.5508
2008 3 19 24 236 572 597 0.9581 240 0.9833
2008 3 20 24 159 187 600 0.3117 242 0.657
2008 3 21 24 65 0 603 0 245 0.2653
2008 3 22 24 230 506 603 0.8391 245 0.9388
2008 3 23 24 140 51 606 0.0842 245 0.5714
2008 3 24 24 228 332 610 0.5443 249 0.9157
2008 3 25 24 112 12 612 0.0196 260 0.4308
2008 3 26 24 176 95 613 0.155 260 0.6769
2008 3 27 24 173 27 615 0.0439 266 0.6504
2008 3 28 24 258 602 617 0.9757 266 0.9699
2008 3 29 24 236 447 617 0.7245 266 0.8872
2008 3 30 24 255 615 620 0.9919 263 0.9696
2008 3 31 24 232 521 622 0.8376 282 0.8227
2008 4 1 24 145 107 623 0.1717 282 0.5142
2008 4 2 24 64 0 624 0 282 0.227
2008 4 3 24 145 65 625 0.104 277 0.5235
2008 4 4 24 252 168 625 0.2688 277 0.9097
2008 4 5 24 126 0 627 0 277 0.4549
2008 4 6 24 140 130 629 0.2067 291 0.4811
2008 4 7 24 245 337 629 0.5358 291 0.8419
2008 4 8 24 169 69 631 0.1094 291 0.5808
2008 4 9 24 148 179 631 0.2837 287 0.5157
2008 4 10 24 189 110 632 0.1741 296 0.6385
2008 4 11 24 130 47 633 0.0742 299 0.4348
2008 4 12 24 164 0 633 0 299 0.5485
2008 4 13 24 274 501 633 0.7915 300 0.9133
2008 4 14 24 138 137 634 0.2161 303 0.4554
2008 4 15 24 127 0 634 0 307 0.4137
2008 4 16 24 197 49 634 0.0773 307 0.6417
2008 4 17 24 253 313 634 0.4937 307 0.8241
2008 4 18 24 191 156 637 0.2449 309 0.6181
2008 4 19 24 214 283 637 0.4443 320 0.6688
2008 4 20 24 236 311 638 0.4875 320 0.7375
2008 4 21 24 118 0 639 0 320 0.3688
2008 4 22 24 128 18 639 0.0282 320 0.4
2008 4 23 24 140 0 640 0 320 0.4375
2008 4 24 24 164 96 640 0.15 320 0.5125
2008 4 25 24 122 17 640 0.0266 316 0.3861
2008 4 26 24 313 640 642 0.9969 316 0.9905
2008 4 27 24 312 641 642 0.9984 315 0.9905
2008 4 28 24 264 429 642 0.6682 337 0.7834
2008 4 29 24 216 164 643 0.2551 337 0.6409
2008 4 30 24 222 219 643 0.3406 337 0.6588
2008 5 1 24 272 376 643 0.5848 332 0.8193
2008 5 2 24 279 448 642 0.6978 333 0.8378
2008 5 3 24 319 622 642 0.9688 354 0.9011
2008 5 4 24 217 216 645 0.3349 354 0.613
2008 5 5 24 281 478 645 0.7411 354 0.7938
2008 5 6 24 337 644 647 0.9954 353 0.9547
2008 5 7 24 346 645 647 0.9969 353 0.9802
2008 5 8 24 331 642 647 0.9923 353 0.9377
2008 5 9 24 322 602 648 0.929 344 0.936
2008 5 10 24 339 634 648 0.9784 344 0.9855
2008 5 11 24 267 436 649 0.6718 344 0.7762
2008 5 12 24 341 575 651 0.8833 341 1
2008 5 13 24 337 568 654 0.8685 353 0.9547
2008 5 14 24 287 485 656 0.7393 353 0.813
2008 5 15 24 256 363 656 0.5534 353 0.7252
2008 5 16 24 221 186 659 0.2822 355 0.6225
2008 5 17 24 128 3 673 0.0045 355 0.3606
2008 5 18 24 73 0 688 0 360 0.2028
2008 5 19 24 259 248 692 0.3584 360 0.7194
2008 5 20 24 132 2 692 0.0029 360 0.3667
2008 5 21 24 188 35 697 0.0502 359 0.5237
2008 5 22 24 119 2 699 0.0029 359 0.3315
2008 5 23 24 341 606 702 0.8632 363 0.9394
2008 5 24 24 231 232 705 0.3291 363 0.6364
2008 5 25 24 207 202 706 0.2861 363 0.5702
2008 5 26 24 103 8 706 0.0113 358 0.2877
2008 5 27 24 323 628 708 0.887 362 0.8923
2008 5 28 24 295 604 713 0.8471 369 0.7995
2008 5 29 24 205 173 714 0.2423 369 0.5556
2008 5 30 24 190 187 715 0.2615 369 0.5149
2008 5 31 24 189 91 717 0.1269 363 0.5207
2008 6 1 24 301 499 717 0.696 363 0.8292
2008 6 2 24 241 360 718 0.5014 361 0.6676
2008 6 3 24 222 203 718 0.2827 370 0.6
2008 6 4 24 142 13 718 0.0181 370 0.3838
2008 6 5 24 123 7 698 0.01 375 0.328
2008 6 6 24 193 105 725 0.1448 376 0.5133
2008 6 7 24 99 0 725 0 376 0.2633
2008 6 8 24 300 331 727 0.4553 376 0.7979
2008 6 9 24 206 162 727 0.2228 366 0.5628
2008 6 10 24 248 405 727 0.5571 366 0.6776
2008 6 11 24 106 2 729 0.0027 384 0.276
2008 6 12 24 295 355 729 0.487 384 0.7682
2008 6 13 24 225 178 730 0.2438 384 0.5859
2008 6 14 24 173 70 730 0.0959 363 0.4766
2008 6 15 24 154 5 730 0.0068 367 0.4196
2008 6 16 24 178 80 728 0.1099 367 0.485
2008 6 17 24 98 0 733 0 367 0.267
2008 6 18 24 208 211 733 0.2879 366 0.5683
2008 6 19 24 344 634 733 0.8649 367 0.9373
2008 6 20 24 346 644 733 0.8786 367 0.9428
2008 6 21 24 358 638 733 0.8704 368 0.9728
2008 6 22 24 346 632 733 0.8622 373 0.9276
2008 6 23 24 276 472 733 0.6439 373 0.7399
2008 6 24 24 269 456 733 0.6221 373 0.7212
2008 6 25 24 326 695 733 0.9482 367 0.8883
2008 6 26 24 295 529 733 0.7217 361 0.8172
2008 6 27 24 312 487 731 0.6662 363 0.8595
2008 6 28 24 328 609 731 0.8331 363 0.9036
2008 6 29 24 279 483 731 0.6607 363 0.7686
2008 6 30 24 251 388 728 0.533 360 0.6972
2008 7 1 24 278 473 728 0.6497 365 0.7616
2008 7 2 24 245 432 727 0.5942 365 0.6712
2008 7 3 24 171 219 727 0.3012 365 0.4685
2008 7 4 24 255 280 726 0.3857 360 0.7083
2008 7 5 24 204 230 721 0.319 360 0.5667
2008 7 6 24 96 137 721 0.19 356 0.2697
2008 7 7 24 62 3 721 0.0042 365 0.1699
2008 7 8 24 266 358 720 0.4972 365 0.7288
2008 7 9 24 362 690 719 0.9597 365 0.9918
2008 7 10 24 343 665 719 0.9249 362 0.9475
2008 7 11 24 297 530 717 0.7392 357 0.8319
2008 7 12 24 127 106 717 0.1478 354 0.3588
2008 7 13 24 34 0 716 0 350 0.0971
2008 7 14 24 60 0 712 0 354 0.1695
2008 7 15 24 344 678 712 0.9522 354 0.9718
2008 7 16 24 346 687 750 0.916 354 0.9774
2008 7 17 24 93 25 750 0.0333 350 0.2657
2008 7 18 24 141 22 750 0.0293 348 0.4052
2008 7 19 24 302 512 705 0.7262 347 0.8703
2008 7 20 24 234 386 700 0.5514 347 0.6744
2008 7 21 24 293 469 699 0.671 346 0.8468
2008 7 22 24 146 70 697 0.1004 346 0.422
2008 7 23 24 302 445 696 0.6394 336 0.8988
2008 7 24 24 326 657 696 0.944 334 0.976
2008 7 25 24 331 661 684 0.9664 331 1
2008 7 26 24 273 559 678 0.8245 331 0.8248
2008 7 27 24 209 239 662 0.361 331 0.6314
2008 7 28 24 191 264 657 0.4018 330 0.5788
2008 7 29 24 247 413 673 0.6137 330 0.7485
2008 7 30 24 214 334 673 0.4963 327 0.6544
2008 7 31 24 260 467 673 0.6939 327 0.7951
2008 8 1 24 213 300 651 0.4608 327 0.6514
2008 8 2 24 322 637 651 0.9785 327 0.9847
2008 8 3 24 325 590 648 0.9105 326 0.9969
2008 8 4 24 120 89 648 0.1373 325 0.3692
2008 8 5 24 147 51 648 0.0787 317 0.4637
2008 8 6 24 242 425 648 0.6559 317 0.7634
2008 8 7 24 276 533 646 0.8251 317 0.8707
2008 8 8 24 193 256 716 0.3575 317 0.6088
2008 8 9 24 168 157 716 0.2193 314 0.535
2008 8 10 24 299 645 716 0.9008 314 0.9522
2008 8 11 24 279 502 700 0.7171 305 0.9148
2008 8 12 24 134 92 700 0.1314 315 0.4254
2008 8 13 24 276 445 700 0.6357 315 0.8762
2008 8 14 24 195 308 642 0.4798 315 0.619
2008 8 15 24 82 54 641 0.0842 304 0.2697
2008 8 16 24 277 493 641 0.7691 300 0.9233
2008 8 17 24 176 195 640 0.3047 302 0.5828
2008 8 18 24 294 638 640 0.9969 302 0.9735
2008 8 19 24 290 628 639 0.9828 302 0.9603
2008 8 20 24 224 250 639 0.3912 296 0.7568
2008 8 21 24 284 633 638 0.9922 302 0.9404
2008 8 22 24 191 350 638 0.5486 302 0.6325
2008 8 23 24 139 93 636 0.1462 302 0.4603
2008 8 24 24 288 634 636 0.9969 288 1
2008 8 25 24 273 544 635 0.8567 288 0.9479
2008 8 26 24 254 598 635 0.9417 282 0.9007
2008 8 27 24 270 574 634 0.9054 289 0.9343
2008 8 28 24 271 630 633 0.9953 289 0.9377
2008 8 29 24 257 633 633 1 289 0.8893
2008 8 30 24 271 633 633 1 280 0.9679
2008 8 31 24 196 392 633 0.6193 280 0.7
2008 9 1 24 165 223 632 0.3528 280 0.5893
2008 9 2 24 262 611 630 0.9698 279 0.9391
2008 9 3 24 151 216 628 0.3439 264 0.572
2008 9 4 24 102 60 628 0.0955 264 0.3864
2008 9 5 24 147 214 628 0.3408 266 0.5526
2008 9 6 24 135 220 628 0.3503 266 0.5075
2008 9 7 24 62 24 626 0.0383 266 0.2331
2008 9 8 24 259 581 626 0.9281 259 1
2008 9 9 24 250 617 624 0.9888 259 0.9653
2008 9 10 24 115 160 624 0.2564 250 0.46
2008 9 11 24 193 439 623 0.7047 249 0.7751
2008 9 12 24 56 5 621 0.0081 249 0.2249
2008 9 13 24 31 0 620 0 249 0.1245
2008 9 14 24 45 0 617 0 245 0.1837
2008 9 15 24 74 0 615 0 244 0.3033
2008 9 16 24 184 278 614 0.4528 241 0.7635
2008 9 17 24 227 584 612 0.9542 251 0.9044
2008 9 18 24 196 447 611 0.7316 251 0.7809
2008 9 19 24 120 130 610 0.2131 251 0.4781
2008 9 20 24 225 590 608 0.9704 236 0.9534
2008 9 21 24 169 338 604 0.5596 233 0.7253
2008 9 22 24 224 524 601 0.8719 233 0.9614
2008 9 23 24 133 169 599 0.2821 224 0.5938
2008 9 24 24 203 473 596 0.7936 224 0.9062
2008 9 25 24 91 36 594 0.0606 222 0.4099
2008 9 26 24 181 401 592 0.6774 214 0.8458
2008 9 27 24 206 581 590 0.9847 212 0.9717
2008 9 28 24 203 580 588 0.9864 211 0.9621
2008 9 29 24 190 479 586 0.8174 211 0.9005
2008 9 30 24 131 202 581 0.3477 210 0.6238
2008 10 1 24 124 213 580 0.3672 207 0.599
2008 10 2 24 139 201 579 0.3472 204 0.6814
2008 10 3 24 27 0 578 0 197 0.1371
2008 10 4 24 79 13 576 0.0226 197 0.401
2008 10 5 24 190 559 574 0.9739 195 0.9744
2008 10 6 24 155 367 572 0.6416 191 0.8115
2008 10 7 24 170 440 567 0.776 190 0.8947
2008 10 8 24 148 325 567 0.5732 187 0.7914
2008 10 9 24 170 531 562 0.9448 185 0.9189
2008 10 10 24 171 551 559 0.9857 182 0.9396
2008 10 11 24 166 546 557 0.9803 181 0.9171
2008 10 12 24 164 513 555 0.9243 178 0.9213
2008 10 13 24 127 341 551 0.6189 178 0.7135
2008 10 14 24 114 206 548 0.3759 175 0.6514
2008 10 15 24 108 232 546 0.4249 175 0.6171
2008 10 16 24 46 36 544 0.0662 171 0.269
2008 10 17 24 145 362 539 0.6716 169 0.858
2008 10 18 24 127 353 529 0.6673 165 0.7697
2008 10 19 24 151 499 519 0.9615 162 0.9321
2008 10 20 24 149 494 517 0.9555 162 0.9198
2008 10 21 24 143 404 510 0.7922 159 0.8994
2008 10 22 24 138 376 502 0.749 159 0.8679
2008 10 23 24 125 352 493 0.714 154 0.8117
2008 10 24 24 127 389 489 0.7955 150 0.8467
2008 10 25 24 135 475 483 0.9834 150 0.9
2008 10 26 24 135 473 480 0.9854 149 0.906
2008 10 27 24 53 29 480 0.0604 144 0.3681
2008 10 28 24 19 0 472 0 142 0.1338
2008 10 29 24 22 0 470 0 138 0.1594
2008 10 30 24 61 52 465 0.1118 134 0.4552
2008 10 31 24 63 0 463 0 133 0.4737
2008 11 1 24 111 358 462 0.7749 130 0.8538
2008 11 2 24 96 221 461 0.4794 130 0.7385
2008 11 3 24 78 182 460 0.3957 129 0.6047
2008 11 4 24 58 0 460 0 125 0.464
2008 11 5 24 45 95 458 0.2074 125 0.36
2008 11 6 24 95 324 451 0.7184 125 0.76
2008 11 7 24 58 67 449 0.1492 121 0.4793
2008 11 8 24 97 267 445 0.6 121 0.8017
2008 11 9 24 100 335 443 0.7562 118 0.8475
2008 11 10 24 101 429 441 0.9728 118 0.8559
2008 11 11 24 89 287 439 0.6538 114 0.7807
2008 11 12 24 24 0 435 0 114 0.2105
2008 11 13 24 39 0 431 0 108 0.3611
2008 11 14 24 102 329 428 0.7687 108 0.9444
2008 11 15 24 101 417 423 0.9858 106 0.9528
2008 11 16 24 98 403 421 0.9572 104 0.9423
2008 11 17 24 79 226 419 0.5394 104 0.7596
2008 11 18 24 38 0 417 0 104 0.3654
2008 11 19 24 63 73 415 0.1759 102 0.6176
2008 11 20 24 71 237 414 0.5725 99 0.7172
2008 11 21 24 6 0 410 0 99 0.0606
2008 11 22 24 15 0 407 0 99 0.1515
2008 11 23 24 97 334 405 0.8247 97 1
2008 11 24 24 76 251 403 0.6228 97 0.7835
2008 11 25 24 51 1 401 0.0025 96 0.5312
2008 11 26 24 88 392 399 0.9825 96 0.9167
2008 11 27 24 87 392 396 0.9899 89 0.9775
2008 11 28 24 33 0 395 0 89 0.3708
2008 11 29 24 67 201 392 0.5128 86 0.7791
2008 11 30 24 50 44 391 0.1125 102 0.4902
2008 12 1 24 21 0 389 0 102 0.2059
2008 12 2 24 56 113 388 0.2912 102 0.549
2008 12 3 24 75 302 387 0.7804 86 0.8721
2008 12 4 24 60 157 387 0.4057 86 0.6977
2008 12 5 24 47 96 387 0.2481 86 0.5465
2008 12 6 24 55 106 386 0.2746 81 0.679
2008 12 7 24 37 0 381 0 89 0.4157
2008 12 8 24 77 378 380 0.9947 89 0.8652
2008 12 9 24 68 280 379 0.7388 89 0.764
2008 12 10 24 30 0 377 0 80 0.375
2008 12 11 24 39 0 377 0 80 0.4875
2008 12 12 24 33 0 377 0 81 0.4074
2008 12 13 24 50 88 375 0.2347 81 0.6173
2008 12 14 24 56 185 375 0.4933 81 0.6914
2008 12 15 24 56 111 375 0.296 76 0.7368
2008 12 16 24 50 57 374 0.1524 85 0.5882
2008 12 17 24 34 0 374 0 85 0.4
2008 12 18 24 29 0 374 0 85 0.3412
2008 12 19 24 24 0 386 0 84 0.2857
2008 12 20 24 19 0 386 0 84 0.2262
2008 12 21 24 30 0 386 0 84 0.3571
2008 12 22 24 43 41 373 0.1099 78 0.5513
2008 12 23 24 46 48 373 0.1287 82 0.561
2008 12 24 24 74 373 373 1 82 0.9024
2008 12 25 24 73 362 373 0.9705 82 0.8902
2008 12 26 24 76 373 374 0.9973 77 0.987
2008 12 27 24 77 374 374 1 77 1
2008 12 28 24 75 365 374 0.9759 77 0.974
2008 12 29 24 68 327 375 0.872 79 0.8608
2008 12 30 24 74 375 376 0.9973 79 0.9367
2008 12 31 24 60 221 377 0.5862 79 0.7595
2009 1 1 24 79 362 377 0.9602 79 1
2009 1 2 24 76 370 378 0.9788 81 0.9383
2009 1 3 24 81 378 378 1 81 1
2009 1 4 24 49 32 379 0.0844 81 0.6049
2009 1 5 24 59 200 381 0.5249 93 0.6344
2009 1 6 24 61 232 382 0.6073 93 0.6559
2009 1 7 24 71 295 384 0.7682 93 0.7634
2009 1 8 24 82 384 385 0.9974 86 0.9535
2009 1 9 24 82 385 387 0.9948 87 0.9425
2009 1 10 24 85 387 387 1 93 0.914
2009 1 11 24 86 387 389 0.9949 93 0.9247
2009 1 12 24 83 388 390 0.9949 93 0.8925
2009 1 13 24 88 390 392 0.9949 91 0.967
2009 1 14 24 33 0 394 0 92 0.3587
2009 1 15 24 83 380 396 0.9596 92 0.9022
2009 1 16 24 91 392 400 0.98 92 0.9891
2009 1 17 24 86 309 401 0.7706 94 0.9149
2009 1 18 24 41 0 403 0 96 0.4271
2009 1 19 24 60 46 405 0.1136 99 0.6061
2009 1 20 24 30 32 408 0.0784 99 0.303
2009 1 21 24 36 0 417 0 107 0.3364
2009 1 22 24 100 405 417 0.9712 107 0.9346
2009 1 23 24 23 0 417 0 107 0.215
2009 1 24 24 82 130 417 0.3118 106 0.7736
2009 1 25 24 105 409 420 0.9738 108 0.9722
2009 1 26 24 94 357 427 0.8361 112 0.8393
2009 1 27 24 56 28 427 0.0656 112 0.5
2009 1 28 24 60 1 429 0.0023 113 0.531
2009 1 29 24 107 426 432 0.9861 117 0.9145
2009 1 30 24 112 430 436 0.9862 117 0.9573
2009 1 31 24 117 432 439 0.9841 118 0.9915
2009 2 1 24 101 295 441 0.6689 119 0.8487
2009 2 2 24 60 5 444 0.0113 120 0.5
2009 2 3 24 106 359 446 0.8049 125 0.848
2009 2 4 24 111 334 449 0.7439 127 0.874
2009 2 5 24 114 321 452 0.7102 132 0.8636
2009 2 6 24 42 12 463 0.0259 132 0.3182
2009 2 7 24 86 207 463 0.4471 133 0.6466
2009 2 8 24 73 38 463 0.0821 133 0.5489
2009 2 9 24 124 292 461 0.6334 139 0.8921
2009 2 10 24 77 87 462 0.1883 142 0.5423
2009 2 11 24 71 33 464 0.0711 142 0.5
2009 2 12 24 76 16 468 0.0342 143 0.5315
2009 2 13 24 89 63 472 0.1335 143 0.6224
2009 2 14 24 106 201 473 0.4249 149 0.7114
2009 2 15 24 149 472 476 0.9916 149 1
2009 2 16 24 114 234 500 0.468 154 0.7403
2009 2 17 24 21 0 500 0 158 0.1329
2009 2 18 24 145 455 500 0.91 160 0.9062
2009 2 19 24 158 484 496 0.9758 162 0.9753
2009 2 20 24 66 0 507 0 164 0.4024
2009 2 21 24 125 216 512 0.4219 165 0.7576
2009 2 22 24 84 1 518 0.0019 170 0.4941
2009 2 23 24 66 0 520 0 177 0.3729
2009 2 24 24 159 238 530 0.4491 177 0.8983
2009 2 25 24 176 519 541 0.9593 179 0.9832
2009 2 26 24 105 46 546 0.0842 180 0.5833
2009 2 27 24 67 0 546 0 185 0.3622
2009 2 28 24 179 544 548 0.9927 185 0.9676
2009 3 1 24 132 139 554 0.2509 196 0.6735
2009 3 2 24 108 15 557 0.0269 196 0.551
2009 3 3 24 147 223 558 0.3996 198 0.7424
2009 3 4 24 160 334 562 0.5943 205 0.7805
2009 3 5 24 85 0 566 0 205 0.4146
2009 3 6 24 89 5 569 0.0088 208 0.4279
2009 3 7 24 98 0 571 0 209 0.4689
2009 3 8 24 200 529 574 0.9216 211 0.9479
2009 3 9 24 125 119 576 0.2066 213 0.5869
2009 3 10 24 123 148 578 0.2561 213 0.5775
2009 3 11 24 138 164 579 0.2832 217 0.6359
2009 3 12 24 107 0 580 0 219 0.4886
2009 3 13 24 135 146 581 0.2513 223 0.6054
2009 3 14 24 208 575 586 0.9812 226 0.9204
2009 3 15 24 94 6 587 0.0102 229 0.4105
2009 3 16 24 228 584 590 0.9898 229 0.9956
2009 3 17 24 189 356 590 0.6034 234 0.8077
2009 3 18 24 219 566 594 0.9529 236 0.928
2009 3 19 24 165 187 597 0.3132 240 0.6875
2009 3 20 24 198 341 600 0.5683 242 0.8182
2009 3 21 24 242 595 603 0.9867 245 0.9878
2009 3 22 24 183 185 603 0.3068 245 0.7469
2009 3 23 24 209 426 606 0.703 245 0.8531
2009 3 24 24 147 19 610 0.0311 249 0.5904
2009 3 25 24 137 98 612 0.1601 260 0.5269
2009 3 26 24 178 117 613 0.1909 260 0.6846
2009 3 27 24 229 421 615 0.6846 266 0.8609
2009 3 28 24 178 166 617 0.269 266 0.6692
2009 3 29 24 85 0 617 0 266 0.3195
2009 3 30 24 237 345 620 0.5565 263 0.9011
2009 3 31 24 245 564 622 0.9068 282 0.8688
2009 4 1 24 245 545 623 0.8748 282 0.8688
2009 4 2 24 218 282 624 0.4519 282 0.773
2009 4 3 24 244 541 625 0.8656 277 0.8809
2009 4 4 24 250 549 625 0.8784 277 0.9025
2009 4 5 24 197 323 627 0.5152 277 0.7112
2009 4 6 24 264 572 629 0.9094 291 0.9072
2009 4 7 24 247 499 629 0.7933 291 0.8488
2009 4 8 24 235 475 631 0.7528 291 0.8076
2009 4 9 24 277 631 631 1 287 0.9652
2009 4 10 24 244 474 632 0.75 296 0.8243
2009 4 11 24 252 487 633 0.7694 299 0.8428
2009 4 12 24 275 537 633 0.8483 299 0.9197
2009 4 13 24 287 608 633 0.9605 300 0.9567
2009 4 14 24 269 546 634 0.8612 303 0.8878
2009 4 15 24 264 498 634 0.7855 307 0.8599
2009 4 16 24 142 94 634 0.1483 307 0.4625
2009 4 17 24 246 352 634 0.5552 307 0.8013
2009 4 18 24 203 196 637 0.3077 309 0.657
2009 4 19 24 184 183 637 0.2873 320 0.575
2009 4 20 24 257 369 638 0.5784 320 0.8031
2009 4 21 24 208 268 639 0.4194 320 0.65
2009 4 22 24 234 354 639 0.554 320 0.7312
2009 4 23 24 244 295 640 0.4609 320 0.7625
2009 4 24 24 266 469 640 0.7328 320 0.8312
2009 4 25 24 309 632 640 0.9875 316 0.9778
2009 4 26 24 155 115 642 0.1791 316 0.4905
2009 4 27 24 113 9 642 0.014 315 0.3587
2009 4 28 24 91 0 642 0 337 0.27
2009 4 29 24 204 11 643 0.0171 337 0.6053
2009 4 30 24 233 146 643 0.2271 337 0.6914
2009 5 1 24 325 633 643 0.9844 332 0.9789
2009 5 2 24 238 285 642 0.4439 333 0.7147
2009 5 3 24 333 631 642 0.9829 354 0.9407
2009 5 4 24 161 75 645 0.1163 354 0.4548
2009 5 5 24 169 136 645 0.2109 354 0.4774
2009 5 6 24 264 391 647 0.6043 353 0.7479
2009 5 7 24 339 647 647 1 353 0.9603
2009 5 8 24 253 402 647 0.6213 353 0.7167
2009 5 9 24 296 560 648 0.8642 344 0.8605
2009 5 10 24 262 378 648 0.5833 344 0.7616
2009 5 11 24 254 381 649 0.5871 344 0.7384
2009 5 12 24 196 207 651 0.318 341 0.5748
2009 5 13 24 188 176 654 0.2691 353 0.5326
2009 5 14 24 192 108 656 0.1646 353 0.5439
2009 5 15 24 122 14 656 0.0213 353 0.3456
2009 5 16 24 284 408 659 0.6191 355 0.8
2009 5 17 24 306 480 673 0.7132 355 0.862
2009 5 18 24 245 336 688 0.4884 360 0.6806
2009 5 19 24 247 363 692 0.5246 360 0.6861
2009 5 20 24 333 631 692 0.9118 360 0.925
2009 5 21 24 241 449 697 0.6442 359 0.6713
2009 5 22 24 212 303 699 0.4335 359 0.5905
2009 5 23 24 332 629 702 0.896 363 0.9146
2009 5 24 24 258 312 705 0.4426 363 0.7107
2009 5 25 24 312 602 706 0.8527 363 0.8595
2009 5 26 24 211 304 706 0.4306 358 0.5894
2009 5 27 24 337 445 708 0.6285 362 0.9309
2009 5 28 24 99 0 713 0 369 0.2683
2009 5 29 24 241 326 714 0.4566 369 0.6531
2009 5 30 24 359 677 715 0.9469 369 0.9729
2009 5 31 24 155 163 717 0.2273 363 0.427
2009 6 1 24 273 419 717 0.5844 363 0.7521
2009 6 2 24 220 265 718 0.3691 361 0.6094
2009 6 3 24 222 222 718 0.3092 370 0.6
2009 6 4 24 221 201 718 0.2799 370 0.5973
2009 6 5 24 243 262 698 0.3754 375 0.648
2009 6 6 24 45 20 725 0.0276 376 0.1197
2009 6 7 24 260 324 725 0.4469 376 0.6915
2009 6 8 24 165 133 727 0.1829 376 0.4388
2009 6 9 24 113 23 727 0.0316 366 0.3087
2009 6 10 24 259 316 727 0.4347 366 0.7077
2009 6 11 24 263 313 729 0.4294 384 0.6849
2009 6 12 24 302 423 729 0.5802 384 0.7865
2009 6 13 24 352 592 730 0.811 384 0.9167
2009 6 14 24 336 587 730 0.8041 363 0.9256
2009 6 15 24 208 272 730 0.3726 367 0.5668
2009 6 16 24 164 53 728 0.0728 367 0.4469
2009 6 17 24 264 341 733 0.4652 367 0.7193
2009 6 18 24 346 660 733 0.9004 366 0.9454
2009 6 19 24 121 55 733 0.075 367 0.3297
2009 6 20 24 218 89 733 0.1214 367 0.594
2009 6 21 24 107 19 733 0.0259 368 0.2908
2009 6 22 24 169 90 733 0.1228 373 0.4531
2009 6 23 24 159 10 733 0.0136 373 0.4263
2009 6 24 24 183 95 733 0.1296 373 0.4906
2009 6 25 24 322 487 733 0.6644 367 0.8774
2009 6 26 24 156 55 733 0.075 361 0.4321
2009 6 27 24 107 14 731 0.0192 363 0.2948
2009 6 28 24 295 331 731 0.4528 363 0.8127
2009 6 29 24 265 341 731 0.4665 363 0.73
2009 6 30 24 263 435 728 0.5975 360 0.7306
2009 7 1 24 264 424 728 0.5824 365 0.7233
2009 7 2 24 268 446 727 0.6135 365 0.7342
2009 7 3 24 232 345 727 0.4746 365 0.6356
2009 7 4 24 248 393 726 0.5413 360 0.6889
2009 7 5 24 193 180 721 0.2497 360 0.5361
2009 7 6 24 137 56 721 0.0777 356 0.3848
2009 7 7 24 81 32 721 0.0444 365 0.2219
2009 7 8 24 257 314 720 0.4361 365 0.7041
2009 7 9 24 242 306 719 0.4256 365 0.663
2009 7 10 24 162 71 719 0.0987 362 0.4475
2009 7 11 24 189 147 717 0.205 357 0.5294
2009 7 12 24 159 34 717 0.0474 354 0.4492
2009 7 13 24 264 432 716 0.6034 350 0.7543
2009 7 14 24 270 450 712 0.632 354 0.7627
2009 7 15 24 170 137 712 0.1924 354 0.4802
2009 7 16 24 308 587 750 0.7827 354 0.8701
2009 7 17 24 68 18 750 0.024 350 0.1943
2009 7 18 24 71 0 750 0 348 0.204
2009 7 19 24 301 430 705 0.6099 347 0.8674
2009 7 20 24 301 564 700 0.8057 347 0.8674
2009 7 21 24 251 381 699 0.5451 346 0.7254
2009 7 22 24 220 312 697 0.4476 346 0.6358
2009 7 23 24 299 565 696 0.8118 336 0.8899
2009 7 24 24 284 446 696 0.6408 334 0.8503
2009 7 25 24 200 207 684 0.3026 331 0.6042
2009 7 26 24 331 657 678 0.969 331 1
2009 7 27 24 316 575 662 0.8686 331 0.9547
2009 7 28 24 330 606 657 0.9224 330 1
2009 7 29 24 326 651 673 0.9673 330 0.9879
2009 7 30 24 266 480 673 0.7132 327 0.8135
2009 7 31 24 158 91 673 0.1352 327 0.4832
2009 8 1 24 302 603 651 0.9263 327 0.9235
2009 8 2 24 161 209 651 0.321 327 0.4924
2009 8 3 24 81 16 648 0.0247 326 0.2485
2009 8 4 24 122 10 648 0.0154 325 0.3754
2009 8 5 24 299 631 648 0.9738 317 0.9432
2009 8 6 24 315 646 648 0.9969 317 0.9937
2009 8 7 24 289 485 646 0.7508 317 0.9117
2009 8 8 24 110 43 716 0.0601 317 0.347
2009 8 9 24 219 383 716 0.5349 314 0.6975
2009 8 10 24 113 67 716 0.0936 314 0.3599
2009 8 11 24 218 284 700 0.4057 305 0.7148
2009 8 12 24 294 548 700 0.7829 315 0.9333
2009 8 13 24 264 452 700 0.6457 315 0.8381
2009 8 14 24 271 460 642 0.7165 315 0.8603
2009 8 15 24 293 629 641 0.9813 304 0.9638
2009 8 16 24 286 589 641 0.9189 300 0.9533
2009 8 17 24 284 591 640 0.9234 302 0.9404
2009 8 18 24 292 614 640 0.9594 302 0.9669
2009 8 19 24 290 639 639 1 302 0.9603
2009 8 20 24 258 530 639 0.8294 296 0.8716
2009 8 21 24 191 304 638 0.4765 302 0.6325
2009 8 22 24 134 177 638 0.2774 302 0.4437
2009 8 23 24 285 635 636 0.9984 302 0.9437
2009 8 24 24 279 600 636 0.9434 288 0.9688
2009 8 25 24 254 518 635 0.8157 288 0.8819
2009 8 26 24 114 151 635 0.2378 282 0.4043
2009 8 27 24 252 525 634 0.8281 289 0.872
2009 8 28 24 230 448 633 0.7077 289 0.7958
2009 8 29 24 97 0 633 0 289 0.3356
2009 8 30 24 273 633 633 1 280 0.975
2009 8 31 24 269 632 633 0.9984 280 0.9607
2009 9 1 24 266 630 632 0.9968 280 0.95
2009 9 2 24 220 455 630 0.7222 279 0.7885
2009 9 3 24 173 222 628 0.3535 264 0.6553
2009 9 4 24 99 73 628 0.1162 264 0.375
2009 9 5 24 264 623 628 0.992 266 0.9925
2009 9 6 24 258 626 628 0.9968 266 0.9699
2009 9 7 24 245 623 626 0.9952 266 0.9211
2009 9 8 24 248 620 626 0.9904 259 0.9575
2009 9 9 24 230 607 624 0.9728 259 0.888
2009 9 10 24 216 468 624 0.75 250 0.864
2009 9 11 24 205 391 623 0.6276 249 0.8233
2009 9 12 24 160 300 621 0.4831 249 0.6426
2009 9 13 24 124 124 620 0.2 249 0.498
2009 9 14 24 118 113 617 0.1831 245 0.4816
2009 9 15 24 148 230 615 0.374 244 0.6066
2009 9 16 24 95 37 614 0.0603 241 0.3942
2009 9 17 24 102 43 612 0.0703 251 0.4064
2009 9 18 24 194 464 611 0.7594 251 0.7729
2009 9 19 24 112 172 610 0.282 251 0.4462
2009 9 20 24 161 332 608 0.5461 236 0.6822
2009 9 21 24 196 414 604 0.6854 233 0.8412
2009 9 22 24 216 591 601 0.9834 233 0.927
2009 9 23 24 212 590 599 0.985 224 0.9464
2009 9 24 24 197 569 596 0.9547 224 0.8795
2009 9 25 24 121 171 594 0.2879 222 0.545
2009 9 26 24 147 298 592 0.5034 214 0.6869
2009 9 27 24 147 284 590 0.4814 212 0.6934
2009 9 28 24 181 464 588 0.7891 211 0.8578
2009 9 29 24 200 577 586 0.9846 211 0.9479
2009 9 30 24 187 552 581 0.9501 210 0.8905
2009 10 1 24 200 496 580 0.8552 207 0.9662
2009 10 2 24 146 279 579 0.4819 204 0.7157
2009 10 3 24 191 572 578 0.9896 197 0.9695
2009 10 4 24 190 569 576 0.9878 197 0.9645
2009 10 5 24 119 282 574 0.4913 195 0.6103
2009 10 6 24 122 279 572 0.4878 191 0.6387
2009 10 7 24 177 552 567 0.9735 190 0.9316
2009 10 8 24 116 247 567 0.4356 187 0.6203
2009 10 9 24 63 36 562 0.0641 185 0.3405
2009 10 10 24 53 0 559 0 182 0.2912
2009 10 11 24 138 246 557 0.4417 181 0.7624
2009 10 12 24 70 102 555 0.1838 178 0.3933
2009 10 13 24 82 20 551 0.0363 178 0.4607
2009 10 14 24 107 88 548 0.1606 175 0.6114
2009 10 15 24 147 321 546 0.5879 175 0.84
2009 10 16 24 85 36 544 0.0662 171 0.4971
2009 10 17 24 68 0 539 0 169 0.4024
2009 10 18 24 91 8 529 0.0151 165 0.5515
2009 10 19 24 162 502 519 0.9672 162 1
2009 10 20 24 153 463 517 0.8956 162 0.9444
2009 10 21 24 110 214 510 0.4196 159 0.6918
2009 10 22 24 64 85 502 0.1693 159 0.4025
2009 10 23 24 61 0 493 0 154 0.3961
2009 10 24 24 126 376 489 0.7689 150 0.84
2009 10 25 24 76 54 483 0.1118 150 0.5067
2009 10 26 24 99 207 480 0.4312 149 0.6644
2009 10 27 24 135 456 480 0.95 144 0.9375
2009 10 28 24 110 368 472 0.7797 142 0.7746
2009 10 29 24 129 424 470 0.9021 138 0.9348
2009 10 30 24 130 463 465 0.9957 134 0.9701
2009 10 31 24 96 228 463 0.4924 133 0.7218
2009 11 1 24 123 459 462 0.9935 130 0.9462
2009 11 2 24 18 0 461 0 130 0.1385
2009 11 3 24 99 206 460 0.4478 129 0.7674
2009 11 4 24 53 43 460 0.0935 125 0.424
2009 11 5 24 102 331 458 0.7227 125 0.816
2009 11 6 24 40 0 451 0 125 0.32
2009 11 7 24 108 330 449 0.735 121 0.8926
2009 11 8 24 57 1 445 0.0022 121 0.4711
2009 11 9 24 58 16 443 0.0361 118 0.4915
2009 11 10 24 51 8 441 0.0181 118 0.4322
2009 11 11 24 56 25 439 0.0569 114 0.4912
2009 11 12 24 84 188 435 0.4322 114 0.7368
2009 11 13 24 81 220 431 0.5104 108 0.75
2009 11 14 24 59 56 428 0.1308 108 0.5463
2009 11 15 24 56 0 423 0 106 0.5283
2009 11 16 24 38 0 421 0 104 0.3654
2009 11 17 24 97 396 419 0.9451 104 0.9327
2009 11 18 24 78 257 417 0.6163 104 0.75
2009 11 19 24 94 406 415 0.9783 102 0.9216
2009 11 20 24 73 283 414 0.6836 99 0.7374
2009 11 21 24 89 393 410 0.9585 99 0.899
2009 11 22 24 65 192 407 0.4717 99 0.6566
2009 11 23 24 87 366 405 0.9037 97 0.8969
2009 11 24 24 37 20 403 0.0496 97 0.3814
2009 11 25 24 91 394 401 0.9825 96 0.9479
2009 11 26 24 47 104 399 0.2607 96 0.4896
2009 11 27 24 79 291 396 0.7348 89 0.8876
2009 11 28 24 81 390 395 0.9873 89 0.9101
2009 11 29 24 44 8 392 0.0204 86 0.5116
2009 11 30 24 6 0 391 0 102 0.0588
2009 12 1 24 45 0 389 0 102 0.4412
2009 12 2 24 83 344 388 0.8866 102 0.8137
2009 12 3 24 74 370 387 0.9561 86 0.8605
2009 12 4 24 30 0 387 0 86 0.3488
2009 12 5 24 64 220 387 0.5685 86 0.7442
2009 12 6 24 41 0 386 0 81 0.5062
2009 12 7 24 43 2 381 0.0052 89 0.4831
2009 12 8 24 40 43 380 0.1132 89 0.4494
2009 12 9 24 72 334 379 0.8813 89 0.809
2009 12 10 24 40 7 377 0.0186 80 0.5
2009 12 11 24 30 0 377 0 80 0.375
2009 12 12 24 53 70 377 0.1857 81 0.6543
2009 12 13 24 44 41 375 0.1093 81 0.5432
2009 12 14 24 74 375 375 1 81 0.9136
2009 12 15 24 75 373 375 0.9947 76 0.9868
2009 12 16 24 69 326 374 0.8717 85 0.8118
2009 12 17 24 68 233 374 0.623 85 0.8
2009 12 18 24 48 12 374 0.0321 85 0.5647
2009 12 19 24 50 16 386 0.0415 84 0.5952
2009 12 20 24 76 349 386 0.9041 84 0.9048
2009 12 21 24 47 40 386 0.1036 84 0.5595
2009 12 22 24 40 21 373 0.0563 78 0.5128
2009 12 23 24 40 55 373 0.1475 82 0.4878
2009 12 24 24 43 38 373 0.1019 82 0.5244
2009 12 25 24 10 0 373 0 82 0.122
2009 12 26 24 58 188 374 0.5027 77 0.7532
2009 12 27 24 61 220 374 0.5882 77 0.7922
2009 12 28 24 42 62 374 0.1658 77 0.5455
2009 12 29 24 44 34 375 0.0907 79 0.557
2009 12 30 24 31 29 376 0.0771 79 0.3924
2009 12 31 24 27 0 377 0 79 0.3418
2010 1 1 24 57 72 377 0.191 79 0.7215
2010 1 2 24 50 55 378 0.1455 81 0.6173
2010 1 3 24 80 377 378 0.9974 81 0.9877
2010 1 4 24 41 0 379 0 81 0.5062
2010 1 5 24 69 324 381 0.8504 93 0.7419
2010 1 6 24 80 381 382 0.9974 93 0.8602
2010 1 7 24 64 203 384 0.5286 93 0.6882
2010 1 8 24 67 195 385 0.5065 86 0.7791
2010 1 9 24 49 0 387 0 87 0.5632
2010 1 10 24 81 353 387 0.9121 93 0.871
2010 1 11 24 53 32 389 0.0823 93 0.5699
2010 1 12 24 79 328 390 0.841 93 0.8495
2010 1 13 24 45 5 392 0.0128 91 0.4945
2010 1 14 24 80 345 394 0.8756 92 0.8696
2010 1 15 24 80 392 396 0.9899 92 0.8696
2010 1 16 24 84 332 400 0.83 92 0.913
2010 1 17 24 52 56 401 0.1397 94 0.5532
2010 1 18 24 61 112 403 0.2779 96 0.6354
2010 1 19 24 93 399 405 0.9852 99 0.9394
2010 1 20 24 90 368 408 0.902 99 0.9091
2010 1 21 24 38 0 417 0 107 0.3551
2010 1 22 24 99 405 417 0.9712 107 0.9252
2010 1 23 24 103 407 417 0.976 107 0.9626
2010 1 24 24 89 338 417 0.8106 106 0.8396
2010 1 25 24 86 276 420 0.6571 108 0.7963
2010 1 26 24 51 0 427 0 112 0.4554
2010 1 27 24 99 383 427 0.897 112 0.8839
2010 1 28 24 50 0 429 0 113 0.4425
2010 1 29 24 87 193 432 0.4468 117 0.7436
2010 1 30 24 60 1 436 0.0023 117 0.5128
2010 1 31 24 99 276 439 0.6287 118 0.839
2010 2 1 24 93 224 441 0.5079 119 0.7815
2010 2 2 24 109 337 444 0.759 120 0.9083
2010 2 3 24 84 144 446 0.3229 125 0.672
2010 2 4 24 99 273 449 0.608 127 0.7795
2010 2 5 24 64 27 452 0.0597 132 0.4848
2010 2 6 24 68 2 463 0.0043 132 0.5152
2010 2 7 24 89 105 463 0.2268 133 0.6692
2010 2 8 24 133 456 463 0.9849 133 1
2010 2 9 24 107 369 461 0.8004 139 0.7698
2010 2 10 24 89 85 462 0.184 142 0.6268
2010 2 11 24 86 55 464 0.1185 142 0.6056
2010 2 12 24 127 398 468 0.8504 143 0.8881
2010 2 13 24 142 466 472 0.9873 143 0.993
2010 2 14 24 138 469 473 0.9915 149 0.9262
2010 2 15 24 141 386 476 0.8109 149 0.9463
2010 2 16 24 127 318 500 0.636 154 0.8247
2010 2 17 24 117 226 500 0.452 158 0.7405
2010 2 18 24 137 315 500 0.63 160 0.8562
2010 2 19 24 59 0 496 0 162 0.3642
2010 2 20 24 88 28 507 0.0552 164 0.5366
2010 2 21 24 155 442 512 0.8633 165 0.9394
2010 2 22 24 124 185 518 0.3571 170 0.7294
2010 2 23 24 161 424 520 0.8154 177 0.9096
2010 2 24 24 138 334 530 0.6302 177 0.7797
2010 2 25 24 147 338 541 0.6248 179 0.8212
2010 2 26 24 78 49 546 0.0897 180 0.4333
2010 2 27 24 151 338 546 0.619 185 0.8162
2010 2 28 24 73 38 548 0.0693 185 0.3946
2010 3 1 24 180 525 554 0.9477 196 0.9184
2010 3 2 24 122 177 557 0.3178 196 0.6224
2010 3 3 24 140 169 558 0.3029 198 0.7071
2010 3 4 24 100 29 562 0.0516 205 0.4878
2010 3 5 24 133 197 566 0.3481 205 0.6488
2010 3 6 24 71 72 569 0.1265 208 0.3413
2010 3 7 24 152 372 571 0.6515 209 0.7273
2010 3 8 24 209 567 574 0.9878 211 0.9905
2010 3 9 24 171 316 576 0.5486 213 0.8028
2010 3 10 24 170 377 578 0.6522 213 0.7981
2010 3 11 24 143 47 579 0.0812 217 0.659
2010 3 12 24 211 540 580 0.931 219 0.9635
2010 3 13 24 216 565 581 0.9725 223 0.9686
2010 3 14 24 219 579 586 0.9881 226 0.969
2010 3 15 24 136 14 587 0.0239 229 0.5939
2010 3 16 24 104 2 590 0.0034 229 0.4541
2010 3 17 24 215 529 590 0.8966 234 0.9188
2010 3 18 24 190 335 594 0.564 236 0.8051
2010 3 19 24 223 572 597 0.9581 240 0.9292
2010 3 20 24 163 264 600 0.44 242 0.6736
2010 3 21 24 130 105 603 0.1741 245 0.5306
2010 3 22 24 206 426 603 0.7065 245 0.8408
2010 3 23 24 200 366 606 0.604 245 0.8163
2010 3 24 24 220 484 610 0.7934 249 0.8835
2010 3 25 24 149 114 612 0.1863 260 0.5731
2010 3 26 24 148 189 613 0.3083 260 0.5692
2010 3 27 24 234 466 615 0.7577 266 0.8797
2010 3 28 24 159 27 617 0.0438 266 0.5977
2010 3 29 24 149 79 617 0.128 266 0.5602
2010 3 30 24 204 379 620 0.6113 263 0.7757
2010 3 31 24 242 408 622 0.6559 282 0.8582
2010 4 1 24 60 0 623 0 282 0.2128
2010 4 2 24 262 578 624 0.9263 282 0.9291
2010 4 3 24 181 225 625 0.36 277 0.6534
2010 4 4 24 82 4 625 0.0064 277 0.296
2010 4 5 24 154 50 627 0.0797 277 0.556
2010 4 6 24 277 627 629 0.9968 291 0.9519
2010 4 7 24 284 629 629 1 291 0.9759
2010 4 8 24 281 628 631 0.9952 291 0.9656
2010 4 9 24 254 542 631 0.859 287 0.885
2010 4 10 24 279 466 632 0.7373 296 0.9426
2010 4 11 24 271 447 633 0.7062 299 0.9064
2010 4 12 24 242 453 633 0.7156 299 0.8094
2010 4 13 24 251 529 633 0.8357 300 0.8367
2010 4 14 24 82 10 634 0.0158 303 0.2706
2010 4 15 24 224 386 634 0.6088 307 0.7296
2010 4 16 24 284 550 634 0.8675 307 0.9251
2010 4 17 24 283 550 634 0.8675 307 0.9218
2010 4 18 24 50 0 637 0 309 0.1618
2010 4 19 24 192 281 637 0.4411 320 0.6
2010 4 20 24 197 241 638 0.3777 320 0.6156
2010 4 21 24 219 288 639 0.4507 320 0.6844
2010 4 22 24 284 617 639 0.9656 320 0.8875
2010 4 23 24 175 301 640 0.4703 320 0.5469
2010 4 24 24 280 508 640 0.7938 320 0.875
2010 4 25 24 182 164 640 0.2562 316 0.5759
2010 4 26 24 128 68 642 0.1059 316 0.4051
2010 4 27 24 142 107 642 0.1667 315 0.4508
2010 4 28 24 315 642 642 1 337 0.9347
2010 4 29 24 314 642 643 0.9984 337 0.9318
2010 4 30 24 239 435 643 0.6765 337 0.7092
2010 5 1 24 149 118 643 0.1835 332 0.4488
2010 5 2 24 112 49 642 0.0763 333 0.3363
2010 5 3 24 235 154 642 0.2399 354 0.6638
2010 5 4 24 162 39 645 0.0605 354 0.4576
2010 5 5 24 152 104 645 0.1612 354 0.4294
2010 5 6 24 204 157 647 0.2427 353 0.5779
2010 5 7 24 196 87 647 0.1345 353 0.5552
2010 5 8 24 187 168 647 0.2597 353 0.5297
2010 5 9 24 210 228 648 0.3519 344 0.6105
2010 5 10 24 189 98 648 0.1512 344 0.5494
2010 5 11 24 164 77 649 0.1186 344 0.4767
2010 5 12 24 154 21 651 0.0323 341 0.4516
2010 5 13 24 120 31 654 0.0474 353 0.3399
2010 5 14 24 191 128 656 0.1951 353 0.5411
2010 5 15 24 143 1 656 0.0015 353 0.4051
2010 5 16 24 74 0 659 0 355 0.2085
2010 5 17 24 109 18 673 0.0267 355 0.307
2010 5 18 24 112 36 688 0.0523 360 0.3111
2010 5 19 24 210 158 692 0.2283 360 0.5833
2010 5 20 24 145 13 692 0.0188 360 0.4028
2010 5 21 24 294 326 697 0.4677 359 0.8189
2010 5 22 24 354 636 699 0.9099 359 0.9861
2010 5 23 24 282 435 702 0.6197 363 0.7769
2010 5 24 24 351 684 705 0.9702 363 0.9669
2010 5 25 24 352 670 706 0.949 363 0.9697
2010 5 26 24 164 166 706 0.2351 358 0.4581
2010 5 27 24 135 17 708 0.024 362 0.3729
2010 5 28 24 169 121 713 0.1697 369 0.458
2010 5 29 24 161 93 714 0.1303 369 0.4363
2010 5 30 24 146 86 715 0.1203 369 0.3957
2010 5 31 24 133 53 717 0.0739 363 0.3664
2010 6 1 24 149 22 717 0.0307 363 0.4105
2010 6 2 24 73 0 718 0 361 0.2022
2010 6 3 24 142 38 718 0.0529 370 0.3838
2010 6 4 24 360 688 718 0.9582 370 0.973
2010 6 5 24 347 627 698 0.8983 375 0.9253
2010 6 6 24 258 401 725 0.5531 376 0.6862
2010 6 7 24 297 350 725 0.4828 376 0.7899
2010 6 8 24 229 297 727 0.4085 376 0.609
2010 6 9 24 246 329 727 0.4525 366 0.6721
2010 6 10 24 187 139 727 0.1912 366 0.5109
2010 6 11 24 247 465 729 0.6379 384 0.6432
2010 6 12 24 205 214 729 0.2936 384 0.5339
2010 6 13 24 199 142 730 0.1945 384 0.5182
2010 6 14 24 242 195 730 0.2671 363 0.6667
2010 6 15 24 134 16 730 0.0219 367 0.3651
2010 6 16 24 113 4 728 0.0055 367 0.3079
2010 6 17 24 153 185 733 0.2524 367 0.4169
2010 6 18 24 87 0 733 0 366 0.2377
2010 6 19 24 94 88 733 0.1201 367 0.2561
2010 6 20 24 151 6 733 0.0082 367 0.4114
2010 6 21 24 157 26 733 0.0355 368 0.4266
2010 6 22 24 91 0 733 0 373 0.244
2010 6 23 24 368 690 733 0.9413 373 0.9866
2010 6 24 24 351 665 733 0.9072 373 0.941
2010 6 25 24 361 695 733 0.9482 367 0.9837
2010 6 26 24 347 629 733 0.8581 361 0.9612
2010 6 27 24 360 700 731 0.9576 363 0.9917
2010 6 28 24 350 687 731 0.9398 363 0.9642
2010 6 29 24 351 662 731 0.9056 363 0.9669
2010 6 30 24 311 524 728 0.7198 360 0.8639
2010 7 1 24 305 590 728 0.8104 365 0.8356
2010 7 2 24 331 687 727 0.945 365 0.9068
2010 7 3 24 321 637 727 0.8762 365 0.8795
2010 7 4 24 277 427 726 0.5882 360 0.7694
2010 7 5 24 220 232 721 0.3218 360 0.6111
2010 7 6 24 137 118 721 0.1637 356 0.3848
2010 7 7 24 356 688 721 0.9542 365 0.9753
2010 7 8 24 351 692 720 0.9611 365 0.9616
2010 7 9 24 328 637 719 0.886 365 0.8986
2010 7 10 24 286 521 719 0.7246 362 0.7901
2010 7 11 24 276 516 717 0.7197 357 0.7731
2010 7 12 24 346 662 717 0.9233 354 0.9774
2010 7 13 24 274 542 716 0.757 350 0.7829
2010 7 14 24 273 538 712 0.7556 354 0.7712
2010 7 15 24 336 667 712 0.9368 354 0.9492
2010 7 16 24 309 568 750 0.7573 354 0.8729
2010 7 17 24 192 205 750 0.2733 350 0.5486
2010 7 18 24 303 438 750 0.584 348 0.8707
2010 7 19 24 345 684 705 0.9702 347 0.9942
2010 7 20 24 342 684 700 0.9771 347 0.9856
2010 7 21 24 290 516 699 0.7382 346 0.8382
2010 7 22 24 261 462 697 0.6628 346 0.7543
2010 7 23 24 87 69 696 0.0991 336 0.2589
2010 7 24 24 89 0 696 0 334 0.2665
2010 7 25 24 115 34 684 0.0497 331 0.3474
2010 7 26 24 86 0 678 0 331 0.2598
2010 7 27 24 115 16 662 0.0242 331 0.3474
2010 7 28 24 132 117 657 0.1781 330 0.4
2010 7 29 24 75 1 673 0.0015 330 0.2273
2010 7 30 24 241 255 673 0.3789 327 0.737
2010 7 31 24 327 651 673 0.9673 327 1
2010 8 1 24 324 649 651 0.9969 327 0.9908
2010 8 2 24 147 168 651 0.2581 327 0.4495
2010 8 3 24 110 24 648 0.037 326 0.3374
2010 8 4 24 294 571 648 0.8812 325 0.9046
2010 8 5 24 39 0 648 0 317 0.123
2010 8 6 24 82 0 648 0 317 0.2587
2010 8 7 24 310 595 646 0.9211 317 0.9779
2010 8 8 24 176 196 716 0.2737 317 0.5552
2010 8 9 24 314 644 716 0.8994 314 1
2010 8 10 24 255 447 716 0.6243 314 0.8121
2010 8 11 24 138 97 700 0.1386 305 0.4525
2010 8 12 24 94 42 700 0.06 315 0.2984
2010 8 13 24 108 5 700 0.0071 315 0.3429
2010 8 14 24 149 228 642 0.3551 315 0.473
2010 8 15 24 122 114 641 0.1778 304 0.4013
2010 8 16 24 87 0 641 0 300 0.29
2010 8 17 24 170 135 640 0.2109 302 0.5629
2010 8 18 24 133 23 640 0.0359 302 0.4404
2010 8 19 24 285 598 639 0.9358 302 0.9437
2010 8 20 24 211 397 639 0.6213 296 0.7128
2010 8 21 24 289 638 638 1 302 0.957
2010 8 22 24 287 631 638 0.989 302 0.9503
2010 8 23 24 134 205 636 0.3223 302 0.4437
2010 8 24 24 188 305 636 0.4796 288 0.6528
2010 8 25 24 265 540 635 0.8504 288 0.9201
2010 8 26 24 262 596 635 0.9386 282 0.9291
2010 8 27 24 97 115 634 0.1814 289 0.3356
2010 8 28 24 106 59 633 0.0932 289 0.3668
2010 8 29 24 272 527 633 0.8325 289 0.9412
2010 8 30 24 124 116 633 0.1833 280 0.4429
2010 8 31 24 122 27 633 0.0427 280 0.4357
2010 9 1 24 279 630 632 0.9968 280 0.9964
2010 9 2 24 234 615 630 0.9762 279 0.8387
2010 9 3 24 200 339 628 0.5398 264 0.7576
2010 9 4 24 114 105 628 0.1672 264 0.4318
2010 9 5 24 214 451 628 0.7182 266 0.8045
2010 9 6 24 190 336 628 0.535 266 0.7143
2010 9 7 24 79 0 626 0 266 0.297
2010 9 8 24 65 41 626 0.0655 259 0.251
2010 9 9 24 213 361 624 0.5785 259 0.8224
2010 9 10 24 149 83 624 0.133 250 0.596
2010 9 11 24 244 616 623 0.9888 249 0.9799
2010 9 12 24 224 543 621 0.8744 249 0.8996
2010 9 13 24 75 9 620 0.0145 249 0.3012
2010 9 14 24 188 396 617 0.6418 245 0.7673
2010 9 15 24 145 241 615 0.3919 244 0.5943
2010 9 16 24 213 425 614 0.6922 241 0.8838
2010 9 17 24 44 0 612 0 251 0.1753
2010 9 18 24 69 5 611 0.0082 251 0.2749
2010 9 19 24 228 527 610 0.8639 251 0.9084
2010 9 20 24 226 600 608 0.9868 236 0.9576
2010 9 21 24 221 598 604 0.9901 233 0.9485
2010 9 22 24 216 593 601 0.9867 233 0.927
2010 9 23 24 189 489 599 0.8164 224 0.8438
2010 9 24 24 132 236 596 0.396 224 0.5893
2010 9 25 24 71 0 594 0 222 0.3198
2010 9 26 24 102 23 592 0.0389 214 0.4766
2010 9 27 24 80 20 590 0.0339 212 0.3774
2010 9 28 24 77 0 588 0 211 0.3649
2010 9 29 24 139 148 586 0.2526 211 0.6588
2010 9 30 24 77 2 581 0.0034 210 0.3667
2010 10 1 24 99 19 580 0.0328 207 0.4783
2010 10 2 24 166 338 579 0.5838 204 0.8137
2010 10 3 24 175 456 578 0.7889 197 0.8883
2010 10 4 24 103 181 576 0.3142 197 0.5228
2010 10 5 24 93 54 574 0.0941 195 0.4769
2010 10 6 24 180 565 572 0.9878 191 0.9424
2010 10 7 24 182 560 567 0.9877 190 0.9579
2010 10 8 24 176 557 567 0.9824 187 0.9412
2010 10 9 24 177 555 562 0.9875 185 0.9568
2010 10 10 24 169 528 559 0.9445 182 0.9286
2010 10 11 24 172 526 557 0.9443 181 0.9503
2010 10 12 24 174 546 555 0.9838 178 0.9775
2010 10 13 24 157 483 551 0.8766 178 0.882
2010 10 14 24 142 311 548 0.5675 175 0.8114
2010 10 15 24 161 457 546 0.837 175 0.92
2010 10 16 24 48 0 544 0 171 0.2807
2010 10 17 24 82 57 539 0.1058 169 0.4852
2010 10 18 24 39 0 529 0 165 0.2364
2010 10 19 24 153 492 519 0.948 162 0.9444
2010 10 20 24 66 30 517 0.058 162 0.4074
2010 10 21 24 159 493 510 0.9667 159 1
2010 10 22 24 109 232 502 0.4622 159 0.6855
2010 10 23 24 75 91 493 0.1846 154 0.487
2010 10 24 24 26 0 489 0 150 0.1733
2010 10 25 24 39 0 483 0 150 0.26
2010 10 26 24 138 375 480 0.7812 149 0.9262
2010 10 27 24 135 448 480 0.9333 144 0.9375
2010 10 28 24 103 169 472 0.3581 142 0.7254
2010 10 29 24 134 461 470 0.9809 138 0.971
2010 10 30 24 119 335 465 0.7204 134 0.8881
2010 10 31 24 99 212 463 0.4579 133 0.7444
2010 11 1 24 90 185 462 0.4004 130 0.6923
2010 11 2 24 16 0 461 0 130 0.1231
2010 11 3 24 92 251 460 0.5457 129 0.7132
2010 11 4 24 111 450 460 0.9783 125 0.888
2010 11 5 24 116 448 458 0.9782 125 0.928
2010 11 6 24 109 381 451 0.8448 125 0.872
2010 11 7 24 40 0 449 0 121 0.3306
2010 11 8 24 51 34 445 0.0764 121 0.4215
2010 11 9 24 101 335 443 0.7562 118 0.8559
2010 11 10 24 85 115 441 0.2608 118 0.7203
2010 11 11 24 112 398 439 0.9066 114 0.9825
2010 11 12 24 43 0 435 0 114 0.3772
2010 11 13 24 94 358 431 0.8306 108 0.8704
2010 11 14 24 91 324 428 0.757 108 0.8426
2010 11 15 24 83 209 423 0.4941 106 0.783
2010 11 16 24 18 0 421 0 104 0.1731
2010 11 17 24 100 405 419 0.9666 104 0.9615
2010 11 18 24 38 14 417 0.0336 104 0.3654
2010 11 19 24 66 53 415 0.1277 102 0.6471
2010 11 20 24 73 163 414 0.3937 99 0.7374
2010 11 21 24 60 125 410 0.3049 99 0.6061
2010 11 22 24 39 0 407 0 99 0.3939
2010 11 23 24 56 11 405 0.0272 97 0.5773
2010 11 24 24 58 21 403 0.0521 97 0.5979
2010 11 25 24 75 233 401 0.581 96 0.7812
2010 11 26 24 35 0 399 0 96 0.3646
2010 11 27 24 78 282 396 0.7121 89 0.8764
2010 11 28 24 46 0 395 0 89 0.5169
2010 11 29 24 46 58 392 0.148 86 0.5349
2010 11 30 24 69 194 391 0.4962 102 0.6765
2010 12 1 24 29 18 389 0.0463 102 0.2843
2010 12 2 24 43 0 388 0 102 0.4216
2010 12 3 24 80 357 387 0.9225 86 0.9302
2010 12 4 24 82 364 387 0.9406 86 0.9535
2010 12 5 24 39 0 387 0 86 0.4535
2010 12 6 24 25 0 386 0 81 0.3086
2010 12 7 24 63 251 381 0.6588 89 0.7079
2010 12 8 24 54 126 380 0.3316 89 0.6067
2010 12 9 24 42 53 379 0.1398 89 0.4719
2010 12 10 24 20 0 377 0 80 0.25
2010 12 11 24 30 2 377 0.0053 80 0.375
2010 12 12 24 36 0 377 0 81 0.4444
2010 12 13 24 42 126 375 0.336 81 0.5185
2010 12 14 24 40 0 375 0 81 0.4938
2010 12 15 24 51 22 375 0.0587 76 0.6711
2010 12 16 24 76 354 374 0.9465 85 0.8941
2010 12 17 24 28 0 374 0 85 0.3294
2010 12 18 24 73 355 374 0.9492 85 0.8588
2010 12 19 24 77 250 386 0.6477 84 0.9167
2010 12 20 24 78 368 386 0.9534 84 0.9286
2010 12 21 24 62 126 386 0.3264 84 0.7381
2010 12 22 24 54 111 373 0.2976 78 0.6923
2010 12 23 24 35 9 373 0.0241 82 0.4268
2010 12 24 24 28 0 373 0 82 0.3415
2010 12 25 24 34 0 373 0 82 0.4146
2010 12 26 24 47 110 374 0.2941 77 0.6104
2010 12 27 24 67 222 374 0.5936 77 0.8701
2010 12 28 24 40 0 374 0 77 0.5195
2010 12 29 24 71 343 375 0.9147 79 0.8987
2010 12 30 24 68 373 376 0.992 79 0.8608
2010 12 31 24 77 375 377 0.9947 79 0.9747
2011 1 1 24 77 376 377 0.9973 79 0.9747
2011 1 2 24 41 2 378 0.0053 81 0.5062
2011 1 3 24 81 378 378 1 81 1
2011 1 4 24 65 270 379 0.7124 81 0.8025
2011 1 5 24 80 379 381 0.9948 93 0.8602
2011 1 6 24 64 166 382 0.4346 93 0.6882
2011 1 7 24 55 101 384 0.263 93 0.5914
2011 1 8 24 55 153 385 0.3974 86 0.6395
2011 1 9 24 54 100 387 0.2584 87 0.6207
2011 1 10 24 35 0 387 0 93 0.3763
2011 1 11 24 80 319 389 0.8201 93 0.8602
2011 1 12 24 65 49 390 0.1256 93 0.6989
2011 1 13 24 45 75 392 0.1913 91 0.4945
2011 1 14 24 70 354 394 0.8985 92 0.7609
2011 1 15 24 83 304 396 0.7677 92 0.9022
2011 1 16 24 88 393 400 0.9825 92 0.9565
2011 1 17 24 86 394 401 0.9825 94 0.9149
2011 1 18 24 82 321 403 0.7965 96 0.8542
2011 1 19 24 50 44 405 0.1086 99 0.5051
2011 1 20 24 74 140 408 0.3431 99 0.7475
2011 1 21 24 77 156 417 0.3741 107 0.7196
2011 1 22 24 98 405 417 0.9712 107 0.9159
2011 1 23 24 97 407 417 0.976 107 0.9065
2011 1 24 24 61 34 417 0.0815 106 0.5755
2011 1 25 24 57 30 420 0.0714 108 0.5278
2011 1 26 24 59 6 427 0.0141 112 0.5268
2011 1 27 24 106 419 427 0.9813 112 0.9464
2011 1 28 24 102 416 429 0.9697 113 0.9027
2011 1 29 24 82 236 432 0.5463 117 0.7009
2011 1 30 24 110 411 436 0.9427 117 0.9402
2011 1 31 24 114 432 439 0.9841 118 0.9661
2011 2 1 24 118 434 441 0.9841 119 0.9916
2011 2 2 24 118 436 444 0.982 120 0.9833
2011 2 3 24 90 261 446 0.5852 125 0.72
2011 2 4 24 117 385 449 0.8575 127 0.9213
2011 2 5 24 115 429 452 0.9491 132 0.8712
2011 2 6 24 124 437 463 0.9438 132 0.9394
2011 2 7 24 129 452 463 0.9762 133 0.9699
2011 2 8 24 132 455 463 0.9827 133 0.9925
2011 2 9 24 132 458 461 0.9935 139 0.9496
2011 2 10 24 136 461 462 0.9978 142 0.9577
2011 2 11 24 90 134 464 0.2888 142 0.6338
2011 2 12 24 129 449 468 0.9594 143 0.9021
2011 2 13 24 75 73 472 0.1547 143 0.5245
2011 2 14 24 135 420 473 0.8879 149 0.906
2011 2 15 24 107 227 476 0.4769 149 0.7181
2011 2 16 24 111 161 500 0.322 154 0.7208
2011 2 17 24 109 223 500 0.446 158 0.6899
2011 2 18 24 102 116 500 0.232 160 0.6375
2011 2 19 24 149 437 496 0.881 162 0.9198
2011 2 20 24 59 0 507 0 164 0.3598
2011 2 21 24 70 5 512 0.0098 165 0.4242
2011 2 22 24 91 79 518 0.1525 170 0.5353
2011 2 23 24 170 505 520 0.9712 177 0.9605
2011 2 24 24 109 215 530 0.4057 177 0.6158
2011 2 25 24 133 161 541 0.2976 179 0.743
2011 2 26 24 162 412 546 0.7546 180 0.9
2011 2 27 24 83 22 546 0.0403 185 0.4486
2011 2 28 24 181 411 548 0.75 185 0.9784
2011 3 1 24 180 484 554 0.8736 196 0.9184
2011 3 2 24 188 546 557 0.9803 196 0.9592
2011 3 3 24 142 249 558 0.4462 198 0.7172
2011 3 4 24 162 438 562 0.7794 205 0.7902
2011 3 5 24 193 556 566 0.9823 205 0.9415
2011 3 6 24 200 559 569 0.9824 208 0.9615
2011 3 7 24 208 563 571 0.986 209 0.9952
2011 3 8 24 202 567 574 0.9878 211 0.9573
2011 3 9 24 203 569 576 0.9878 213 0.9531
2011 3 10 24 198 509 578 0.8806 213 0.9296
2011 3 11 24 209 574 579 0.9914 217 0.9631
2011 3 12 24 160 311 580 0.5362 219 0.7306
2011 3 13 24 121 57 581 0.0981 223 0.5426
2011 3 14 24 200 478 586 0.8157 226 0.885
2011 3 15 24 153 248 587 0.4225 229 0.6681
2011 3 16 24 96 21 590 0.0356 229 0.4192
2011 3 17 24 53 0 590 0 234 0.2265
2011 3 18 24 106 17 594 0.0286 236 0.4492
2011 3 19 24 98 10 597 0.0168 240 0.4083
2011 3 20 24 237 591 600 0.985 242 0.9793
2011 3 21 24 237 593 603 0.9834 245 0.9673
2011 3 22 24 228 596 603 0.9884 245 0.9306
2011 3 23 24 236 599 606 0.9884 245 0.9633
2011 3 24 24 239 601 610 0.9852 249 0.9598
2011 3 25 24 238 591 612 0.9657 260 0.9154
2011 3 26 24 137 154 613 0.2512 260 0.5269
2011 3 27 24 140 121 615 0.1967 266 0.5263
2011 3 28 24 145 175 617 0.2836 266 0.5451
2011 3 29 24 228 512 617 0.8298 266 0.8571
2011 3 30 24 204 416 620 0.671 263 0.7757
2011 3 31 24 217 428 622 0.6881 282 0.7695
2011 4 1 24 243 504 623 0.809 282 0.8617
2011 4 2 24 260 617 624 0.9888 282 0.922
2011 4 3 24 251 556 625 0.8896 277 0.9061
2011 4 4 24 77 16 625 0.0256 277 0.278
2011 4 5 24 267 593 627 0.9458 277 0.9639
2011 4 6 24 185 256 629 0.407 291 0.6357
2011 4 7 24 269 628 629 0.9984 291 0.9244
2011 4 8 24 236 476 631 0.7544 291 0.811
2011 4 9 24 275 631 631 1 287 0.9582
2011 4 10 24 272 616 632 0.9747 296 0.9189
2011 4 11 24 271 632 633 0.9984 299 0.9064
2011 4 12 24 77 4 633 0.0063 299 0.2575
2011 4 13 24 209 295 633 0.466 300 0.6967
2011 4 14 24 238 362 634 0.571 303 0.7855
2011 4 15 24 303 631 634 0.9953 307 0.987
2011 4 16 24 294 621 634 0.9795 307 0.9577
2011 4 17 24 297 634 634 1 307 0.9674
2011 4 18 24 285 589 637 0.9246 309 0.9223
2011 4 19 24 247 434 637 0.6813 320 0.7719
2011 4 20 24 296 636 638 0.9969 320 0.925
2011 4 21 24 298 637 639 0.9969 320 0.9312
2011 4 22 24 299 639 639 1 320 0.9344
2011 4 23 24 161 231 640 0.3609 320 0.5031
2011 4 24 24 221 358 640 0.5594 320 0.6906
2011 4 25 24 298 569 640 0.8891 316 0.943
2011 4 26 24 293 511 642 0.796 316 0.9272
2011 4 27 24 196 197 642 0.3069 315 0.6222
2011 4 28 24 208 305 642 0.4751 337 0.6172
2011 4 29 24 171 286 643 0.4448 337 0.5074
2011 4 30 24 204 299 643 0.465 337 0.6053
2011 5 1 24 235 318 643 0.4946 332 0.7078
2011 5 2 24 198 250 642 0.3894 333 0.5946
2011 5 3 24 105 107 642 0.1667 354 0.2966
2011 5 4 24 306 483 645 0.7488 354 0.8644
2011 5 5 24 333 645 645 1 354 0.9407
2011 5 6 24 333 645 647 0.9969 353 0.9433
2011 5 7 24 312 645 647 0.9969 353 0.8839
2011 5 8 24 280 537 647 0.83 353 0.7932
2011 5 9 24 330 645 648 0.9954 344 0.9593
2011 5 10 24 286 591 648 0.912 344 0.8314
2011 5 11 24 245 391 649 0.6025 344 0.7122
2011 5 12 24 116 57 651 0.0876 341 0.3402
2011 5 13 24 338 622 654 0.9511 353 0.9575
2011 5 14 24 221 303 656 0.4619 353 0.6261
2011 5 15 24 129 36 656 0.0549 353 0.3654
2011 5 16 24 94 4 659 0.0061 355 0.2648
2011 5 17 24 159 3 673 0.0045 355 0.4479
2011 5 18 24 186 201 688 0.2922 360 0.5167
2011 5 19 24 326 601 692 0.8685 360 0.9056
2011 5 20 24 327 572 692 0.8266 360 0.9083
2011 5 21 24 280 450 697 0.6456 359 0.7799
2011 5 22 24 199 200 699 0.2861 359 0.5543
2011 5 23 24 337 580 702 0.8262 363 0.9284
2011 5 24 24 349 661 705 0.9376 363 0.9614
2011 5 25 24 325 613 706 0.8683 363 0.8953
2011 5 26 24 217 329 706 0.466 358 0.6061
2011 5 27 24 45 15 708 0.0212 362 0.1243
2011 5 28 24 292 329 713 0.4614 369 0.7913
2011 5 29 24 347 691 714 0.9678 369 0.9404
2011 5 30 24 279 503 715 0.7035 369 0.7561
2011 5 31 24 197 300 717 0.4184 363 0.5427
2011 6 1 24 111 2 717 0.0028 363 0.3058
2011 6 2 24 271 363 718 0.5056 361 0.7507
2011 6 3 24 235 341 718 0.4749 370 0.6351
2011 6 4 24 173 127 718 0.1769 370 0.4676
2011 6 5 24 173 192 698 0.2751 375 0.4613
2011 6 6 24 213 234 725 0.3228 376 0.5665
2011 6 7 24 173 247 725 0.3407 376 0.4601
2011 6 8 24 115 65 727 0.0894 376 0.3059
2011 6 9 24 95 0 727 0 366 0.2596
2011 6 10 24 221 166 727 0.2283 366 0.6038
2011 6 11 24 104 0 729 0 384 0.2708
2011 6 12 24 293 358 729 0.4911 384 0.763
2011 6 13 24 141 36 730 0.0493 384 0.3672
2011 6 14 24 224 232 730 0.3178 363 0.6171
2011 6 15 24 279 419 730 0.574 367 0.7602
2011 6 16 24 156 160 728 0.2198 367 0.4251
2011 6 17 24 191 187 733 0.2551 367 0.5204
2011 6 18 24 34 0 733 0 366 0.0929
2011 6 19 24 217 212 733 0.2892 367 0.5913
2011 6 20 24 221 155 733 0.2115 367 0.6022
2011 6 21 24 302 545 733 0.7435 368 0.8207
2011 6 22 24 230 345 733 0.4707 373 0.6166
2011 6 23 24 92 42 733 0.0573 373 0.2466
2011 6 24 24 279 287 733 0.3915 373 0.748
2011 6 25 24 165 36 733 0.0491 367 0.4496
2011 6 26 24 351 633 733 0.8636 361 0.9723
2011 6 27 24 357 701 731 0.959 363 0.9835
2011 6 28 24 282 464 731 0.6347 363 0.7769
2011 6 29 24 289 491 731 0.6717 363 0.7961
2011 6 30 24 178 152 728 0.2088 360 0.4944
2011 7 1 24 151 83 728 0.114 365 0.4137
2011 7 2 24 253 378 727 0.5199 365 0.6932
2011 7 3 24 301 431 727 0.5928 365 0.8247
2011 7 4 24 360 687 726 0.9463 360 1
2011 7 5 24 268 413 721 0.5728 360 0.7444
2011 7 6 24 303 520 721 0.7212 356 0.8511
2011 7 7 24 101 69 721 0.0957 365 0.2767
2011 7 8 24 228 308 720 0.4278 365 0.6247
2011 7 9 24 291 513 719 0.7135 365 0.7973
2011 7 10 24 242 351 719 0.4882 362 0.6685
2011 7 11 24 325 584 717 0.8145 357 0.9104
2011 7 12 24 320 624 717 0.8703 354 0.904
2011 7 13 24 57 4 716 0.0056 350 0.1629
2011 7 14 24 88 3 712 0.0042 354 0.2486
2011 7 15 24 126 4 712 0.0056 354 0.3559
2011 7 16 24 312 537 750 0.716 354 0.8814
2011 7 17 24 59 62 750 0.0827 350 0.1686
2011 7 18 24 127 53 750 0.0707 348 0.3649
2011 7 19 24 143 149 705 0.2113 347 0.4121
2011 7 20 24 79 0 700 0 347 0.2277
2011 7 21 24 192 201 699 0.2876 346 0.5549
2011 7 22 24 201 172 697 0.2468 346 0.5809
2011 7 23 24 172 81 696 0.1164 336 0.5119
2011 7 24 24 127 29 696 0.0417 334 0.3802
2011 7 25 24 164 87 684 0.1272 331 0.4955
2011 7 26 24 217 198 678 0.292 331 0.6556
2011 7 27 24 177 151 662 0.2281 331 0.5347
2011 7 28 24 164 77 657 0.1172 330 0.497
2011 7 29 24 200 183 673 0.2719 330 0.6061
2011 7 30 24 117 41 673 0.0609 327 0.3578
2011 7 31 24 288 490 673 0.7281 327 0.8807
2011 8 1 24 316 622 651 0.9555 327 0.9664
2011 8 2 24 311 628 651 0.9647 327 0.9511
2011 8 3 24 159 272 648 0.4198 326 0.4877
2011 8 4 24 223 288 648 0.4444 325 0.6862
2011 8 5 24 158 104 648 0.1605 317 0.4984
2011 8 6 24 256 450 648 0.6944 317 0.8076
2011 8 7 24 40 11 646 0.017 317 0.1262
2011 8 8 24 182 192 716 0.2682 317 0.5741
2011 8 9 24 152 86 716 0.1201 314 0.4841
2011 8 10 24 279 475 716 0.6634 314 0.8885
2011 8 11 24 303 617 700 0.8814 305 0.9934
2011 8 12 24 281 551 700 0.7871 315 0.8921
2011 8 13 24 290 574 700 0.82 315 0.9206
2011 8 14 24 203 343 642 0.5343 315 0.6444
2011 8 15 24 113 30 641 0.0468 304 0.3717
2011 8 16 24 296 625 641 0.975 300 0.9867
2011 8 17 24 287 614 640 0.9594 302 0.9503
2011 8 18 24 264 549 640 0.8578 302 0.8742
2011 8 19 24 245 465 639 0.7277 302 0.8113
2011 8 20 24 273 580 639 0.9077 296 0.9223
2011 8 21 24 280 638 638 1 302 0.9272
2011 8 22 24 258 528 638 0.8276 302 0.8543
2011 8 23 24 273 616 636 0.9686 302 0.904
2011 8 24 24 240 540 636 0.8491 288 0.8333
2011 8 25 24 269 601 635 0.9465 288 0.934
2011 8 26 24 198 385 635 0.6063 282 0.7021
2011 8 27 24 95 130 634 0.205 289 0.3287
2011 8 28 24 284 633 633 1 289 0.9827
2011 8 29 24 267 587 633 0.9273 289 0.9239
2011 8 30 24 244 433 633 0.684 280 0.8714
2011 8 31 24 222 435 633 0.6872 280 0.7929
2011 9 1 24 86 67 632 0.106 280 0.3071
2011 9 2 24 204 371 630 0.5889 279 0.7312
2011 9 3 24 222 562 628 0.8949 264 0.8409
2011 9 4 24 84 50 628 0.0796 264 0.3182
2011 9 5 24 67 0 628 0 266 0.2519
2011 9 6 24 263 626 628 0.9968 266 0.9887
2011 9 7 24 153 217 626 0.3466 266 0.5752
2011 9 8 24 84 39 626 0.0623 259 0.3243
2011 9 9 24 184 321 624 0.5144 259 0.7104
2011 9 10 24 247 618 624 0.9904 250 0.988
2011 9 11 24 235 575 623 0.923 249 0.9438
2011 9 12 24 217 468 621 0.7536 249 0.8715
2011 9 13 24 244 614 620 0.9903 249 0.9799
2011 9 14 24 170 276 617 0.4473 245 0.6939
2011 9 15 24 224 486 615 0.7902 244 0.918
2011 9 16 24 233 608 614 0.9902 241 0.9668
2011 9 17 24 169 372 612 0.6078 251 0.6733
2011 9 18 24 22 0 611 0 251 0.0876
2011 9 19 24 80 0 610 0 251 0.3187
2011 9 20 24 141 119 608 0.1957 236 0.5975
2011 9 21 24 233 598 604 0.9901 233 1
2011 9 22 24 217 538 601 0.8952 233 0.9313
2011 9 23 24 219 584 599 0.975 224 0.9777
2011 9 24 24 209 542 596 0.9094 224 0.933
2011 9 25 24 171 482 594 0.8114 222 0.7703
2011 9 26 24 207 586 592 0.9899 214 0.9673
2011 9 27 24 188 514 590 0.8712 212 0.8868
2011 9 28 24 205 581 588 0.9881 211 0.9716
2011 9 29 24 198 578 586 0.9863 211 0.9384
2011 9 30 24 197 577 581 0.9931 210 0.9381
2011 10 1 24 194 576 580 0.9931 207 0.9372
2011 10 2 24 192 575 579 0.9931 204 0.9412
2011 10 3 24 197 573 578 0.9913 197 1
2011 10 4 24 195 571 576 0.9913 197 0.9898
2011 10 5 24 191 568 574 0.9895 195 0.9795
2011 10 6 24 181 542 572 0.9476 191 0.9476
2011 10 7 24 101 123 567 0.2169 190 0.5316
2011 10 8 24 33 0 567 0 187 0.1765
2011 10 9 24 159 344 562 0.6121 185 0.8595
2011 10 10 24 65 27 559 0.0483 182 0.3571
2011 10 11 24 157 404 557 0.7253 181 0.8674
2011 10 12 24 175 546 555 0.9838 178 0.9831
2011 10 13 24 88 86 551 0.1561 178 0.4944
2011 10 14 24 175 538 548 0.9818 175 1
2011 10 15 24 171 530 546 0.9707 175 0.9771
2011 10 16 24 164 521 544 0.9577 171 0.9591
2011 10 17 24 163 517 539 0.9592 169 0.9645
2011 10 18 24 160 511 529 0.966 165 0.9697
2011 10 19 24 72 23 519 0.0443 162 0.4444
2011 10 20 24 101 55 517 0.1064 162 0.6235
2011 10 21 24 157 493 510 0.9667 159 0.9874
2011 10 22 24 154 488 502 0.9721 159 0.9686
2011 10 23 24 150 480 493 0.9736 154 0.974
2011 10 24 24 139 422 489 0.863 150 0.9267
2011 10 25 24 78 102 483 0.2112 150 0.52
2011 10 26 24 91 163 480 0.3396 149 0.6107
2011 10 27 24 112 354 480 0.7375 144 0.7778
2011 10 28 24 127 448 472 0.9492 142 0.8944
2011 10 29 24 126 464 470 0.9872 138 0.913
2011 10 30 24 128 463 465 0.9957 134 0.9552
2011 10 31 24 126 462 463 0.9978 133 0.9474
2011 11 1 24 112 391 462 0.8463 130 0.8615
2011 11 2 24 120 437 461 0.9479 130 0.9231
2011 11 3 24 80 196 460 0.4261 129 0.6202
2011 11 4 24 77 107 460 0.2326 125 0.616
2011 11 5 24 68 32 458 0.0699 125 0.544
2011 11 6 24 55 52 451 0.1153 125 0.44
2011 11 7 24 54 19 449 0.0423 121 0.4463
2011 11 8 24 104 275 445 0.618 121 0.8595
2011 11 9 24 78 288 443 0.6501 118 0.661
2011 11 10 24 105 425 441 0.9637 118 0.8898
2011 11 11 24 107 431 439 0.9818 114 0.9386
2011 11 12 24 105 428 435 0.9839 114 0.9211
2011 11 13 24 108 425 431 0.9861 108 1
2011 11 14 24 105 422 428 0.986 108 0.9722
2011 11 15 24 103 419 423 0.9905 106 0.9717
2011 11 16 24 100 416 421 0.9881 104 0.9615
2011 11 17 24 98 413 419 0.9857 104 0.9423
2011 11 18 24 98 411 417 0.9856 104 0.9423
2011 11 19 24 85 347 415 0.8361 102 0.8333
2011 11 20 24 70 217 414 0.5242 99 0.7071
2011 11 21 24 90 403 410 0.9829 99 0.9091
2011 11 22 24 88 399 407 0.9803 99 0.8889
2011 11 23 24 87 398 405 0.9827 97 0.8969
2011 11 24 24 88 397 403 0.9851 97 0.9072
2011 11 25 24 87 395 401 0.985 96 0.9062
2011 11 26 24 74 294 399 0.7368 96 0.7708
2011 11 27 24 85 392 396 0.9899 89 0.9551
2011 11 28 24 70 323 395 0.8177 89 0.7865
2011 11 29 24 61 132 392 0.3367 86 0.7093
2011 11 30 24 72 368 391 0.9412 102 0.7059
2011 12 1 24 79 345 389 0.8869 102 0.7745
2011 12 2 24 73 299 388 0.7706 102 0.7157
2011 12 3 24 28 3 387 0.0078 86 0.3256
2011 12 4 24 63 248 387 0.6408 86 0.7326
2011 12 5 24 50 73 387 0.1886 86 0.5814
2011 12 6 24 27 0 386 0 81 0.3333
2011 12 7 24 12 0 381 0 89 0.1348
2011 12 8 24 89 360 380 0.9474 89 1
2011 12 9 24 64 348 379 0.9182 89 0.7191
2011 12 10 24 74 259 377 0.687 80 0.925
2011 12 11 24 74 369 377 0.9788 80 0.925
2011 12 12 24 26 0 377 0 81 0.321
2011 12 13 24 51 96 375 0.256 81 0.6296
2011 12 14 24 48 45 375 0.12 81 0.5926
2011 12 15 24 33 21 375 0.056 76 0.4342
2011 12 16 24 15 0 374 0 85 0.1765
2011 12 17 24 17 0 374 0 85 0.2
2011 12 18 24 56 155 374 0.4144 85 0.6588
2011 12 19 24 48 66 386 0.171 84 0.5714
2011 12 20 24 18 0 386 0 84 0.2143
2011 12 21 24 28 0 386 0 84 0.3333
2011 12 22 24 10 0 373 0 78 0.1282
2011 12 23 24 69 305 373 0.8177 82 0.8415
2011 12 24 24 24 0 373 0 82 0.2927
2011 12 25 24 49 68 373 0.1823 82 0.5976
2011 12 26 24 71 361 374 0.9652 77 0.9221
2011 12 27 24 74 374 374 1 77 0.961
2011 12 28 24 73 355 374 0.9492 77 0.9481
2011 12 29 24 36 55 375 0.1467 79 0.4557
2011 12 30 24 14 0 376 0 79 0.1772
2011 12 31 24 14 0 377 0 79 0.1772
2012 1 1 24 49 112 377 0.2971 79 0.6203
2012 1 2 24 31 0 378 0 81 0.3827
2012 1 3 24 80 359 378 0.9497 81 0.9877
2012 1 4 24 31 7 379 0.0185 81 0.3827
2012 1 5 24 12 0 381 0 93 0.129
2012 1 6 24 12 0 382 0 93 0.129
2012 1 7 24 32 0 384 0 93 0.3441
2012 1 8 24 13 0 385 0 86 0.1512
2012 1 9 24 63 65 387 0.168 87 0.7241
2012 1 10 24 43 44 387 0.1137 93 0.4624
2012 1 11 24 82 386 389 0.9923 93 0.8817
2012 1 12 24 87 388 390 0.9949 93 0.9355
2012 1 13 24 43 6 392 0.0153 91 0.4725
2012 1 14 24 91 390 394 0.9898 92 0.9891
2012 1 15 24 91 392 396 0.9899 92 0.9891
2012 1 16 24 91 393 400 0.9825 92 0.9891
2012 1 17 24 90 394 401 0.9825 94 0.9574
2012 1 18 24 91 395 403 0.9801 96 0.9479
2012 1 19 24 41 0 405 0 99 0.4141
2012 1 20 24 16 0 408 0 99 0.1616
2012 1 21 24 38 63 417 0.1511 107 0.3551
2012 1 22 24 49 50 417 0.1199 107 0.4579
2012 1 23 24 52 9 417 0.0216 107 0.486
2012 1 24 24 60 94 417 0.2254 106 0.566
2012 1 25 24 52 0 420 0 108 0.4815
2012 1 26 24 78 141 427 0.3302 112 0.6964
2012 1 27 24 82 194 427 0.4543 112 0.7321
2012 1 28 24 61 12 429 0.028 113 0.5398
2012 1 29 24 100 370 432 0.8565 117 0.8547
2012 1 30 24 106 375 436 0.8601 117 0.906
2012 1 31 24 49 0 439 0 118 0.4153
2012 2 1 24 75 62 441 0.1406 119 0.6303
2012 2 2 24 75 51 444 0.1149 120 0.625
2012 2 3 24 88 312 446 0.6996 125 0.704
2012 2 4 24 104 397 449 0.8842 127 0.8189
2012 2 5 24 127 444 452 0.9823 132 0.9621
2012 2 6 24 132 449 463 0.9698 132 1
2012 2 7 24 114 362 463 0.7819 133 0.8571
2012 2 8 24 121 454 463 0.9806 133 0.9098
2012 2 9 24 90 162 461 0.3514 139 0.6475
2012 2 10 24 103 386 462 0.8355 142 0.7254
2012 2 11 24 130 458 464 0.9871 142 0.9155
2012 2 12 24 130 442 468 0.9444 143 0.9091
2012 2 13 24 88 79 472 0.1674 143 0.6154
2012 2 14 24 79 17 473 0.0359 149 0.5302
2012 2 15 24 25 0 476 0 149 0.1678
2012 2 16 24 74 11 500 0.022 154 0.4805
2012 2 17 24 132 262 500 0.524 158 0.8354
2012 2 18 24 153 478 500 0.956 160 0.9562
2012 2 19 24 75 7 496 0.0141 162 0.463
2012 2 20 24 125 244 507 0.4813 164 0.7622
2012 2 21 24 162 493 512 0.9629 165 0.9818
2012 2 22 24 165 497 518 0.9595 170 0.9706
2012 2 23 24 89 11 520 0.0212 177 0.5028
2012 2 24 24 164 483 530 0.9113 177 0.9266
2012 2 25 24 96 54 541 0.0998 179 0.5363
2012 2 26 24 87 42 546 0.0769 180 0.4833
2012 2 27 24 176 528 546 0.967 185 0.9514
2012 2 28 24 154 321 548 0.5858 185 0.8324
2012 2 29 24 174 531 549 0.9672 195 0.8923
2012 3 1 24 182 546 554 0.9856 196 0.9286
2012 3 2 24 184 550 557 0.9874 196 0.9388
2012 3 3 24 185 553 558 0.991 198 0.9343
2012 3 4 24 158 342 562 0.6085 205 0.7707
2012 3 5 24 73 0 566 0 205 0.3561
2012 3 6 24 148 221 569 0.3884 208 0.7115
2012 3 7 24 195 548 571 0.9597 209 0.933
2012 3 8 24 111 12 574 0.0209 211 0.5261
2012 3 9 24 186 423 576 0.7344 213 0.8732
2012 3 10 24 194 539 578 0.9325 213 0.9108
2012 3 11 24 78 57 579 0.0984 217 0.3594
2012 3 12 24 174 301 580 0.519 219 0.7945
2012 3 13 24 218 578 581 0.9948 223 0.9776
2012 3 14 24 221 580 586 0.9898 226 0.9779
2012 3 15 24 226 581 587 0.9898 229 0.9869
2012 3 16 24 229 585 590 0.9915 229 1
2012 3 17 24 183 357 590 0.6051 234 0.7821
2012 3 18 24 113 123 594 0.2071 236 0.4788
2012 3 19 24 89 0 597 0 240 0.3708
2012 3 20 24 240 593 600 0.9883 242 0.9917
2012 3 21 24 198 374 603 0.6202 245 0.8082
2012 3 22 24 239 598 603 0.9917 245 0.9755
2012 3 23 24 239 600 606 0.9901 245 0.9755
2012 3 24 24 223 481 610 0.7885 249 0.8956
2012 3 25 24 211 446 612 0.7288 260 0.8115
2012 3 26 24 249 608 613 0.9918 260 0.9577
2012 3 27 24 250 611 615 0.9935 266 0.9398
2012 3 28 24 255 611 617 0.9903 266 0.9586
2012 3 29 24 189 307 617 0.4976 266 0.7105
2012 3 30 24 117 14 620 0.0226 263 0.4449
2012 3 31 24 260 615 622 0.9887 282 0.922
2012 4 1 24 245 451 623 0.7239 282 0.8688
2012 4 2 24 266 618 624 0.9904 282 0.9433
2012 4 3 24 155 136 625 0.2176 277 0.5596
2012 4 4 24 145 96 625 0.1536 277 0.5235
2012 4 5 24 116 37 627 0.059 277 0.4188
2012 4 6 24 154 42 629 0.0668 291 0.5292
2012 4 7 24 99 9 629 0.0143 291 0.3402
2012 4 8 24 165 15 631 0.0238 291 0.567
2012 4 9 24 234 299 631 0.4739 287 0.8153
2012 4 10 24 256 463 632 0.7326 296 0.8649
2012 4 11 24 55 0 633 0 299 0.1839
2012 4 12 24 280 437 633 0.6904 299 0.9365
2012 4 13 24 145 0 633 0 300 0.4833
2012 4 14 24 200 105 634 0.1656 303 0.6601
2012 4 15 24 153 11 634 0.0174 307 0.4984
2012 4 16 24 178 76 634 0.1199 307 0.5798
2012 4 17 24 221 249 634 0.3927 307 0.7199
2012 4 18 24 151 43 637 0.0675 309 0.4887
2012 4 19 24 239 353 637 0.5542 320 0.7469
2012 4 20 24 217 183 638 0.2868 320 0.6781
2012 4 21 24 291 508 639 0.795 320 0.9094
2012 4 22 24 199 179 639 0.2801 320 0.6219
2012 4 23 24 217 141 640 0.2203 320 0.6781
2012 4 24 24 148 121 640 0.1891 320 0.4625
2012 4 25 24 282 463 640 0.7234 316 0.8924
2012 4 26 24 306 585 642 0.9112 316 0.9684
2012 4 27 24 301 642 642 1 315 0.9556
2012 4 28 24 314 592 642 0.9221 337 0.9318
2012 4 29 24 287 437 643 0.6796 337 0.8516
2012 4 30 24 245 416 643 0.647 337 0.727
2012 5 1 24 221 181 643 0.2815 332 0.6657
2012 5 2 24 284 437 642 0.6807 333 0.8529
2012 5 3 24 279 354 642 0.5514 354 0.7881
2012 5 4 24 237 317 645 0.4915 354 0.6695
2012 5 5 24 156 107 645 0.1659 354 0.4407
2012 5 6 24 137 48 647 0.0742 353 0.3881
2012 5 7 24 251 247 647 0.3818 353 0.711
2012 5 8 24 257 316 647 0.4884 353 0.728
2012 5 9 24 253 336 648 0.5185 344 0.7355
2012 5 10 24 322 648 648 1 344 0.936
2012 5 11 24 331 641 649 0.9877 344 0.9622
2012 5 12 24 107 37 651 0.0568 341 0.3138
2012 5 13 24 241 279 654 0.4266 353 0.6827
2012 5 14 24 353 648 656 0.9878 353 1
2012 5 15 24 279 443 656 0.6753 353 0.7904
2012 5 16 24 209 116 659 0.176 355 0.5887
2012 5 17 24 355 654 673 0.9718 355 1
2012 5 18 24 264 268 688 0.3895 360 0.7333
2012 5 19 24 231 327 692 0.4725 360 0.6417
2012 5 20 24 218 255 692 0.3685 360 0.6056
2012 5 21 24 203 178 697 0.2554 359 0.5655
2012 5 22 24 259 401 699 0.5737 359 0.7214
2012 5 23 24 232 270 702 0.3846 363 0.6391
2012 5 24 24 282 427 705 0.6057 363 0.7769
2012 5 25 24 350 655 706 0.9278 363 0.9642
2012 5 26 24 295 474 706 0.6714 358 0.824
2012 5 27 24 229 301 708 0.4251 362 0.6326
2012 5 28 24 160 70 713 0.0982 369 0.4336
2012 5 29 24 179 147 714 0.2059 369 0.4851
2012 5 30 24 334 594 715 0.8308 369 0.9051
2012 5 31 24 214 174 717 0.2427 363 0.5895
2012 6 1 24 124 45 717 0.0628 363 0.3416
2012 6 2 24 349 691 718 0.9624 361 0.9668
2012 6 3 24 157 94 718 0.1309 370 0.4243
2012 6 4 24 173 30 718 0.0418 370 0.4676
2012 6 5 24 358 553 698 0.7923 375 0.9547
2012 6 6 24 145 53 725 0.0731 376 0.3856
2012 6 7 24 304 407 725 0.5614 376 0.8085
2012 6 8 24 155 124 727 0.1706 376 0.4122
2012 6 9 24 203 268 727 0.3686 366 0.5546
2012 6 10 24 198 123 727 0.1692 366 0.541
2012 6 11 24 190 123 729 0.1687 384 0.4948
2012 6 12 24 67 0 729 0 384 0.1745
2012 6 13 24 222 134 730 0.1836 384 0.5781
2012 6 14 24 300 525 730 0.7192 363 0.8264
2012 6 15 24 340 658 730 0.9014 367 0.9264
2012 6 16 24 361 701 728 0.9629 367 0.9837
2012 6 17 24 348 652 733 0.8895 367 0.9482
2012 6 18 24 287 446 733 0.6085 366 0.7842
2012 6 19 24 292 481 733 0.6562 367 0.7956
2012 6 20 24 167 212 733 0.2892 367 0.455
2012 6 21 24 254 376 733 0.513 368 0.6902
2012 6 22 24 351 603 733 0.8226 373 0.941
2012 6 23 24 216 220 733 0.3001 373 0.5791
2012 6 24 24 263 417 733 0.5689 373 0.7051
2012 6 25 24 129 18 733 0.0246 367 0.3515
2012 6 26 24 114 0 733 0 361 0.3158
2012 6 27 24 314 443 731 0.606 363 0.865
2012 6 28 24 310 580 731 0.7934 363 0.854
2012 6 29 24 337 641 731 0.8769 363 0.9284
2012 6 30 24 341 695 728 0.9547 360 0.9472
2012 7 1 24 255 418 728 0.5742 365 0.6986
2012 7 2 24 122 65 727 0.0894 365 0.3342
2012 7 3 24 225 277 727 0.381 365 0.6164
2012 7 4 24 225 354 726 0.4876 360 0.625
2012 7 5 24 297 506 721 0.7018 360 0.825
2012 7 6 24 116 30 721 0.0416 356 0.3258
2012 7 7 24 278 399 721 0.5534 365 0.7616
2012 7 8 24 209 242 720 0.3361 365 0.5726
2012 7 9 24 309 483 719 0.6718 365 0.8466
2012 7 10 24 236 345 719 0.4798 362 0.6519
2012 7 11 24 291 446 717 0.622 357 0.8151
2012 7 12 24 308 433 717 0.6039 354 0.8701
2012 7 13 24 166 148 716 0.2067 350 0.4743
2012 7 14 24 133 142 712 0.1994 354 0.3757
2012 7 15 24 154 67 712 0.0941 354 0.435
2012 7 16 24 256 352 750 0.4693 354 0.7232
2012 7 17 24 168 108 750 0.144 350 0.48
2012 7 18 24 338 677 750 0.9027 348 0.9713
2012 7 19 24 199 339 705 0.4809 347 0.5735
2012 7 20 24 185 117 700 0.1671 347 0.5331
2012 7 21 24 126 13 699 0.0186 346 0.3642
2012 7 22 24 220 256 697 0.3673 346 0.6358
2012 7 23 24 334 680 696 0.977 336 0.994
2012 7 24 24 313 592 696 0.8506 334 0.9371
2012 7 25 24 107 59 684 0.0863 331 0.3233
2012 7 26 24 326 653 678 0.9631 331 0.9849
2012 7 27 24 298 520 662 0.7855 331 0.9003
2012 7 28 24 135 160 657 0.2435 330 0.4091
2012 7 29 24 221 254 673 0.3774 330 0.6697
2012 7 30 24 199 139 673 0.2065 327 0.6086
2012 7 31 24 287 490 673 0.7281 327 0.8777
2012 8 1 24 327 621 651 0.9539 327 1
2012 8 2 24 256 457 651 0.702 327 0.7829
2012 8 3 24 308 505 648 0.7793 326 0.9448
2012 8 4 24 184 223 648 0.3441 325 0.5662
2012 8 5 24 148 177 648 0.2731 317 0.4669
2012 8 6 24 94 135 648 0.2083 317 0.2965
2012 8 7 24 317 642 646 0.9938 317 1
2012 8 8 24 314 627 716 0.8757 317 0.9905
2012 8 9 24 235 383 716 0.5349 314 0.7484
2012 8 10 24 294 570 716 0.7961 314 0.9363
2012 8 11 24 266 521 700 0.7443 305 0.8721
2012 8 12 24 249 467 700 0.6671 315 0.7905
2012 8 13 24 294 578 700 0.8257 315 0.9333
2012 8 14 24 255 446 642 0.6947 315 0.8095
2012 8 15 24 258 488 641 0.7613 304 0.8487
2012 8 16 24 213 347 641 0.5413 300 0.71
2012 8 17 24 293 640 640 1 302 0.9702
2012 8 18 24 294 639 640 0.9984 302 0.9735
2012 8 19 24 293 639 639 1 302 0.9702
2012 8 20 24 279 607 639 0.9499 296 0.9426
2012 8 21 24 232 531 638 0.8323 302 0.7682
2012 8 22 24 229 473 638 0.7414 302 0.7583
2012 8 23 24 229 447 636 0.7028 302 0.7583
2012 8 24 24 129 158 636 0.2484 288 0.4479
2012 8 25 24 91 48 635 0.0756 288 0.316
2012 8 26 24 138 121 635 0.1906 282 0.4894
2012 8 27 24 281 633 634 0.9984 289 0.9723
2012 8 28 24 227 465 633 0.7346 289 0.7855
2012 8 29 24 242 553 633 0.8736 289 0.8374
2012 8 30 24 65 12 633 0.019 280 0.2321
2012 8 31 24 62 0 633 0 280 0.2214
2012 9 1 24 117 36 632 0.057 280 0.4179
2012 9 2 24 222 421 630 0.6683 279 0.7957
2012 9 3 24 173 241 628 0.3838 264 0.6553
2012 9 4 24 154 229 628 0.3646 264 0.5833
2012 9 5 24 161 306 628 0.4873 266 0.6053
2012 9 6 24 212 397 628 0.6322 266 0.797
2012 9 7 24 257 622 626 0.9936 266 0.9662
2012 9 8 24 250 620 626 0.9904 259 0.9653
2012 9 9 24 213 493 624 0.7901 259 0.8224
2012 9 10 24 156 325 624 0.5208 250 0.624
2012 9 11 24 201 414 623 0.6645 249 0.8072
2012 9 12 24 45 0 621 0 249 0.1807
2012 9 13 24 92 20 620 0.0323 249 0.3695
2012 9 14 24 241 573 617 0.9287 245 0.9837
2012 9 15 24 236 608 615 0.9886 244 0.9672
2012 9 16 24 233 609 614 0.9919 241 0.9668
2012 9 17 24 211 527 612 0.8611 251 0.8406
2012 9 18 24 206 504 611 0.8249 251 0.8207
2012 9 19 24 60 0 610 0 251 0.239
2012 9 20 24 231 598 608 0.9836 236 0.9788
2012 9 21 24 224 595 604 0.9851 233 0.9614
2012 9 22 24 123 148 601 0.2463 233 0.5279
2012 9 23 24 206 579 599 0.9666 224 0.9196
2012 9 24 24 23 3 596 0.005 224 0.1027
2012 9 25 24 144 300 594 0.5051 222 0.6486
2012 9 26 24 152 282 592 0.4764 214 0.7103
2012 9 27 24 174 381 590 0.6458 212 0.8208
2012 9 28 24 178 553 588 0.9405 211 0.8436
2012 9 29 24 34 0 586 0 211 0.1611
2012 9 30 24 113 227 581 0.3907 210 0.5381
2012 10 1 24 119 159 580 0.2741 207 0.5749
2012 10 2 24 163 408 579 0.7047 204 0.799
2012 10 3 24 181 469 578 0.8114 197 0.9188
2012 10 4 24 66 18 576 0.0312 197 0.335
2012 10 5 24 187 549 574 0.9564 195 0.959
2012 10 6 24 176 507 572 0.8864 191 0.9215
2012 10 7 24 55 6 567 0.0106 190 0.2895
2012 10 8 24 144 362 567 0.6384 187 0.7701
2012 10 9 24 43 0 562 0 185 0.2324
2012 10 10 24 59 60 559 0.1073 182 0.3242
2012 10 11 24 136 379 557 0.6804 181 0.7514
2012 10 12 24 80 174 555 0.3135 178 0.4494
2012 10 13 24 108 273 551 0.4955 178 0.6067
2012 10 14 24 129 244 548 0.4453 175 0.7371
2012 10 15 24 19 0 546 0 175 0.1086
2012 10 16 24 165 472 544 0.8676 171 0.9649
2012 10 17 24 106 192 539 0.3562 169 0.6272
2012 10 18 24 156 506 529 0.9565 165 0.9455
2012 10 19 24 155 499 519 0.9615 162 0.9568
2012 10 20 24 151 494 517 0.9555 162 0.9321
2012 10 21 24 143 490 510 0.9608 159 0.8994
2012 10 22 24 137 481 502 0.9582 159 0.8616
2012 10 23 24 139 479 493 0.9716 154 0.9026
2012 10 24 24 132 445 489 0.91 150 0.88
2012 10 25 24 135 475 483 0.9834 150 0.9
2012 10 26 24 39 0 480 0 149 0.2617
2012 10 27 24 17 0 480 0 144 0.1181
2012 10 28 24 52 26 472 0.0551 142 0.3662
2012 10 29 24 117 281 470 0.5979 138 0.8478
2012 10 30 24 97 91 465 0.1957 134 0.7239
2012 10 31 24 103 251 463 0.5421 133 0.7744
2012 11 1 24 96 251 462 0.5433 130 0.7385
2012 11 2 24 110 335 461 0.7267 130 0.8462
2012 11 3 24 105 285 460 0.6196 129 0.814
2012 11 4 24 60 24 460 0.0522 125 0.48
2012 11 5 24 85 178 458 0.3886 125 0.68
2012 11 6 24 67 95 451 0.2106 125 0.536
2012 11 7 24 59 0 449 0 121 0.4876
2012 11 8 24 83 176 445 0.3955 121 0.686
2012 11 9 24 102 394 443 0.8894 118 0.8644
2012 11 10 24 36 6 441 0.0136 118 0.3051
2012 11 11 24 25 13 439 0.0296 114 0.2193
2012 11 12 24 31 0 435 0 114 0.2719
2012 11 13 24 103 422 431 0.9791 108 0.9537
2012 11 14 24 103 419 428 0.979 108 0.9537
2012 11 15 24 104 417 423 0.9858 106 0.9811
2012 11 16 24 101 414 421 0.9834 104 0.9712
2012 11 17 24 97 408 419 0.9737 104 0.9327
2012 11 18 24 76 220 417 0.5276 104 0.7308
2012 11 19 24 91 406 415 0.9783 102 0.8922
2012 11 20 24 91 403 414 0.9734 99 0.9192
2012 11 21 24 90 377 410 0.9195 99 0.9091
2012 11 22 24 26 7 407 0.0172 99 0.2626
2012 11 23 24 74 276 405 0.6815 97 0.7629
2012 11 24 24 68 163 403 0.4045 97 0.701
2012 11 25 24 76 323 401 0.8055 96 0.7917
2012 11 26 24 41 50 399 0.1253 96 0.4271
2012 11 27 24 56 126 396 0.3182 89 0.6292
2012 11 28 24 14 0 395 0 89 0.1573
2012 11 29 24 30 0 392 0 86 0.3488
2012 11 30 24 62 101 391 0.2583 102 0.6078
2012 12 1 24 62 154 389 0.3959 102 0.6078
2012 12 2 24 45 54 388 0.1392 102 0.4412
2012 12 3 24 59 147 387 0.3798 86 0.686
2012 12 4 24 31 34 387 0.0879 86 0.3605
2012 12 5 24 60 102 387 0.2636 86 0.6977
2012 12 6 24 43 32 386 0.0829 81 0.5309
2012 12 7 24 35 58 381 0.1522 89 0.3933
2012 12 8 24 45 114 380 0.3 89 0.5056
2012 12 9 24 49 1 379 0.0026 89 0.5506
2012 12 10 24 29 3 377 0.008 80 0.3625
2012 12 11 24 38 0 377 0 80 0.475
2012 12 12 24 79 375 377 0.9947 81 0.9753
2012 12 13 24 47 17 375 0.0453 81 0.5802
2012 12 14 24 39 25 375 0.0667 81 0.4815
2012 12 15 24 41 102 375 0.272 76 0.5395
2012 12 16 24 58 208 374 0.5561 85 0.6824
2012 12 17 24 52 89 374 0.238 85 0.6118
2012 12 18 24 57 135 374 0.361 85 0.6706
2012 12 19 24 59 179 386 0.4637 84 0.7024
2012 12 20 24 34 0 386 0 84 0.4048
2012 12 21 24 37 21 386 0.0544 84 0.4405
2012 12 22 24 56 167 373 0.4477 78 0.7179
2012 12 23 24 63 145 373 0.3887 82 0.7683
2012 12 24 24 62 251 373 0.6729 82 0.7561
2012 12 25 24 70 244 373 0.6542 82 0.8537
2012 12 26 24 53 156 374 0.4171 77 0.6883
2012 12 27 24 41 46 374 0.123 77 0.5325
2012 12 28 24 36 78 374 0.2086 77 0.4675
2012 12 29 24 64 361 375 0.9627 79 0.8101
2012 12 30 24 59 206 376 0.5479 79 0.7468
2012 12 31 24 78 359 377 0.9523 79 0.9873
2013 1 1 24 59 183 377 0.4854 79 0.7468
2013 1 2 24 39 0 378 0 81 0.4815
2013 1 3 24 43 0 378 0 81 0.5309
2013 1 4 24 34 0 379 0 81 0.4198
2013 1 5 24 38 0 381 0 93 0.4086
2013 1 6 24 65 155 382 0.4058 93 0.6989
2013 1 7 24 82 349 384 0.9089 93 0.8817
2013 1 8 24 81 381 385 0.9896 86 0.9419
2013 1 9 24 61 69 387 0.1783 87 0.7011
2013 1 10 24 24 0 387 0 93 0.2581
2013 1 11 24 23 0 389 0 93 0.2473
2013 1 12 24 84 367 390 0.941 93 0.9032
2013 1 13 24 70 169 392 0.4311 91 0.7692
2013 1 14 24 49 0 394 0 92 0.5326
2013 1 15 24 70 139 396 0.351 92 0.7609
2013 1 16 24 38 0 400 0 92 0.413
2013 1 17 24 48 0 401 0 94 0.5106
2013 1 18 24 91 396 403 0.9826 96 0.9479
2013 1 19 24 76 235 405 0.5802 99 0.7677
2013 1 20 24 36 0 408 0 99 0.3636
2013 1 21 24 43 0 417 0 107 0.4019
2013 1 22 24 56 17 417 0.0408 107 0.5234
2013 1 23 24 100 385 417 0.9233 107 0.9346
2013 1 24 24 102 410 417 0.9832 106 0.9623
2013 1 25 24 50 0 420 0 108 0.463
2013 1 26 24 108 417 427 0.9766 112 0.9643
2013 1 27 24 96 270 427 0.6323 112 0.8571
2013 1 28 24 45 0 429 0 113 0.3982
2013 1 29 24 64 95 432 0.2199 117 0.547
2013 1 30 24 101 413 436 0.9472 117 0.8632
2013 1 31 24 110 390 439 0.8884 118 0.9322
2013 2 1 24 43 0 441 0 119 0.3613
2013 2 2 24 31 0 444 0 120 0.2583
2013 2 3 24 92 128 446 0.287 125 0.736
2013 2 4 24 68 7 449 0.0156 127 0.5354
2013 2 5 24 77 154 452 0.3407 132 0.5833
2013 2 6 24 104 181 463 0.3909 132 0.7879
2013 2 7 24 87 67 463 0.1447 133 0.6541
2013 2 8 24 58 0 463 0 133 0.4361
2013 2 9 24 94 133 461 0.2885 139 0.6763
2013 2 10 24 139 459 462 0.9935 142 0.9789
2013 2 11 24 80 0 464 0 142 0.5634
2013 2 12 24 74 0 468 0 143 0.5175
2013 2 13 24 143 438 472 0.928 143 1
2013 2 14 24 141 462 473 0.9767 149 0.9463
2013 2 15 24 76 15 476 0.0315 149 0.5101
2013 2 16 24 79 2 500 0.004 154 0.513
2013 2 17 24 137 364 500 0.728 158 0.8671
2013 2 18 24 155 480 500 0.96 160 0.9688
2013 2 19 24 120 188 496 0.379 162 0.7407
2013 2 20 24 102 90 507 0.1775 164 0.622
2013 2 21 24 132 234 512 0.457 165 0.8
2013 2 22 24 151 395 518 0.7625 170 0.8882
2013 2 23 24 148 335 520 0.6442 177 0.8362
2013 2 24 24 147 324 530 0.6113 177 0.8305
2013 2 25 24 148 358 541 0.6617 179 0.8268
2013 2 26 24 164 477 546 0.8736 180 0.9111
2013 2 27 24 176 531 546 0.9725 185 0.9514
2013 2 28 24 162 411 548 0.75 185 0.8757
2013 3 1 24 187 546 554 0.9856 196 0.9541
2013 3 2 24 192 549 557 0.9856 196 0.9796
2013 3 3 24 195 553 558 0.991 198 0.9848
2013 3 4 24 198 555 562 0.9875 205 0.9659
2013 3 5 24 133 165 566 0.2915 205 0.6488
2013 3 6 24 108 34 569 0.0598 208 0.5192
2013 3 7 24 109 77 571 0.1349 209 0.5215
2013 3 8 24 156 306 574 0.5331 211 0.7393
2013 3 9 24 117 12 576 0.0208 213 0.5493
2013 3 10 24 156 324 578 0.5606 213 0.7324
2013 3 11 24 137 139 579 0.2401 217 0.6313
2013 3 12 24 150 224 580 0.3862 219 0.6849
2013 3 13 24 164 247 581 0.4251 223 0.7354
2013 3 14 24 129 136 586 0.2321 226 0.5708
2013 3 15 24 152 110 587 0.1874 229 0.6638
2013 3 16 24 214 483 590 0.8186 229 0.9345
2013 3 17 24 123 56 590 0.0949 234 0.5256
2013 3 18 24 64 0 594 0 236 0.2712
2013 3 19 24 195 224 597 0.3752 240 0.8125
2013 3 20 24 152 143 600 0.2383 242 0.6281
2013 3 21 24 181 192 603 0.3184 245 0.7388
2013 3 22 24 211 390 603 0.6468 245 0.8612
2013 3 23 24 216 406 606 0.67 245 0.8816
2013 3 24 24 119 0 610 0 249 0.4779
2013 3 25 24 91 39 612 0.0637 260 0.35
2013 3 26 24 115 0 613 0 260 0.4423
2013 3 27 24 260 582 615 0.9463 266 0.9774
2013 3 28 24 144 161 617 0.2609 266 0.5414
2013 3 29 24 147 17 617 0.0276 266 0.5526
2013 3 30 24 79 0 620 0 263 0.3004
2013 3 31 24 161 110 622 0.1768 282 0.5709
2013 4 1 24 282 609 623 0.9775 282 1
2013 4 2 24 252 576 624 0.9231 282 0.8936
2013 4 3 24 260 556 625 0.8896 277 0.9386
2013 4 4 24 203 340 625 0.544 277 0.7329
2013 4 5 24 111 4 627 0.0064 277 0.4007
2013 4 6 24 216 297 629 0.4722 291 0.7423
2013 4 7 24 146 17 629 0.027 291 0.5017
2013 4 8 24 121 12 631 0.019 291 0.4158
2013 4 9 24 178 279 631 0.4422 287 0.6202
2013 4 10 24 236 341 632 0.5396 296 0.7973
2013 4 11 24 187 161 633 0.2543 299 0.6254
2013 4 12 24 180 213 633 0.3365 299 0.602
2013 4 13 24 296 630 633 0.9953 300 0.9867
2013 4 14 24 280 531 634 0.8375 303 0.9241
2013 4 15 24 289 633 634 0.9984 307 0.9414
2013 4 16 24 258 489 634 0.7713 307 0.8404
2013 4 17 24 286 634 634 1 307 0.9316
2013 4 18 24 258 453 637 0.7111 309 0.835
2013 4 19 24 58 0 637 0 320 0.1812
2013 4 20 24 199 10 638 0.0157 320 0.6219
2013 4 21 24 200 193 639 0.302 320 0.625
2013 4 22 24 150 20 639 0.0313 320 0.4688
2013 4 23 24 283 403 640 0.6297 320 0.8844
2013 4 24 24 316 640 640 1 320 0.9875
2013 4 25 24 316 640 640 1 316 1
2013 4 26 24 148 55 642 0.0857 316 0.4684
2013 4 27 24 167 124 642 0.1931 315 0.5302
2013 4 28 24 204 186 642 0.2897 337 0.6053
2013 4 29 24 70 0 643 0 337 0.2077
2013 4 30 24 124 69 643 0.1073 337 0.368
2013 5 1 24 245 389 643 0.605 332 0.738
2013 5 2 24 232 321 642 0.5 333 0.6967
2013 5 3 24 184 280 642 0.4361 354 0.5198
2013 5 4 24 184 151 645 0.2341 354 0.5198
2013 5 5 24 317 621 645 0.9628 354 0.8955
2013 5 6 24 139 83 647 0.1283 353 0.3938
2013 5 7 24 173 96 647 0.1484 353 0.4901
2013 5 8 24 246 359 647 0.5549 353 0.6969
2013 5 9 24 178 220 648 0.3395 344 0.5174
2013 5 10 24 78 1 648 0.0015 344 0.2267
2013 5 11 24 146 36 649 0.0555 344 0.4244
2013 5 12 24 141 41 651 0.063 341 0.4135
2013 5 13 24 175 95 654 0.1453 353 0.4958
2013 5 14 24 243 358 656 0.5457 353 0.6884
2013 5 15 24 120 23 656 0.0351 353 0.3399
2013 5 16 24 141 92 659 0.1396 355 0.3972
2013 5 17 24 155 87 673 0.1293 355 0.4366
2013 5 18 24 319 558 688 0.811 360 0.8861
2013 5 19 24 195 224 692 0.3237 360 0.5417
2013 5 20 24 187 143 692 0.2066 360 0.5194
2013 5 21 24 144 36 697 0.0516 359 0.4011
2013 5 22 24 132 0 699 0 359 0.3677
2013 5 23 24 223 164 702 0.2336 363 0.6143
2013 5 24 24 164 9 705 0.0128 363 0.4518
2013 5 25 24 205 80 706 0.1133 363 0.5647
2013 5 26 24 165 66 706 0.0935 358 0.4609
2013 5 27 24 274 366 708 0.5169 362 0.7569
2013 5 28 24 186 189 713 0.2651 369 0.5041
2013 5 29 24 174 127 714 0.1779 369 0.4715
2013 5 30 24 138 0 715 0 369 0.374
2013 5 31 24 91 0 717 0 363 0.2507
2013 6 1 24 165 25 717 0.0349 363 0.4545
2013 6 2 24 66 0 718 0 361 0.1828
2013 6 3 24 218 88 718 0.1226 370 0.5892
2013 6 4 24 357 629 718 0.876 370 0.9649
2013 6 5 24 370 619 698 0.8868 375 0.9867
2013 6 6 24 375 659 725 0.909 376 0.9973
2013 6 7 24 376 646 725 0.891 376 1
2013 6 8 24 287 444 727 0.6107 376 0.7633
2013 6 9 24 146 88 727 0.121 366 0.3989
2013 6 10 24 96 1 727 0.0014 366 0.2623
2013 6 11 24 139 28 729 0.0384 384 0.362
2013 6 12 24 253 367 729 0.5034 384 0.6589
2013 6 13 24 361 699 730 0.9575 384 0.9401
2013 6 14 24 278 377 730 0.5164 363 0.7658
2013 6 15 24 186 192 730 0.263 367 0.5068
2013 6 16 24 351 649 728 0.8915 367 0.9564
2013 6 17 24 365 681 733 0.9291 367 0.9946
2013 6 18 24 258 450 733 0.6139 366 0.7049
2013 6 19 24 270 502 733 0.6849 367 0.7357
2013 6 20 24 223 364 733 0.4966 367 0.6076
2013 6 21 24 298 372 733 0.5075 368 0.8098
2013 6 22 24 201 151 733 0.206 373 0.5389
2013 6 23 24 264 404 733 0.5512 373 0.7078
2013 6 24 24 121 3 733 0.0041 373 0.3244
2013 6 25 24 137 5 733 0.0068 367 0.3733
2013 6 26 24 217 199 733 0.2715 361 0.6011
2013 6 27 24 192 211 731 0.2886 363 0.5289
2013 6 28 24 197 134 731 0.1833 363 0.5427
2013 6 29 24 81 0 731 0 363 0.2231
2013 6 30 24 285 351 728 0.4821 360 0.7917
2013 7 1 24 336 614 728 0.8434 365 0.9205
2013 7 2 24 257 381 727 0.5241 365 0.7041
2013 7 3 24 99 24 727 0.033 365 0.2712
2013 7 4 24 341 478 726 0.6584 360 0.9472
2013 7 5 24 314 438 721 0.6075 360 0.8722
2013 7 6 24 346 633 721 0.8779 356 0.9719
2013 7 7 24 334 605 721 0.8391 365 0.9151
2013 7 8 24 272 476 720 0.6611 365 0.7452
2013 7 9 24 192 294 719 0.4089 365 0.526
2013 7 10 24 318 474 719 0.6592 362 0.8785
2013 7 11 24 354 658 717 0.9177 357 0.9916
2013 7 12 24 341 689 717 0.9609 354 0.9633
2013 7 13 24 335 673 716 0.9399 350 0.9571
2013 7 14 24 339 684 712 0.9607 354 0.9576
2013 7 15 24 347 673 712 0.9452 354 0.9802
2013 7 16 24 343 683 750 0.9107 354 0.9689
2013 7 17 24 214 296 750 0.3947 350 0.6114
2013 7 18 24 185 296 750 0.3947 348 0.5316
2013 7 19 24 244 341 705 0.4837 347 0.7032
2013 7 20 24 290 505 700 0.7214 347 0.8357
2013 7 21 24 280 487 699 0.6967 346 0.8092
2013 7 22 24 330 597 697 0.8565 346 0.9538
2013 7 23 24 229 387 696 0.556 336 0.6815
2013 7 24 24 199 221 696 0.3175 334 0.5958
2013 7 25 24 240 429 684 0.6272 331 0.7251
2013 7 26 24 223 368 678 0.5428 331 0.6737
2013 7 27 24 296 563 662 0.8505 331 0.8943
2013 7 28 24 313 513 657 0.7808 330 0.9485
2013 7 29 24 72 40 673 0.0594 330 0.2182
2013 7 30 24 206 223 673 0.3314 327 0.63
2013 7 31 24 326 645 673 0.9584 327 0.9969
2013 8 1 24 323 646 651 0.9923 327 0.9878
2013 8 2 24 326 645 651 0.9908 327 0.9969
2013 8 3 24 301 613 648 0.946 326 0.9233
2013 8 4 24 281 581 648 0.8966 325 0.8646
2013 8 5 24 302 615 648 0.9491 317 0.9527
2013 8 6 24 287 539 648 0.8318 317 0.9054
2013 8 7 24 158 173 646 0.2678 317 0.4984
2013 8 8 24 122 72 716 0.1006 317 0.3849
2013 8 9 24 65 0 716 0 314 0.207
2013 8 10 24 293 511 716 0.7137 314 0.9331
2013 8 11 24 305 561 700 0.8014 305 1
2013 8 12 24 255 478 700 0.6829 315 0.8095
2013 8 13 24 217 331 700 0.4729 315 0.6889
2013 8 14 24 261 434 642 0.676 315 0.8286
2013 8 15 24 298 641 641 1 304 0.9803
2013 8 16 24 300 639 641 0.9969 300 1
2013 8 17 24 226 344 640 0.5375 302 0.7483
2013 8 18 24 229 423 640 0.6609 302 0.7583
2013 8 19 24 57 16 639 0.025 302 0.1887
2013 8 20 24 208 261 639 0.4085 296 0.7027
2013 8 21 24 296 636 638 0.9969 302 0.9801
2013 8 22 24 287 636 638 0.9969 302 0.9503
2013 8 23 24 180 250 636 0.3931 302 0.596
2013 8 24 24 149 173 636 0.272 288 0.5174
2013 8 25 24 102 13 635 0.0205 288 0.3542
2013 8 26 24 129 38 635 0.0598 282 0.4574
2013 8 27 24 94 8 634 0.0126 289 0.3253
2013 8 28 24 103 25 633 0.0395 289 0.3564
2013 8 29 24 225 423 633 0.6682 289 0.7785
2013 8 30 24 270 568 633 0.8973 280 0.9643
2013 8 31 24 247 515 633 0.8136 280 0.8821
2013 9 1 24 156 163 632 0.2579 280 0.5571
2013 9 2 24 158 159 630 0.2524 279 0.5663
2013 9 3 24 263 628 628 1 264 0.9962
2013 9 4 24 261 625 628 0.9952 264 0.9886
2013 9 5 24 248 586 628 0.9331 266 0.9323
2013 9 6 24 219 447 628 0.7118 266 0.8233
2013 9 7 24 239 503 626 0.8035 266 0.8985
2013 9 8 24 96 72 626 0.115 259 0.3707
2013 9 9 24 199 305 624 0.4888 259 0.7683
2013 9 10 24 42 2 624 0.0032 250 0.168
2013 9 11 24 155 206 623 0.3307 249 0.6225
2013 9 12 24 74 17 621 0.0274 249 0.2972
2013 9 13 24 106 50 620 0.0806 249 0.4257
2013 9 14 24 144 140 617 0.2269 245 0.5878
2013 9 15 24 71 14 615 0.0228 244 0.291
2013 9 16 24 59 4 614 0.0065 241 0.2448
2013 9 17 24 107 76 612 0.1242 251 0.4263
2013 9 18 24 147 219 611 0.3584 251 0.5857
2013 9 19 24 156 272 610 0.4459 251 0.6215
2013 9 20 24 224 503 608 0.8273 236 0.9492
2013 9 21 24 217 591 604 0.9785 233 0.9313
2013 9 22 24 178 544 601 0.9052 233 0.7639
2013 9 23 24 224 590 599 0.985 224 1
2013 9 24 24 222 589 596 0.9883 224 0.9911
2013 9 25 24 213 587 594 0.9882 222 0.9595
2013 9 26 24 59 32 592 0.0541 214 0.2757
2013 9 27 24 113 132 590 0.2237 212 0.533
2013 9 28 24 168 476 588 0.8095 211 0.7962
2013 9 29 24 68 3 586 0.0051 211 0.3223
2013 9 30 24 39 1 581 0.0017 210 0.1857
2013 10 1 24 73 37 580 0.0638 207 0.3527
2013 10 2 24 145 302 579 0.5216 204 0.7108
2013 10 3 24 163 420 578 0.7266 197 0.8274
2013 10 4 24 153 367 576 0.6372 197 0.7766
2013 10 5 24 59 1 574 0.0017 195 0.3026
2013 10 6 24 114 165 572 0.2885 191 0.5969
2013 10 7 24 154 362 567 0.6384 190 0.8105
2013 10 8 24 124 267 567 0.4709 187 0.6631
2013 10 9 24 59 4 562 0.0071 185 0.3189
2013 10 10 24 32 4 559 0.0072 182 0.1758
2013 10 11 24 146 284 557 0.5099 181 0.8066
2013 10 12 24 138 215 555 0.3874 178 0.7753
2013 10 13 24 175 434 551 0.7877 178 0.9831
2013 10 14 24 103 73 548 0.1332 175 0.5886
2013 10 15 24 128 254 546 0.4652 175 0.7314
2013 10 16 24 114 263 544 0.4835 171 0.6667
2013 10 17 24 158 471 539 0.8738 169 0.9349
2013 10 18 24 158 489 529 0.9244 165 0.9576
2013 10 19 24 126 427 519 0.8227 162 0.7778
2013 10 20 24 95 190 517 0.3675 162 0.5864
2013 10 21 24 136 445 510 0.8725 159 0.8553
2013 10 22 24 94 167 502 0.3327 159 0.5912
2013 10 23 24 18 0 493 0 154 0.1169
2013 10 24 24 95 193 489 0.3947 150 0.6333
2013 10 25 24 126 439 483 0.9089 150 0.84
2013 10 26 24 126 432 480 0.9 149 0.8456
2013 10 27 24 43 6 480 0.0125 144 0.2986
2013 10 28 24 128 450 472 0.9534 142 0.9014
2013 10 29 24 64 74 470 0.1574 138 0.4638
2013 10 30 24 74 61 465 0.1312 134 0.5522
2013 10 31 24 81 141 463 0.3045 133 0.609
2013 11 1 24 76 87 462 0.1883 130 0.5846
2013 11 2 24 58 113 461 0.2451 130 0.4462
2013 11 3 24 29 7 460 0.0152 129 0.2248
2013 11 4 24 77 55 460 0.1196 125 0.616
2013 11 5 24 103 262 458 0.5721 125 0.824
2013 11 6 24 16 0 451 0 125 0.128
2013 11 7 24 110 376 449 0.8374 121 0.9091
2013 11 8 24 111 363 445 0.8157 121 0.9174
2013 11 9 24 35 0 443 0 118 0.2966
2013 11 10 24 43 0 441 0 118 0.3644
2013 11 11 24 114 383 439 0.8724 114 1
2013 11 12 24 106 425 435 0.977 114 0.9298
2013 11 13 24 100 318 431 0.7378 108 0.9259
2013 11 14 24 45 0 428 0 108 0.4167
2013 11 15 24 92 104 423 0.2459 106 0.8679
2013 11 16 24 102 412 421 0.9786 104 0.9808
2013 11 17 24 104 394 419 0.9403 104 1
2013 11 18 24 70 269 417 0.6451 104 0.6731
2013 11 19 24 55 79 415 0.1904 102 0.5392
2013 11 20 24 50 66 414 0.1594 99 0.5051
2013 11 21 24 61 137 410 0.3341 99 0.6162
2013 11 22 24 87 198 407 0.4865 99 0.8788
2013 11 23 24 51 89 405 0.2198 97 0.5258
2013 11 24 24 47 78 403 0.1935 97 0.4845
2013 11 25 24 96 314 401 0.783 96 1
2013 11 26 24 72 266 399 0.6667 96 0.75
2013 11 27 24 87 392 396 0.9899 89 0.9775
2013 11 28 24 72 256 395 0.6481 89 0.809
2013 11 29 24 86 372 392 0.949 86 1
2013 11 30 24 50 149 391 0.3811 102 0.4902
2013 12 1 24 86 372 389 0.9563 102 0.8431
2013 12 2 24 83 372 388 0.9588 102 0.8137
2013 12 3 24 82 372 387 0.9612 86 0.9535
2013 12 4 24 80 372 387 0.9612 86 0.9302
2013 12 5 24 67 386 387 0.9974 86 0.7791
2013 12 6 24 37 25 386 0.0648 81 0.4568
2013 12 7 24 39 0 381 0 89 0.4382
2013 12 8 24 78 377 380 0.9921 89 0.8764
2013 12 9 24 74 375 379 0.9894 89 0.8315
2013 12 10 24 74 377 377 1 80 0.925
2013 12 11 24 76 376 377 0.9973 80 0.95
2013 12 12 24 80 375 377 0.9947 81 0.9877
2013 12 13 24 76 371 375 0.9893 81 0.9383
2013 12 14 24 60 192 375 0.512 81 0.7407
2013 12 15 24 65 207 375 0.552 76 0.8553
2013 12 16 24 74 373 374 0.9973 85 0.8706
2013 12 17 24 85 343 374 0.9171 85 1
2013 12 18 24 48 127 374 0.3396 85 0.5647
2013 12 19 24 24 0 386 0 84 0.2857
2013 12 20 24 27 1 386 0.0026 84 0.3214
2013 12 21 24 69 332 386 0.8601 84 0.8214
2013 12 22 24 50 88 373 0.2359 78 0.641
2013 12 23 24 69 371 373 0.9946 82 0.8415
2013 12 24 24 59 122 373 0.3271 82 0.7195
2013 12 25 24 23 0 373 0 82 0.2805
2013 12 26 24 8 0 374 0 77 0.1039
2013 12 27 24 75 374 374 1 77 0.974
2013 12 28 24 72 314 374 0.8396 77 0.9351
2013 12 29 24 44 88 375 0.2347 79 0.557
2013 12 30 24 77 375 376 0.9973 79 0.9747
2013 12 31 24 77 375 377 0.9947 79 0.9747
2014 1 1 24 68 351 377 0.931 79 0.8608
2014 1 2 24 25 0 378 0 81 0.3086
2014 1 3 24 58 128 378 0.3386 81 0.716
2014 1 4 24 24 0 379 0 81 0.2963
2014 1 5 24 24 0 381 0 93 0.2581
2014 1 6 24 72 356 382 0.9319 93 0.7742
2014 1 7 24 72 282 384 0.7344 93 0.7742
2014 1 8 24 63 184 385 0.4779 86 0.7326
2014 1 9 24 52 73 387 0.1886 87 0.5977
2014 1 10 24 30 0 387 0 93 0.3226
2014 1 11 24 64 62 389 0.1594 93 0.6882
2014 1 12 24 87 388 390 0.9949 93 0.9355
2014 1 13 24 70 200 392 0.5102 91 0.7692
2014 1 14 24 13 0 394 0 92 0.1413
2014 1 15 24 66 155 396 0.3914 92 0.7174
2014 1 16 24 53 3 400 0.0075 92 0.5761
2014 1 17 24 31 0 401 0 94 0.3298
2014 1 18 24 79 256 403 0.6352 96 0.8229
2014 1 19 24 93 200 405 0.4938 99 0.9394
2014 1 20 24 43 0 408 0 99 0.4343
2014 1 21 24 39 0 417 0 107 0.3645
2014 1 22 24 96 404 417 0.9688 107 0.8972
2014 1 23 24 80 233 417 0.5588 107 0.7477
2014 1 24 24 51 29 417 0.0695 106 0.4811
2014 1 25 24 105 413 420 0.9833 108 0.9722
2014 1 26 24 47 117 427 0.274 112 0.4196
2014 1 27 24 47 0 427 0 112 0.4196
2014 1 28 24 66 40 429 0.0932 113 0.5841
2014 1 29 24 94 276 432 0.6389 117 0.8034
2014 1 30 24 61 29 436 0.0665 117 0.5214
2014 1 31 24 94 267 439 0.6082 118 0.7966
2014 2 1 24 78 134 441 0.3039 119 0.6555
2014 2 2 24 55 0 444 0 120 0.4583
2014 2 3 24 97 303 446 0.6794 125 0.776
2014 2 4 24 89 140 449 0.3118 127 0.7008
2014 2 5 24 64 27 452 0.0597 132 0.4848
2014 2 6 24 124 451 463 0.9741 132 0.9394
2014 2 7 24 37 42 463 0.0907 133 0.2782
2014 2 8 24 100 205 463 0.4428 133 0.7519
2014 2 9 24 103 165 461 0.3579 139 0.741
2014 2 10 24 82 12 462 0.026 142 0.5775
2014 2 11 24 117 326 464 0.7026 142 0.8239
2014 2 12 24 106 223 468 0.4765 143 0.7413
2014 2 13 24 83 112 472 0.2373 143 0.5804
2014 2 14 24 97 108 473 0.2283 149 0.651
2014 2 15 24 90 193 476 0.4055 149 0.604
2014 2 16 24 53 0 500 0 154 0.3442
2014 2 17 24 69 1 500 0.002 158 0.4367
2014 2 18 24 124 332 500 0.664 160 0.775
2014 2 19 24 32 0 496 0 162 0.1975
2014 2 20 24 144 420 507 0.8284 164 0.878
2014 2 21 24 90 113 512 0.2207 165 0.5455
2014 2 22 24 117 191 518 0.3687 170 0.6882
2014 2 23 24 170 507 520 0.975 177 0.9605
2014 2 24 24 175 510 530 0.9623 177 0.9887
2014 2 25 24 160 501 541 0.9261 179 0.8939
2014 2 26 24 141 358 546 0.6557 180 0.7833
2014 2 27 24 145 279 546 0.511 185 0.7838
2014 2 28 24 181 440 548 0.8029 185 0.9784
2014 3 1 24 89 0 554 0 196 0.4541
2014 3 2 24 108 82 557 0.1472 196 0.551
2014 3 3 24 140 212 558 0.3799 198 0.7071
2014 3 4 24 65 0 562 0 205 0.3171
2014 3 5 24 88 22 566 0.0389 205 0.4293
2014 3 6 24 185 397 569 0.6977 208 0.8894
2014 3 7 24 202 563 571 0.986 209 0.9665
2014 3 8 24 204 566 574 0.9861 211 0.9668
2014 3 9 24 207 570 576 0.9896 213 0.9718
2014 3 10 24 207 572 578 0.9896 213 0.9718
2014 3 11 24 172 423 579 0.7306 217 0.7926
2014 3 12 24 217 576 580 0.9931 219 0.9909
2014 3 13 24 216 569 581 0.9793 223 0.9686
2014 3 14 24 218 579 586 0.9881 226 0.9646
2014 3 15 24 126 153 587 0.2606 229 0.5502
2014 3 16 24 86 77 590 0.1305 229 0.3755
2014 3 17 24 223 584 590 0.9898 234 0.953
2014 3 18 24 217 570 594 0.9596 236 0.9195
2014 3 19 24 182 359 597 0.6013 240 0.7583
2014 3 20 24 224 591 600 0.985 242 0.9256
2014 3 21 24 222 583 603 0.9668 245 0.9061
2014 3 22 24 108 73 603 0.1211 245 0.4408
2014 3 23 24 35 0 606 0 245 0.1429
2014 3 24 24 166 144 610 0.2361 249 0.6667
2014 3 25 24 181 293 612 0.4788 260 0.6962
2014 3 26 24 204 443 613 0.7227 260 0.7846
2014 3 27 24 243 545 615 0.8862 266 0.9135
2014 3 28 24 258 610 617 0.9887 266 0.9699
2014 3 29 24 248 602 617 0.9757 266 0.9323
2014 3 30 24 252 613 620 0.9887 263 0.9582
2014 3 31 24 247 611 622 0.9823 282 0.8759
2014 4 1 24 244 570 623 0.9149 282 0.8652
2014 4 2 24 253 606 624 0.9712 282 0.8972
2014 4 3 24 110 0 625 0 277 0.3971
2014 4 4 24 269 485 625 0.776 277 0.9711
2014 4 5 24 92 19 627 0.0303 277 0.3321
2014 4 6 24 226 391 629 0.6216 291 0.7766
2014 4 7 24 246 518 629 0.8235 291 0.8454
2014 4 8 24 112 105 631 0.1664 291 0.3849
2014 4 9 24 231 441 631 0.6989 287 0.8049
2014 4 10 24 154 21 632 0.0332 296 0.5203
2014 4 11 24 251 499 633 0.7883 299 0.8395
2014 4 12 24 118 82 633 0.1295 299 0.3946
2014 4 13 24 144 117 633 0.1848 300 0.48
2014 4 14 24 239 432 634 0.6814 303 0.7888
2014 4 15 24 197 267 634 0.4211 307 0.6417
2014 4 16 24 307 632 634 0.9968 307 1
2014 4 17 24 306 634 634 1 307 0.9967
2014 4 18 24 119 10 637 0.0157 309 0.3851
2014 4 19 24 283 430 637 0.675 320 0.8844
2014 4 20 24 203 288 638 0.4514 320 0.6344
2014 4 21 24 129 34 639 0.0532 320 0.4031
2014 4 22 24 188 230 639 0.3599 320 0.5875
2014 4 23 24 252 404 640 0.6312 320 0.7875
2014 4 24 24 279 495 640 0.7734 320 0.8719
2014 4 25 24 237 428 640 0.6688 316 0.75
2014 4 26 24 215 259 642 0.4034 316 0.6804
2014 4 27 24 105 0 642 0 315 0.3333
2014 4 28 24 141 45 642 0.0701 337 0.4184
2014 4 29 24 238 220 643 0.3421 337 0.7062
2014 4 30 24 92 0 643 0 337 0.273
2014 5 1 24 214 240 643 0.3733 332 0.6446
2014 5 2 24 176 40 642 0.0623 333 0.5285
2014 5 3 24 169 51 642 0.0794 354 0.4774
2014 5 4 24 354 554 645 0.8589 354 1
2014 5 5 24 319 614 645 0.9519 354 0.9011
2014 5 6 24 264 460 647 0.711 353 0.7479
2014 5 7 24 77 14 647 0.0216 353 0.2181
2014 5 8 24 325 608 647 0.9397 353 0.9207
2014 5 9 24 269 338 648 0.5216 344 0.782
2014 5 10 24 246 285 648 0.4398 344 0.7151
2014 5 11 24 177 182 649 0.2804 344 0.5145
2014 5 12 24 209 190 651 0.2919 341 0.6129
2014 5 13 24 256 252 654 0.3853 353 0.7252
2014 5 14 24 210 173 656 0.2637 353 0.5949
2014 5 15 24 250 282 656 0.4299 353 0.7082
2014 5 16 24 190 172 659 0.261 355 0.5352
2014 5 17 24 239 243 673 0.3611 355 0.6732
2014 5 18 24 273 378 688 0.5494 360 0.7583
2014 5 19 24 313 484 692 0.6994 360 0.8694
2014 5 20 24 291 485 692 0.7009 360 0.8083
2014 5 21 24 321 625 697 0.8967 359 0.8942
2014 5 22 24 247 424 699 0.6066 359 0.688
2014 5 23 24 258 321 702 0.4573 363 0.7107
2014 5 24 24 306 531 705 0.7532 363 0.843
2014 5 25 24 284 487 706 0.6898 363 0.7824
2014 5 26 24 177 60 706 0.085 358 0.4944
2014 5 27 24 110 11 708 0.0155 362 0.3039
2014 5 28 24 197 113 713 0.1585 369 0.5339
2014 5 29 24 182 67 714 0.0938 369 0.4932
2014 5 30 24 83 0 715 0 369 0.2249
2014 5 31 24 351 602 717 0.8396 363 0.9669
2014 6 1 24 361 622 717 0.8675 363 0.9945
2014 6 2 24 180 189 718 0.2632 361 0.4986
2014 6 3 24 207 196 718 0.273 370 0.5595
2014 6 4 24 156 114 718 0.1588 370 0.4216
2014 6 5 24 326 569 698 0.8152 375 0.8693
2014 6 6 24 352 680 725 0.9379 376 0.9362
2014 6 7 24 350 682 725 0.9407 376 0.9309
2014 6 8 24 358 693 727 0.9532 376 0.9521
2014 6 9 24 288 530 727 0.729 366 0.7869
2014 6 10 24 312 540 727 0.7428 366 0.8525
2014 6 11 24 207 366 729 0.5021 384 0.5391
2014 6 12 24 307 571 729 0.7833 384 0.7995
2014 6 13 24 294 443 730 0.6068 384 0.7656
2014 6 14 24 305 435 730 0.5959 363 0.8402
2014 6 15 24 219 178 730 0.2438 367 0.5967
2014 6 16 24 367 592 728 0.8132 367 1
2014 6 17 24 264 400 733 0.5457 367 0.7193
2014 6 18 24 262 375 733 0.5116 366 0.7158
2014 6 19 24 251 289 733 0.3943 367 0.6839
2014 6 20 24 96 26 733 0.0355 367 0.2616
2014 6 21 24 364 680 733 0.9277 368 0.9891
2014 6 22 24 274 431 733 0.588 373 0.7346
2014 6 23 24 202 332 733 0.4529 373 0.5416
2014 6 24 24 168 139 733 0.1896 373 0.4504
2014 6 25 24 215 260 733 0.3547 367 0.5858
2014 6 26 24 343 535 733 0.7299 361 0.9501
2014 6 27 24 213 201 731 0.275 363 0.5868
2014 6 28 24 246 333 731 0.4555 363 0.6777
2014 6 29 24 30 0 731 0 363 0.0826
2014 6 30 24 180 110 728 0.1511 360 0.5
2014 7 1 24 300 488 728 0.6703 365 0.8219
2014 7 2 24 83 0 727 0 365 0.2274
2014 7 3 24 356 692 727 0.9519 365 0.9753
2014 7 4 24 169 229 726 0.3154 360 0.4694
2014 7 5 24 191 175 721 0.2427 360 0.5306
2014 7 6 24 244 391 721 0.5423 356 0.6854
2014 7 7 24 180 164 721 0.2275 365 0.4932
2014 7 8 24 63 0 720 0 365 0.1726
2014 7 9 24 149 42 719 0.0584 365 0.4082
2014 7 10 24 170 37 719 0.0515 362 0.4696
2014 7 11 24 115 49 717 0.0683 357 0.3221
2014 7 12 24 300 393 717 0.5481 354 0.8475
2014 7 13 24 145 89 716 0.1243 350 0.4143
2014 7 14 24 185 144 712 0.2022 354 0.5226
2014 7 15 24 350 656 712 0.9213 354 0.9887
2014 7 16 24 348 682 750 0.9093 354 0.9831
2014 7 17 24 348 659 750 0.8787 350 0.9943
2014 7 18 24 347 684 750 0.912 348 0.9971
2014 7 19 24 321 626 705 0.8879 347 0.9251
2014 7 20 24 139 149 700 0.2129 347 0.4006
2014 7 21 24 67 0 699 0 346 0.1936
2014 7 22 24 75 0 697 0 346 0.2168
2014 7 23 24 261 388 696 0.5575 336 0.7768
2014 7 24 24 124 107 696 0.1537 334 0.3713
2014 7 25 24 315 584 684 0.8538 331 0.9517
2014 7 26 24 60 0 678 0 331 0.1813
2014 7 27 24 54 0 662 0 331 0.1631
2014 7 28 24 238 289 657 0.4399 330 0.7212
2014 7 29 24 137 105 673 0.156 330 0.4152
2014 7 30 24 63 0 673 0 327 0.1927
2014 7 31 24 227 276 673 0.4101 327 0.6942
2014 8 1 24 164 212 651 0.3257 327 0.5015
2014 8 2 24 132 111 651 0.1705 327 0.4037
2014 8 3 24 138 172 648 0.2654 326 0.4233
2014 8 4 24 271 462 648 0.713 325 0.8338
2014 8 5 24 180 159 648 0.2454 317 0.5678
2014 8 6 24 273 505 648 0.7793 317 0.8612
2014 8 7 24 189 219 646 0.339 317 0.5962
2014 8 8 24 222 242 716 0.338 317 0.7003
2014 8 9 24 141 200 716 0.2793 314 0.449
2014 8 10 24 205 335 716 0.4679 314 0.6529
2014 8 11 24 33 1 700 0.0014 305 0.1082
2014 8 12 24 190 300 700 0.4286 315 0.6032
2014 8 13 24 28 1 700 0.0014 315 0.0889
2014 8 14 24 145 95 642 0.148 315 0.4603
2014 8 15 24 133 107 641 0.1669 304 0.4375
2014 8 16 24 113 98 641 0.1529 300 0.3767
2014 8 17 24 263 582 640 0.9094 302 0.8709
2014 8 18 24 265 544 640 0.85 302 0.8775
2014 8 19 24 104 126 639 0.1972 302 0.3444
2014 8 20 24 128 74 639 0.1158 296 0.4324
2014 8 21 24 296 529 638 0.8292 302 0.9801
2014 8 22 24 288 578 638 0.906 302 0.9536
2014 8 23 24 115 55 636 0.0865 302 0.3808
2014 8 24 24 233 382 636 0.6006 288 0.809
2014 8 25 24 131 60 635 0.0945 288 0.4549
2014 8 26 24 72 8 635 0.0126 282 0.2553
2014 8 27 24 116 86 634 0.1356 289 0.4014
2014 8 28 24 287 602 633 0.951 289 0.9931
2014 8 29 24 186 277 633 0.4376 289 0.6436
2014 8 30 24 143 101 633 0.1596 280 0.5107
2014 8 31 24 92 9 633 0.0142 280 0.3286
2014 9 1 24 148 154 632 0.2437 280 0.5286
2014 9 2 24 141 74 630 0.1175 279 0.5054
2014 9 3 24 139 170 628 0.2707 264 0.5265
2014 9 4 24 118 47 628 0.0748 264 0.447
2014 9 5 24 76 42 628 0.0669 266 0.2857
2014 9 6 24 161 148 628 0.2357 266 0.6053
2014 9 7 24 254 545 626 0.8706 266 0.9549
2014 9 8 24 170 270 626 0.4313 259 0.6564
2014 9 9 24 161 304 624 0.4872 259 0.6216
2014 9 10 24 97 103 624 0.1651 250 0.388
2014 9 11 24 119 115 623 0.1846 249 0.4779
2014 9 12 24 98 1 621 0.0016 249 0.3936
2014 9 13 24 164 208 620 0.3355 249 0.6586
2014 9 14 24 224 536 617 0.8687 245 0.9143
2014 9 15 24 211 416 615 0.6764 244 0.8648
2014 9 16 24 163 241 614 0.3925 241 0.6763
2014 9 17 24 206 451 612 0.7369 251 0.8207
2014 9 18 24 115 195 611 0.3191 251 0.4582
2014 9 19 24 96 120 610 0.1967 251 0.3825
2014 9 20 24 110 119 608 0.1957 236 0.4661
2014 9 21 24 127 144 604 0.2384 233 0.5451
2014 9 22 24 160 303 601 0.5042 233 0.6867
2014 9 23 24 223 591 599 0.9866 224 0.9955
2014 9 24 24 185 514 596 0.8624 224 0.8259
2014 9 25 24 108 142 594 0.2391 222 0.4865
2014 9 26 24 117 120 592 0.2027 214 0.5467
2014 9 27 24 207 583 590 0.9881 212 0.9764
2014 9 28 24 203 581 588 0.9881 211 0.9621
2014 9 29 24 203 577 586 0.9846 211 0.9621
2014 9 30 24 69 4 581 0.0069 210 0.3286
2014 10 1 24 106 93 580 0.1603 207 0.5121
2014 10 2 24 195 563 579 0.9724 204 0.9559
2014 10 3 24 180 512 578 0.8858 197 0.9137
2014 10 4 24 190 553 576 0.9601 197 0.9645
2014 10 5 24 114 158 574 0.2753 195 0.5846
2014 10 6 24 128 291 572 0.5087 191 0.6702
2014 10 7 24 64 17 567 0.03 190 0.3368
2014 10 8 24 133 295 567 0.5203 187 0.7112
2014 10 9 24 146 369 562 0.6566 185 0.7892
2014 10 10 24 95 154 559 0.2755 182 0.522
2014 10 11 24 37 7 557 0.0126 181 0.2044
2014 10 12 24 129 314 555 0.5658 178 0.7247
2014 10 13 24 22 0 551 0 178 0.1236
2014 10 14 24 94 135 548 0.2464 175 0.5371
2014 10 15 24 85 89 546 0.163 175 0.4857
2014 10 16 24 51 9 544 0.0165 171 0.2982
2014 10 17 24 93 192 539 0.3562 169 0.5503
2014 10 18 24 153 510 529 0.9641 165 0.9273
2014 10 19 24 152 502 519 0.9672 162 0.9383
2014 10 20 24 92 143 517 0.2766 162 0.5679
2014 10 21 24 104 228 510 0.4471 159 0.6541
2014 10 22 24 31 2 502 0.004 159 0.195
2014 10 23 24 43 1 493 0.002 154 0.2792
2014 10 24 24 150 478 489 0.9775 150 1
2014 10 25 24 65 7 483 0.0145 150 0.4333
2014 10 26 24 144 461 480 0.9604 149 0.9664
2014 10 27 24 142 472 480 0.9833 144 0.9861
2014 10 28 24 138 468 472 0.9915 142 0.9718
2014 10 29 24 134 465 470 0.9894 138 0.971
2014 10 30 24 62 48 465 0.1032 134 0.4627
2014 10 31 24 109 244 463 0.527 133 0.8195
2014 11 1 24 124 460 462 0.9957 130 0.9538
2014 11 2 24 107 428 461 0.9284 130 0.8231
2014 11 3 24 104 314 460 0.6826 129 0.8062
2014 11 4 24 79 63 460 0.137 125 0.632
2014 11 5 24 14 0 458 0 125 0.112
2014 11 6 24 42 0 451 0 125 0.336
2014 11 7 24 76 97 449 0.216 121 0.6281
2014 11 8 24 108 379 445 0.8517 121 0.8926
2014 11 9 24 101 365 443 0.8239 118 0.8559
2014 11 10 24 50 15 441 0.034 118 0.4237
2014 11 11 24 55 104 439 0.2369 114 0.4825
2014 11 12 24 61 73 435 0.1678 114 0.5351
2014 11 13 24 81 273 431 0.6334 108 0.75
2014 11 14 24 96 414 428 0.9673 108 0.8889
2014 11 15 24 38 15 423 0.0355 106 0.3585
2014 11 16 24 73 243 421 0.5772 104 0.7019
2014 11 17 24 48 26 419 0.0621 104 0.4615
2014 11 18 24 47 4 417 0.0096 104 0.4519
2014 11 19 24 70 108 415 0.2602 102 0.6863
2014 11 20 24 83 251 414 0.6063 99 0.8384
2014 11 21 24 99 389 410 0.9488 99 1
2014 11 22 24 88 388 407 0.9533 99 0.8889
2014 11 23 24 85 393 405 0.9704 97 0.8763
2014 11 24 24 75 265 403 0.6576 97 0.7732
2014 11 25 24 61 123 401 0.3067 96 0.6354
2014 11 26 24 39 0 399 0 96 0.4062
2014 11 27 24 51 74 396 0.1869 89 0.573
2014 11 28 24 55 63 395 0.1595 89 0.618
2014 11 29 24 74 322 392 0.8214 86 0.8605
2014 11 30 24 48 45 391 0.1151 102 0.4706
2014 12 1 24 45 62 389 0.1594 102 0.4412
2014 12 2 24 30 0 388 0 102 0.2941
2014 12 3 24 76 375 387 0.969 86 0.8837
2014 12 4 24 54 131 387 0.3385 86 0.6279
2014 12 5 24 74 339 387 0.876 86 0.8605
2014 12 6 24 53 75 386 0.1943 81 0.6543
2014 12 7 24 24 0 381 0 89 0.2697
2014 12 8 24 41 13 380 0.0342 89 0.4607
2014 12 9 24 46 81 379 0.2137 89 0.5169
2014 12 10 24 37 2 377 0.0053 80 0.4625
2014 12 11 24 65 167 377 0.443 80 0.8125
2014 12 12 24 79 367 377 0.9735 81 0.9753
2014 12 13 24 69 284 375 0.7573 81 0.8519
2014 12 14 24 30 0 375 0 81 0.3704
2014 12 15 24 41 26 375 0.0693 76 0.5395
2014 12 16 24 22 0 374 0 85 0.2588
2014 12 17 24 31 0 374 0 85 0.3647
2014 12 18 24 29 0 374 0 85 0.3412
2014 12 19 24 52 138 386 0.3575 84 0.619
2014 12 20 24 73 361 386 0.9352 84 0.869
2014 12 21 24 69 294 386 0.7617 84 0.8214
2014 12 22 24 60 220 373 0.5898 78 0.7692
2014 12 23 24 75 372 373 0.9973 82 0.9146
2014 12 24 24 51 12 373 0.0322 82 0.622
2014 12 25 24 49 85 373 0.2279 82 0.5976
2014 12 26 24 19 0 374 0 77 0.2468
2014 12 27 24 19 0 374 0 77 0.2468
2014 12 28 24 38 0 374 0 77 0.4935
2014 12 29 24 32 29 375 0.0773 79 0.4051
2014 12 30 24 25 0 376 0 79 0.3165
2014 12 31 24 62 171 377 0.4536 79 0.7848
2015 1 1 24 76 375 377 0.9947 79 0.962
2015 1 2 24 60 216 378 0.5714 81 0.7407
2015 1 3 24 60 205 378 0.5423 81 0.7407
2015 1 4 24 62 224 379 0.591 81 0.7654
2015 1 5 24 79 379 381 0.9948 93 0.8495
2015 1 6 24 80 380 382 0.9948 93 0.8602
2015 1 7 24 81 382 384 0.9948 93 0.871
2015 1 8 24 72 179 385 0.4649 86 0.8372
2015 1 9 24 30 5 387 0.0129 87 0.3448
2015 1 10 24 53 153 387 0.3953 93 0.5699
2015 1 11 24 25 0 389 0 93 0.2688
2015 1 12 24 87 316 390 0.8103 93 0.9355
2015 1 13 24 74 264 392 0.6735 91 0.8132
2015 1 14 24 41 37 394 0.0939 92 0.4457
2015 1 15 24 69 213 396 0.5379 92 0.75
2015 1 16 24 46 31 400 0.0775 92 0.5
2015 1 17 24 20 0 401 0 94 0.2128
2015 1 18 24 91 395 403 0.9801 96 0.9479
2015 1 19 24 85 338 405 0.8346 99 0.8586
2015 1 20 24 93 275 408 0.674 99 0.9394
2015 1 21 24 97 383 417 0.9185 107 0.9065
2015 1 22 24 79 114 417 0.2734 107 0.7383
2015 1 23 24 52 0 417 0 107 0.486
2015 1 24 24 80 197 417 0.4724 106 0.7547
2015 1 25 24 64 107 420 0.2548 108 0.5926
2015 1 26 24 93 264 427 0.6183 112 0.8304
2015 1 27 24 61 59 427 0.1382 112 0.5446
2015 1 28 24 109 330 429 0.7692 113 0.9646
2015 1 29 24 50 2 432 0.0046 117 0.4274
2015 1 30 24 49 0 436 0 117 0.4188
2015 1 31 24 105 358 439 0.8155 118 0.8898
2015 2 1 24 77 166 441 0.3764 119 0.6471
2015 2 2 24 51 4 444 0.009 120 0.425
2015 2 3 24 82 65 446 0.1457 125 0.656
2015 2 4 24 102 246 449 0.5479 127 0.8031
2015 2 5 24 83 105 452 0.2323 132 0.6288
2015 2 6 24 108 355 463 0.7667 132 0.8182
2015 2 7 24 127 452 463 0.9762 133 0.9549
2015 2 8 24 53 2 463 0.0043 133 0.3985
2015 2 9 24 44 0 461 0 139 0.3165
2015 2 10 24 135 461 462 0.9978 142 0.9507
2015 2 11 24 137 462 464 0.9957 142 0.9648
2015 2 12 24 141 464 468 0.9915 143 0.986
2015 2 13 24 141 467 472 0.9894 143 0.986
2015 2 14 24 100 247 473 0.5222 149 0.6711
2015 2 15 24 88 152 476 0.3193 149 0.5906
2015 2 16 24 147 475 500 0.95 154 0.9545
2015 2 17 24 149 477 500 0.954 158 0.943
2015 2 18 24 155 479 500 0.958 160 0.9688
2015 2 19 24 160 481 496 0.9698 162 0.9877
2015 2 20 24 162 488 507 0.9625 164 0.9878
2015 2 21 24 97 38 512 0.0742 165 0.5879
2015 2 22 24 80 52 518 0.1004 170 0.4706
2015 2 23 24 99 165 520 0.3173 177 0.5593
2015 2 24 24 54 0 530 0 177 0.3051
2015 2 25 24 113 69 541 0.1275 179 0.6313
2015 2 26 24 179 522 546 0.956 180 0.9944
2015 2 27 24 78 0 546 0 185 0.4216
2015 2 28 24 132 240 548 0.438 185 0.7135
2015 3 1 24 101 33 554 0.0596 196 0.5153
2015 3 2 24 56 9 557 0.0162 196 0.2857
2015 3 3 24 188 427 558 0.7652 198 0.9495
2015 3 4 24 117 60 562 0.1068 205 0.5707
2015 3 5 24 139 136 566 0.2403 205 0.678
2015 3 6 24 198 559 569 0.9824 208 0.9519
2015 3 7 24 197 563 571 0.986 209 0.9426
2015 3 8 24 193 561 574 0.9774 211 0.9147
2015 3 9 24 191 480 576 0.8333 213 0.8967
2015 3 10 24 204 507 578 0.8772 213 0.9577
2015 3 11 24 107 111 579 0.1917 217 0.4931
2015 3 12 24 212 576 580 0.9931 219 0.968
2015 3 13 24 217 578 581 0.9948 223 0.9731
2015 3 14 24 180 440 586 0.7509 226 0.7965
2015 3 15 24 181 394 587 0.6712 229 0.7904
2015 3 16 24 188 386 590 0.6542 229 0.821
2015 3 17 24 118 1 590 0.0017 234 0.5043
2015 3 18 24 219 569 594 0.9579 236 0.928
2015 3 19 24 149 301 597 0.5042 240 0.6208
2015 3 20 24 198 591 600 0.985 242 0.8182
2015 3 21 24 84 2 603 0.0033 245 0.3429
2015 3 22 24 218 411 603 0.6816 245 0.8898
2015 3 23 24 236 599 606 0.9884 245 0.9633
2015 3 24 24 144 112 610 0.1836 249 0.5783
2015 3 25 24 116 27 612 0.0441 260 0.4462
2015 3 26 24 140 64 613 0.1044 260 0.5385
2015 3 27 24 139 98 615 0.1593 266 0.5226
2015 3 28 24 244 550 617 0.8914 266 0.9173
2015 3 29 24 135 90 617 0.1459 266 0.5075
2015 3 30 24 47 0 620 0 263 0.1787
2015 3 31 24 202 330 622 0.5305 282 0.7163
2015 4 1 24 113 10 623 0.0161 282 0.4007
2015 4 2 24 45 0 624 0 282 0.1596
2015 4 3 24 277 603 625 0.9648 277 1
2015 4 4 24 129 0 625 0 277 0.4657
2015 4 5 24 198 144 627 0.2297 277 0.7148
2015 4 6 24 239 273 629 0.434 291 0.8213
2015 4 7 24 291 614 629 0.9762 291 1
2015 4 8 24 282 622 631 0.9857 291 0.9691
2015 4 9 24 287 630 631 0.9984 287 1
2015 4 10 24 272 603 632 0.9541 296 0.9189
2015 4 11 24 195 236 633 0.3728 299 0.6522
2015 4 12 24 278 631 633 0.9968 299 0.9298
2015 4 13 24 285 629 633 0.9937 300 0.95
2015 4 14 24 274 619 634 0.9763 303 0.9043
2015 4 15 24 294 634 634 1 307 0.9577
2015 4 16 24 231 390 634 0.6151 307 0.7524
2015 4 17 24 65 0 634 0 307 0.2117
2015 4 18 24 144 170 637 0.2669 309 0.466
2015 4 19 24 309 637 637 1 320 0.9656
2015 4 20 24 292 597 638 0.9357 320 0.9125
2015 4 21 24 310 637 639 0.9969 320 0.9688
2015 4 22 24 313 639 639 1 320 0.9781
2015 4 23 24 320 637 640 0.9953 320 1
2015 4 24 24 311 633 640 0.9891 320 0.9719
2015 4 25 24 130 27 640 0.0422 316 0.4114
2015 4 26 24 230 308 642 0.4798 316 0.7278
2015 4 27 24 232 277 642 0.4315 315 0.7365
2015 4 28 24 114 0 642 0 337 0.3383
2015 4 29 24 289 534 643 0.8305 337 0.8576
2015 4 30 24 245 269 643 0.4184 337 0.727
2015 5 1 24 90 0 643 0 332 0.2711
2015 5 2 24 209 180 642 0.2804 333 0.6276
2015 5 3 24 128 1 642 0.0016 354 0.3616
2015 5 4 24 143 30 645 0.0465 354 0.404
2015 5 5 24 264 405 645 0.6279 354 0.7458
2015 5 6 24 138 198 647 0.306 353 0.3909
2015 5 7 24 319 525 647 0.8114 353 0.9037
2015 5 8 24 228 349 647 0.5394 353 0.6459
2015 5 9 24 156 18 648 0.0278 344 0.4535
2015 5 10 24 336 645 648 0.9954 344 0.9767
2015 5 11 24 317 637 649 0.9815 344 0.9215
2015 5 12 24 313 641 651 0.9846 341 0.9179
2015 5 13 24 283 482 654 0.737 353 0.8017
2015 5 14 24 339 612 656 0.9329 353 0.9603
2015 5 15 24 80 4 656 0.0061 353 0.2266
2015 5 16 24 170 39 659 0.0592 355 0.4789
2015 5 17 24 353 581 673 0.8633 355 0.9944
2015 5 18 24 314 525 688 0.7631 360 0.8722
2015 5 19 24 127 70 692 0.1012 360 0.3528
2015 5 20 24 86 0 692 0 360 0.2389
2015 5 21 24 162 5 697 0.0072 359 0.4513
2015 5 22 24 118 0 699 0 359 0.3287
2015 5 23 24 93 0 702 0 363 0.2562
2015 5 24 24 187 30 705 0.0426 363 0.5152
2015 5 25 24 117 0 706 0 363 0.3223
2015 5 26 24 166 60 706 0.085 358 0.4637
2015 5 27 24 219 207 708 0.2924 362 0.605
2015 5 28 24 362 685 713 0.9607 369 0.981
2015 5 29 24 340 566 714 0.7927 369 0.9214
2015 5 30 24 261 299 715 0.4182 369 0.7073
2015 5 31 24 160 170 717 0.2371 363 0.4408
2015 6 1 24 264 449 717 0.6262 363 0.7273
2015 6 2 24 284 407 718 0.5669 361 0.7867
2015 6 3 24 296 498 718 0.6936 370 0.8
2015 6 4 24 211 266 718 0.3705 370 0.5703
2015 6 5 24 309 492 698 0.7049 375 0.824
2015 6 6 24 222 396 725 0.5462 376 0.5904
2015 6 7 24 307 494 725 0.6814 376 0.8165
2015 6 8 24 167 126 727 0.1733 376 0.4441
2015 6 9 24 204 198 727 0.2724 366 0.5574
2015 6 10 24 238 310 727 0.4264 366 0.6503
2015 6 11 24 303 482 729 0.6612 384 0.7891
2015 6 12 24 227 327 729 0.4486 384 0.5911
2015 6 13 24 228 227 730 0.311 384 0.5938
2015 6 14 24 189 203 730 0.2781 363 0.5207
2015 6 15 24 100 0 730 0 367 0.2725
2015 6 16 24 135 2 728 0.0027 367 0.3678
2015 6 17 24 195 149 733 0.2033 367 0.5313
2015 6 18 24 172 42 733 0.0573 366 0.4699
2015 6 19 24 158 84 733 0.1146 367 0.4305
2015 6 20 24 120 36 733 0.0491 367 0.327
2015 6 21 24 126 3 733 0.0041 368 0.3424
2015 6 22 24 211 313 733 0.427 373 0.5657
2015 6 23 24 183 128 733 0.1746 373 0.4906
2015 6 24 24 367 639 733 0.8718 373 0.9839
2015 6 25 24 314 588 733 0.8022 367 0.8556
2015 6 26 24 359 695 733 0.9482 361 0.9945
2015 6 27 24 183 209 731 0.2859 363 0.5041
2015 6 28 24 363 604 731 0.8263 363 1
2015 6 29 24 260 369 731 0.5048 363 0.7163
2015 6 30 24 353 696 728 0.956 360 0.9806
2015 7 1 24 351 693 728 0.9519 365 0.9616
2015 7 2 24 349 665 727 0.9147 365 0.9562
2015 7 3 24 339 657 727 0.9037 365 0.9288
2015 7 4 24 318 628 726 0.865 360 0.8833
2015 7 5 24 332 601 721 0.8336 360 0.9222
2015 7 6 24 310 571 721 0.792 356 0.8708
2015 7 7 24 290 517 721 0.7171 365 0.7945
2015 7 8 24 129 71 720 0.0986 365 0.3534
2015 7 9 24 353 568 719 0.79 365 0.9671
2015 7 10 24 357 691 719 0.9611 362 0.9862
2015 7 11 24 314 552 717 0.7699 357 0.8796
2015 7 12 24 339 624 717 0.8703 354 0.9576
2015 7 13 24 150 70 716 0.0978 350 0.4286
2015 7 14 24 339 620 712 0.8708 354 0.9576
2015 7 15 24 343 670 712 0.941 354 0.9689
2015 7 16 24 304 549 750 0.732 354 0.8588
2015 7 17 24 226 435 750 0.58 350 0.6457
2015 7 18 24 247 440 750 0.5867 348 0.7098
2015 7 19 24 306 506 705 0.7177 347 0.8818
2015 7 20 24 310 602 700 0.86 347 0.8934
2015 7 21 24 336 671 699 0.9599 346 0.9711
2015 7 22 24 226 398 697 0.571 346 0.6532
2015 7 23 24 322 522 696 0.75 336 0.9583
2015 7 24 24 239 349 696 0.5014 334 0.7156
2015 7 25 24 180 213 684 0.3114 331 0.5438
2015 7 26 24 231 357 678 0.5265 331 0.6979
2015 7 27 24 300 405 662 0.6118 331 0.9063
2015 7 28 24 246 314 657 0.4779 330 0.7455
2015 7 29 24 167 182 673 0.2704 330 0.5061
2015 7 30 24 204 183 673 0.2719 327 0.6239
2015 7 31 24 308 582 673 0.8648 327 0.9419
2015 8 1 24 88 4 651 0.0061 327 0.2691
2015 8 2 24 240 306 651 0.47 327 0.7339
2015 8 3 24 317 635 648 0.9799 326 0.9724
2015 8 4 24 237 376 648 0.5802 325 0.7292
2015 8 5 24 310 642 648 0.9907 317 0.9779
2015 8 6 24 295 557 648 0.8596 317 0.9306
2015 8 7 24 253 443 646 0.6858 317 0.7981
2015 8 8 24 246 481 716 0.6718 317 0.776
2015 8 9 24 191 327 716 0.4567 314 0.6083
2015 8 10 24 237 347 716 0.4846 314 0.7548
2015 8 11 24 258 420 700 0.6 305 0.8459
2015 8 12 24 298 623 700 0.89 315 0.946
2015 8 13 24 245 457 700 0.6529 315 0.7778
2015 8 14 24 118 110 642 0.1713 315 0.3746
2015 8 15 24 140 167 641 0.2605 304 0.4605
2015 8 16 24 122 36 641 0.0562 300 0.4067
2015 8 17 24 112 0 640 0 302 0.3709
2015 8 18 24 218 261 640 0.4078 302 0.7219
2015 8 19 24 78 2 639 0.0031 302 0.2583
2015 8 20 24 105 23 639 0.036 296 0.3547
2015 8 21 24 160 98 638 0.1536 302 0.5298
2015 8 22 24 274 584 638 0.9154 302 0.9073
2015 8 23 24 160 209 636 0.3286 302 0.5298
2015 8 24 24 117 126 636 0.1981 288 0.4062
2015 8 25 24 212 225 635 0.3543 288 0.7361
2015 8 26 24 281 633 635 0.9969 282 0.9965
2015 8 27 24 269 616 634 0.9716 289 0.9308
2015 8 28 24 263 632 633 0.9984 289 0.91
2015 8 29 24 268 633 633 1 289 0.9273
2015 8 30 24 274 631 633 0.9968 280 0.9786
2015 8 31 24 269 631 633 0.9968 280 0.9607
2015 9 1 24 172 329 632 0.5206 280 0.6143
2015 9 2 24 99 82 630 0.1302 279 0.3548
2015 9 3 24 104 43 628 0.0685 264 0.3939
2015 9 4 24 257 517 628 0.8232 264 0.9735
2015 9 5 24 63 0 628 0 266 0.2368
2015 9 6 24 97 47 628 0.0748 266 0.3647
2015 9 7 24 241 506 626 0.8083 266 0.906
2015 9 8 24 259 589 626 0.9409 259 1
2015 9 9 24 196 313 624 0.5016 259 0.7568
2015 9 10 24 147 202 624 0.3237 250 0.588
2015 9 11 24 195 367 623 0.5891 249 0.7831
2015 9 12 24 238 556 621 0.8953 249 0.9558
2015 9 13 24 82 76 620 0.1226 249 0.3293
2015 9 14 24 100 158 617 0.2561 245 0.4082
2015 9 15 24 152 207 615 0.3366 244 0.623
2015 9 16 24 67 56 614 0.0912 241 0.278
2015 9 17 24 122 215 612 0.3513 251 0.4861
2015 9 18 24 166 164 611 0.2684 251 0.6614
2015 9 19 24 173 277 610 0.4541 251 0.6892
2015 9 20 24 221 442 608 0.727 236 0.9364
2015 9 21 24 226 598 604 0.9901 233 0.97
2015 9 22 24 86 16 601 0.0266 233 0.3691
2015 9 23 24 63 23 599 0.0384 224 0.2812
2015 9 24 24 141 113 596 0.1896 224 0.6295
2015 9 25 24 199 553 594 0.931 222 0.8964
2015 9 26 24 202 509 592 0.8598 214 0.9439
2015 9 27 24 196 543 590 0.9203 212 0.9245
2015 9 28 24 211 564 588 0.9592 211 1
2015 9 29 24 208 575 586 0.9812 211 0.9858
2015 9 30 24 205 568 581 0.9776 210 0.9762
2015 10 1 24 203 514 580 0.8862 207 0.9807
2015 10 2 24 119 196 579 0.3385 204 0.5833
2015 10 3 24 138 252 578 0.436 197 0.7005
2015 10 4 24 106 244 576 0.4236 197 0.5381
2015 10 5 24 161 383 574 0.6672 195 0.8256
2015 10 6 24 130 238 572 0.4161 191 0.6806
2015 10 7 24 63 4 567 0.0071 190 0.3316
2015 10 8 24 113 93 567 0.164 187 0.6043
2015 10 9 24 160 441 562 0.7847 185 0.8649
2015 10 10 24 149 360 559 0.644 182 0.8187
2015 10 11 24 105 182 557 0.3268 181 0.5801
2015 10 12 24 171 530 555 0.955 178 0.9607
2015 10 13 24 50 10 551 0.0181 178 0.2809
2015 10 14 24 160 314 548 0.573 175 0.9143
2015 10 15 24 88 19 546 0.0348 175 0.5029
2015 10 16 24 101 55 544 0.1011 171 0.5906
2015 10 17 24 73 2 539 0.0037 169 0.432
2015 10 18 24 110 139 529 0.2628 165 0.6667
2015 10 19 24 71 40 519 0.0771 162 0.4383
2015 10 20 24 159 498 517 0.9632 162 0.9815
2015 10 21 24 153 493 510 0.9667 159 0.9623
2015 10 22 24 138 393 502 0.7829 159 0.8679
2015 10 23 24 149 481 493 0.9757 154 0.9675
2015 10 24 24 139 451 489 0.9223 150 0.9267
2015 10 25 24 99 275 483 0.5694 150 0.66
2015 10 26 24 138 474 480 0.9875 149 0.9262
2015 10 27 24 131 443 480 0.9229 144 0.9097
2015 10 28 24 73 96 472 0.2034 142 0.5141
2015 10 29 24 53 27 470 0.0574 138 0.3841
2015 10 30 24 127 463 465 0.9957 134 0.9478
2015 10 31 24 129 462 463 0.9978 133 0.9699
2015 11 1 24 130 461 462 0.9978 130 1
2015 11 2 24 129 458 461 0.9935 130 0.9923
2015 11 3 24 115 408 460 0.887 129 0.8915
2015 11 4 24 102 332 460 0.7217 125 0.816
2015 11 5 24 115 450 458 0.9825 125 0.92
2015 11 6 24 98 341 451 0.7561 125 0.784
2015 11 7 24 106 402 449 0.8953 121 0.876
2015 11 8 24 108 439 445 0.9865 121 0.8926
2015 11 9 24 103 359 443 0.8104 118 0.8729
2015 11 10 24 106 434 441 0.9841 118 0.8983
2015 11 11 24 106 429 439 0.9772 114 0.9298
2015 11 12 24 97 373 435 0.8575 114 0.8509
2015 11 13 24 103 378 431 0.877 108 0.9537
2015 11 14 24 83 372 428 0.8692 108 0.7685
2015 11 15 24 27 0 423 0 106 0.2547
2015 11 16 24 91 414 421 0.9834 104 0.875
2015 11 17 24 77 238 419 0.568 104 0.7404
2015 11 18 24 95 410 417 0.9832 104 0.9135
2015 11 19 24 80 367 415 0.8843 102 0.7843
2015 11 20 24 14 0 414 0 99 0.1414
2015 11 21 24 46 94 410 0.2293 99 0.4646
2015 11 22 24 49 3 407 0.0074 99 0.4949
2015 11 23 24 86 321 405 0.7926 97 0.8866
2015 11 24 24 92 397 403 0.9851 97 0.9485
2015 11 25 24 56 29 401 0.0723 96 0.5833
2015 11 26 24 36 2 399 0.005 96 0.375
2015 11 27 24 87 387 396 0.9773 89 0.9775
2015 11 28 24 28 3 395 0.0076 89 0.3146
2015 11 29 24 53 16 392 0.0408 86 0.6163
2015 11 30 24 78 184 391 0.4706 102 0.7647
2015 12 1 24 21 0 389 0 102 0.2059
2015 12 2 24 82 386 388 0.9948 102 0.8039
2015 12 3 24 82 384 387 0.9922 86 0.9535
2015 12 4 24 66 229 387 0.5917 86 0.7674
2015 12 5 24 77 382 387 0.9871 86 0.8953
2015 12 6 24 77 381 386 0.987 81 0.9506
2015 12 7 24 75 380 381 0.9974 89 0.8427
2015 12 8 24 70 231 380 0.6079 89 0.7865
2015 12 9 24 23 0 379 0 89 0.2584
2015 12 10 24 78 377 377 1 80 0.975
2015 12 11 24 67 348 377 0.9231 80 0.8375
2015 12 12 24 80 375 377 0.9947 81 0.9877
2015 12 13 24 64 244 375 0.6507 81 0.7901
2015 12 14 24 73 374 375 0.9973 81 0.9012
2015 12 15 24 52 70 375 0.1867 76 0.6842
2015 12 16 24 28 19 374 0.0508 85 0.3294
2015 12 17 24 61 258 374 0.6898 85 0.7176
2015 12 18 24 58 221 374 0.5909 85 0.6824
2015 12 19 24 64 372 386 0.9637 84 0.7619
2015 12 20 24 70 373 386 0.9663 84 0.8333
2015 12 21 24 53 190 386 0.4922 84 0.631
2015 12 22 24 66 338 373 0.9062 78 0.8462
2015 12 23 24 71 372 373 0.9973 82 0.8659
2015 12 24 24 62 280 373 0.7507 82 0.7561
2015 12 25 24 72 372 373 0.9973 82 0.878
2015 12 26 24 72 373 374 0.9973 77 0.9351
2015 12 27 24 73 374 374 1 77 0.9481
2015 12 28 24 73 374 374 1 77 0.9481
2015 12 29 24 74 369 375 0.984 79 0.9367
2015 12 30 24 74 374 376 0.9947 79 0.9367
2015 12 31 24 18 0 377 0 79 0.2278
2016 1 1 24 71 316 377 0.8382 79 0.8987
2016 1 2 24 24 0 378 0 81 0.2963
2016 1 3 24 70 242 378 0.6402 81 0.8642
2016 1 4 24 56 110 379 0.2902 81 0.6914
2016 1 5 24 51 134 381 0.3517 93 0.5484
2016 1 6 24 64 196 382 0.5131 93 0.6882
2016 1 7 24 25 15 384 0.0391 93 0.2688
2016 1 8 24 53 82 385 0.213 86 0.6163
2016 1 9 24 21 0 387 0 87 0.2414
2016 1 10 24 58 75 387 0.1938 93 0.6237
2016 1 11 24 14 0 389 0 93 0.1505
2016 1 12 24 17 0 390 0 93 0.1828
2016 1 13 24 19 0 392 0 91 0.2088
2016 1 14 24 49 0 394 0 92 0.5326
2016 1 15 24 46 82 396 0.2071 92 0.5
2016 1 16 24 47 32 400 0.08 92 0.5109
2016 1 17 24 23 0 401 0 94 0.2447
2016 1 18 24 92 364 403 0.9032 96 0.9583
2016 1 19 24 58 36 405 0.0889 99 0.5859
2016 1 20 24 38 0 408 0 99 0.3838
2016 1 21 24 99 401 417 0.9616 107 0.9252
2016 1 22 24 99 398 417 0.9544 107 0.9252
2016 1 23 24 76 246 417 0.5899 107 0.7103
2016 1 24 24 84 190 417 0.4556 106 0.7925
2016 1 25 24 96 392 420 0.9333 108 0.8889
2016 1 26 24 80 243 427 0.5691 112 0.7143
2016 1 27 24 92 295 427 0.6909 112 0.8214
2016 1 28 24 89 182 429 0.4242 113 0.7876
2016 1 29 24 99 340 432 0.787 117 0.8462
2016 1 30 24 104 371 436 0.8509 117 0.8889
2016 1 31 24 22 0 439 0 118 0.1864
2016 2 1 24 91 262 441 0.5941 119 0.7647
2016 2 2 24 71 201 444 0.4527 120 0.5917
2016 2 3 24 24 0 446 0 125 0.192
2016 2 4 24 71 45 449 0.1002 127 0.5591
2016 2 5 24 57 53 452 0.1173 132 0.4318
2016 2 6 24 112 426 463 0.9201 132 0.8485
2016 2 7 24 115 161 463 0.3477 133 0.8647
2016 2 8 24 104 283 463 0.6112 133 0.782
2016 2 9 24 60 93 461 0.2017 139 0.4317
2016 2 10 24 67 79 462 0.171 142 0.4718
2016 2 11 24 137 456 464 0.9828 142 0.9648
2016 2 12 24 112 283 468 0.6047 143 0.7832
2016 2 13 24 82 183 472 0.3877 143 0.5734
2016 2 14 24 76 67 473 0.1416 149 0.5101
2016 2 15 24 71 0 476 0 149 0.4765
2016 2 16 24 88 36 500 0.072 154 0.5714
2016 2 17 24 78 0 500 0 158 0.4937
2016 2 18 24 144 447 500 0.894 160 0.9
2016 2 19 24 66 0 496 0 162 0.4074
2016 2 20 24 65 18 507 0.0355 164 0.3963
2016 2 21 24 112 205 512 0.4004 165 0.6788
2016 2 22 24 143 289 518 0.5579 170 0.8412
2016 2 23 24 74 10 520 0.0192 177 0.4181
2016 2 24 24 162 383 530 0.7226 177 0.9153
2016 2 25 24 98 30 541 0.0555 179 0.5475
2016 2 26 24 174 512 546 0.9377 180 0.9667
2016 2 27 24 129 247 546 0.4524 185 0.6973
2016 2 28 24 96 15 548 0.0274 185 0.5189
2016 2 29 24 69 0 549 0 195 0.3538
2016 3 1 24 90 54 554 0.0975 196 0.4592
2016 3 2 24 115 30 557 0.0539 196 0.5867
2016 3 3 24 107 20 558 0.0358 198 0.5404
2016 3 4 24 144 207 562 0.3683 205 0.7024
2016 3 5 24 27 0 566 0 205 0.1317
2016 3 6 24 181 307 569 0.5395 208 0.8702
2016 3 7 24 137 196 571 0.3433 209 0.6555
2016 3 8 24 163 242 574 0.4216 211 0.7725
2016 3 9 24 211 572 576 0.9931 213 0.9906
2016 3 10 24 212 559 578 0.9671 213 0.9953
2016 3 11 24 183 515 579 0.8895 217 0.8433
2016 3 12 24 209 551 580 0.95 219 0.9543
2016 3 13 24 152 193 581 0.3322 223 0.6816
2016 3 14 24 223 580 586 0.9898 226 0.9867
2016 3 15 24 137 158 587 0.2692 229 0.5983
2016 3 16 24 187 397 590 0.6729 229 0.8166
2016 3 17 24 228 587 590 0.9949 234 0.9744
2016 3 18 24 234 575 594 0.968 236 0.9915
2016 3 19 24 236 590 597 0.9883 240 0.9833
2016 3 20 24 233 588 600 0.98 242 0.9628
2016 3 21 24 232 595 603 0.9867 245 0.9469
2016 3 22 24 238 596 603 0.9884 245 0.9714
2016 3 23 24 97 2 606 0.0033 245 0.3959
2016 3 24 24 206 302 610 0.4951 249 0.8273
2016 3 25 24 143 49 612 0.0801 260 0.55
2016 3 26 24 241 417 613 0.6803 260 0.9269
2016 3 27 24 231 505 615 0.8211 266 0.8684
2016 3 28 24 198 328 617 0.5316 266 0.7444
2016 3 29 24 233 586 617 0.9498 266 0.8759
2016 3 30 24 225 348 620 0.5613 263 0.8555
2016 3 31 24 179 310 622 0.4984 282 0.6348
2016 4 1 24 190 289 623 0.4639 282 0.6738
2016 4 2 24 153 69 624 0.1106 282 0.5426
2016 4 3 24 190 244 625 0.3904 277 0.6859
2016 4 4 24 177 284 625 0.4544 277 0.639
2016 4 5 24 97 9 627 0.0144 277 0.3502
2016 4 6 24 96 0 629 0 291 0.3299
2016 4 7 24 223 358 629 0.5692 291 0.7663
2016 4 8 24 121 0 631 0 291 0.4158
2016 4 9 24 125 0 631 0 287 0.4355
2016 4 10 24 244 441 632 0.6978 296 0.8243
2016 4 11 24 257 552 633 0.872 299 0.8595
2016 4 12 24 229 432 633 0.6825 299 0.7659
2016 4 13 24 135 164 633 0.2591 300 0.45
2016 4 14 24 174 134 634 0.2114 303 0.5743
2016 4 15 24 207 210 634 0.3312 307 0.6743
2016 4 16 24 117 51 634 0.0804 307 0.3811
2016 4 17 24 114 26 634 0.041 307 0.3713
2016 4 18 24 180 164 637 0.2575 309 0.5825
2016 4 19 24 299 506 637 0.7943 320 0.9344
2016 4 20 24 317 637 638 0.9984 320 0.9906
2016 4 21 24 310 638 639 0.9984 320 0.9688
2016 4 22 24 248 441 639 0.6901 320 0.775
2016 4 23 24 104 2 640 0.0031 320 0.325
2016 4 24 24 226 227 640 0.3547 320 0.7062
2016 4 25 24 218 164 640 0.2562 316 0.6899
2016 4 26 24 182 80 642 0.1246 316 0.5759
2016 4 27 24 203 181 642 0.2819 315 0.6444
2016 4 28 24 233 142 642 0.2212 337 0.6914
2016 4 29 24 328 597 643 0.9285 337 0.9733
2016 4 30 24 235 319 643 0.4961 337 0.6973
2016 5 1 24 118 0 643 0 332 0.3554
2016 5 2 24 107 18 642 0.028 333 0.3213
2016 5 3 24 122 43 642 0.067 354 0.3446
2016 5 4 24 303 400 645 0.6202 354 0.8559
2016 5 5 24 335 644 645 0.9984 354 0.9463
2016 5 6 24 308 557 647 0.8609 353 0.8725
2016 5 7 24 304 560 647 0.8655 353 0.8612
2016 5 8 24 232 360 647 0.5564 353 0.6572
2016 5 9 24 200 184 648 0.284 344 0.5814
2016 5 10 24 234 286 648 0.4414 344 0.6802
2016 5 11 24 171 83 649 0.1279 344 0.4971
2016 5 12 24 64 0 651 0 341 0.1877
2016 5 13 24 86 0 654 0 353 0.2436
2016 5 14 24 156 68 656 0.1037 353 0.4419
2016 5 15 24 326 401 656 0.6113 353 0.9235
2016 5 16 24 155 19 659 0.0288 355 0.4366
2016 5 17 24 173 22 673 0.0327 355 0.4873
2016 5 18 24 304 518 688 0.7529 360 0.8444
2016 5 19 24 76 0 692 0 360 0.2111
2016 5 20 24 290 363 692 0.5246 360 0.8056
2016 5 21 24 341 680 697 0.9756 359 0.9499
2016 5 22 24 318 588 699 0.8412 359 0.8858
2016 5 23 24 54 0 702 0 363 0.1488
2016 5 24 24 200 62 705 0.0879 363 0.551
2016 5 25 24 354 644 706 0.9122 363 0.9752
2016 5 26 24 268 430 706 0.6091 358 0.7486
2016 5 27 24 322 505 708 0.7133 362 0.8895
2016 5 28 24 299 519 713 0.7279 369 0.8103
2016 5 29 24 130 14 714 0.0196 369 0.3523
2016 5 30 24 124 0 715 0 369 0.336
2016 5 31 24 194 268 717 0.3738 363 0.5344
2016 6 1 24 199 100 717 0.1395 363 0.5482
2016 6 2 24 247 188 718 0.2618 361 0.6842
2016 6 3 24 145 19 718 0.0265 370 0.3919
2016 6 4 24 103 0 718 0 370 0.2784
2016 6 5 24 186 86 698 0.1232 375 0.496
2016 6 6 24 236 339 725 0.4676 376 0.6277
2016 6 7 24 276 294 725 0.4055 376 0.734
2016 6 8 24 142 23 727 0.0316 376 0.3777
2016 6 9 24 119 10 727 0.0138 366 0.3251
2016 6 10 24 366 695 727 0.956 366 1
2016 6 11 24 114 23 729 0.0316 384 0.2969
2016 6 12 24 149 48 729 0.0658 384 0.388
2016 6 13 24 200 88 730 0.1205 384 0.5208
2016 6 14 24 203 180 730 0.2466 363 0.5592
2016 6 15 24 274 315 730 0.4315 367 0.7466
2016 6 16 24 127 114 728 0.1566 367 0.346
2016 6 17 24 251 292 733 0.3984 367 0.6839
2016 6 18 24 247 230 733 0.3138 366 0.6749
2016 6 19 24 182 109 733 0.1487 367 0.4959
2016 6 20 24 305 422 733 0.5757 367 0.8311
2016 6 21 24 193 116 733 0.1583 368 0.5245
2016 6 22 24 359 687 733 0.9372 373 0.9625
2016 6 23 24 364 699 733 0.9536 373 0.9759
2016 6 24 24 269 465 733 0.6344 373 0.7212
2016 6 25 24 200 304 733 0.4147 367 0.545
2016 6 26 24 107 17 733 0.0232 361 0.2964
2016 6 27 24 180 143 731 0.1956 363 0.4959
2016 6 28 24 352 651 731 0.8906 363 0.9697
2016 6 29 24 347 608 731 0.8317 363 0.9559
2016 6 30 24 228 294 728 0.4038 360 0.6333
2016 7 1 24 317 500 728 0.6868 365 0.8685
2016 7 2 24 181 190 727 0.2613 365 0.4959
2016 7 3 24 351 530 727 0.729 365 0.9616
2016 7 4 24 346 583 726 0.803 360 0.9611
2016 7 5 24 298 555 721 0.7698 360 0.8278
2016 7 6 24 286 434 721 0.6019 356 0.8034
2016 7 7 24 351 690 721 0.957 365 0.9616
2016 7 8 24 253 335 720 0.4653 365 0.6932
2016 7 9 24 133 65 719 0.0904 365 0.3644
2016 7 10 24 310 564 719 0.7844 362 0.8564
2016 7 11 24 261 456 717 0.636 357 0.7311
2016 7 12 24 132 173 717 0.2413 354 0.3729
2016 7 13 24 113 48 716 0.067 350 0.3229
2016 7 14 24 136 25 712 0.0351 354 0.3842
2016 7 15 24 137 53 712 0.0744 354 0.387
2016 7 16 24 315 536 750 0.7147 354 0.8898
2016 7 17 24 332 638 750 0.8507 350 0.9486
2016 7 18 24 316 620 750 0.8267 348 0.908
2016 7 19 24 343 682 705 0.9674 347 0.9885
2016 7 20 24 343 681 700 0.9729 347 0.9885
2016 7 21 24 192 226 699 0.3233 346 0.5549
2016 7 22 24 145 91 697 0.1306 346 0.4191
2016 7 23 24 124 85 696 0.1221 336 0.369
2016 7 24 24 233 371 696 0.533 334 0.6976
2016 7 25 24 177 48 684 0.0702 331 0.5347
2016 7 26 24 221 292 678 0.4307 331 0.6677
2016 7 27 24 150 150 662 0.2266 331 0.4532
2016 7 28 24 270 415 657 0.6317 330 0.8182
2016 7 29 24 301 492 673 0.7311 330 0.9121
2016 7 30 24 298 546 673 0.8113 327 0.9113
2016 7 31 24 110 134 673 0.1991 327 0.3364
2016 8 1 24 144 23 651 0.0353 327 0.4404
2016 8 2 24 196 89 651 0.1367 327 0.5994
2016 8 3 24 257 457 648 0.7052 326 0.7883
2016 8 4 24 316 630 648 0.9722 325 0.9723
2016 8 5 24 50 0 648 0 317 0.1577
2016 8 6 24 180 151 648 0.233 317 0.5678
2016 8 7 24 313 644 646 0.9969 317 0.9874
2016 8 8 24 308 632 716 0.8827 317 0.9716
2016 8 9 24 50 0 716 0 314 0.1592
2016 8 10 24 112 64 716 0.0894 314 0.3567
2016 8 11 24 183 242 700 0.3457 305 0.6
2016 8 12 24 87 0 700 0 315 0.2762
2016 8 13 24 304 642 700 0.9171 315 0.9651
2016 8 14 24 304 640 642 0.9969 315 0.9651
2016 8 15 24 241 440 641 0.6864 304 0.7928
2016 8 16 24 266 517 641 0.8066 300 0.8867
2016 8 17 24 110 115 640 0.1797 302 0.3642
2016 8 18 24 205 303 640 0.4734 302 0.6788
2016 8 19 24 225 363 639 0.5681 302 0.745
2016 8 20 24 121 189 639 0.2958 296 0.4088
2016 8 21 24 186 174 638 0.2727 302 0.6159
2016 8 22 24 302 636 638 0.9969 302 1
2016 8 23 24 284 636 636 1 302 0.9404
2016 8 24 24 284 635 636 0.9984 288 0.9861
2016 8 25 24 282 635 635 1 288 0.9792
2016 8 26 24 277 634 635 0.9984 282 0.9823
2016 8 27 24 252 552 634 0.8707 289 0.872
2016 8 28 24 247 505 633 0.7978 289 0.8547
2016 8 29 24 157 246 633 0.3886 289 0.5433
2016 8 30 24 190 274 633 0.4329 280 0.6786
2016 8 31 24 226 424 633 0.6698 280 0.8071
2016 9 1 24 197 333 632 0.5269 280 0.7036
2016 9 2 24 254 614 630 0.9746 279 0.9104
2016 9 3 24 221 538 628 0.8567 264 0.8371
2016 9 4 24 147 204 628 0.3248 264 0.5568
2016 9 5 24 70 23 628 0.0366 266 0.2632
2016 9 6 24 266 470 628 0.7484 266 1
2016 9 7 24 255 622 626 0.9936 266 0.9586
2016 9 8 24 233 527 626 0.8419 259 0.8996
2016 9 9 24 230 539 624 0.8638 259 0.888
2016 9 10 24 185 399 624 0.6394 250 0.74
2016 9 11 24 227 535 623 0.8587 249 0.9116
2016 9 12 24 216 497 621 0.8003 249 0.8675
2016 9 13 24 151 340 620 0.5484 249 0.6064
2016 9 14 24 218 540 617 0.8752 245 0.8898
2016 9 15 24 100 99 615 0.161 244 0.4098
2016 9 16 24 84 50 614 0.0814 241 0.3485
2016 9 17 24 68 0 612 0 251 0.2709
2016 9 18 24 111 62 611 0.1015 251 0.4422
2016 9 19 24 33 0 610 0 251 0.1315
2016 9 20 24 183 373 608 0.6135 236 0.7754
2016 9 21 24 193 320 604 0.5298 233 0.8283
2016 9 22 24 218 587 601 0.9767 233 0.9356
2016 9 23 24 165 313 599 0.5225 224 0.7366
2016 9 24 24 214 581 596 0.9748 224 0.9554
2016 9 25 24 212 586 594 0.9865 222 0.955
2016 9 26 24 205 544 592 0.9189 214 0.9579
2016 9 27 24 112 198 590 0.3356 212 0.5283
2016 9 28 24 203 578 588 0.983 211 0.9621
2016 9 29 24 198 578 586 0.9863 211 0.9384
2016 9 30 24 197 549 581 0.9449 210 0.9381
2016 10 1 24 85 37 580 0.0638 207 0.4106
2016 10 2 24 113 85 579 0.1468 204 0.5539
2016 10 3 24 81 36 578 0.0623 197 0.4112
2016 10 4 24 152 316 576 0.5486 197 0.7716
2016 10 5 24 179 453 574 0.7892 195 0.9179
2016 10 6 24 151 455 572 0.7955 191 0.7906
2016 10 7 24 141 267 567 0.4709 190 0.7421
2016 10 8 24 82 80 567 0.1411 187 0.4385
2016 10 9 24 70 87 562 0.1548 185 0.3784
2016 10 10 24 89 19 559 0.034 182 0.489
2016 10 11 24 144 270 557 0.4847 181 0.7956
2016 10 12 24 169 497 555 0.8955 178 0.9494
2016 10 13 24 87 13 551 0.0236 178 0.4888
2016 10 14 24 61 31 548 0.0566 175 0.3486
2016 10 15 24 122 245 546 0.4487 175 0.6971
2016 10 16 24 162 512 544 0.9412 171 0.9474
2016 10 17 24 75 1 539 0.0019 169 0.4438
2016 10 18 24 78 46 529 0.087 165 0.4727
2016 10 19 24 32 0 519 0 162 0.1975
2016 10 20 24 109 196 517 0.3791 162 0.6728
2016 10 21 24 79 49 510 0.0961 159 0.4969
2016 10 22 24 111 215 502 0.4283 159 0.6981
2016 10 23 24 78 121 493 0.2454 154 0.5065
2016 10 24 24 105 221 489 0.4519 150 0.7
2016 10 25 24 29 0 483 0 150 0.1933
2016 10 26 24 31 1 480 0.0021 149 0.2081
2016 10 27 24 124 396 480 0.825 144 0.8611
2016 10 28 24 130 466 472 0.9873 142 0.9155
2016 10 29 24 118 411 470 0.8745 138 0.8551
2016 10 30 24 128 463 465 0.9957 134 0.9552
2016 10 31 24 125 459 463 0.9914 133 0.9398
2016 11 1 24 122 455 462 0.9848 130 0.9385
2016 11 2 24 85 307 461 0.6659 130 0.6538
2016 11 3 24 117 400 460 0.8696 129 0.907
2016 11 4 24 84 214 460 0.4652 125 0.672
2016 11 5 24 34 0 458 0 125 0.272
2016 11 6 24 11 0 451 0 125 0.088
2016 11 7 24 79 72 449 0.1604 121 0.6529
2016 11 8 24 115 392 445 0.8809 121 0.9504
2016 11 9 24 69 32 443 0.0722 118 0.5847
2016 11 10 24 82 147 441 0.3333 118 0.6949
2016 11 11 24 53 1 439 0.0023 114 0.4649
2016 11 12 24 79 115 435 0.2644 114 0.693
2016 11 13 24 60 0 431 0 108 0.5556
2016 11 14 24 105 420 428 0.9813 108 0.9722
2016 11 15 24 80 130 423 0.3073 106 0.7547
2016 11 16 24 53 0 421 0 104 0.5096
2016 11 17 24 86 334 419 0.7971 104 0.8269
2016 11 18 24 42 2 417 0.0048 104 0.4038
2016 11 19 24 31 0 415 0 102 0.3039
2016 11 20 24 67 144 414 0.3478 99 0.6768
2016 11 21 24 68 95 410 0.2317 99 0.6869
2016 11 22 24 94 275 407 0.6757 99 0.9495
2016 11 23 24 46 0 405 0 97 0.4742
2016 11 24 24 42 0 403 0 97 0.433
2016 11 25 24 29 3 401 0.0075 96 0.3021
2016 11 26 24 51 81 399 0.203 96 0.5312
2016 11 27 24 49 12 396 0.0303 89 0.5506
2016 11 28 24 86 305 395 0.7722 89 0.9663
2016 11 29 24 85 390 392 0.9949 86 0.9884
2016 11 30 24 83 386 391 0.9872 102 0.8137
2016 12 1 24 47 83 389 0.2134 102 0.4608
2016 12 2 24 81 384 388 0.9897 102 0.7941
2016 12 3 24 78 382 387 0.9871 86 0.907
2016 12 4 24 80 382 387 0.9871 86 0.9302
2016 12 5 24 81 381 387 0.9845 86 0.9419
2016 12 6 24 78 380 386 0.9845 81 0.963
2016 12 7 24 78 378 381 0.9921 89 0.8764
2016 12 8 24 74 378 380 0.9947 89 0.8315
2016 12 9 24 63 237 379 0.6253 89 0.7079
2016 12 10 24 74 377 377 1 80 0.925
2016 12 11 24 51 155 377 0.4111 80 0.6375
2016 12 12 24 61 255 377 0.6764 81 0.7531
2016 12 13 24 71 367 375 0.9787 81 0.8765
2016 12 14 24 72 374 375 0.9973 81 0.8889
2016 12 15 24 74 374 375 0.9973 76 0.9737
2016 12 16 24 74 374 374 1 85 0.8706
2016 12 17 24 74 367 374 0.9813 85 0.8706
2016 12 18 24 71 326 374 0.8717 85 0.8353
2016 12 19 24 64 328 386 0.8497 84 0.7619
2016 12 20 24 47 44 386 0.114 84 0.5595
2016 12 21 24 71 373 386 0.9663 84 0.8452
2016 12 22 24 71 372 373 0.9973 78 0.9103
2016 12 23 24 73 372 373 0.9973 82 0.8902
2016 12 24 24 56 180 373 0.4826 82 0.6829
2016 12 25 24 30 0 373 0 82 0.3659
2016 12 26 24 68 347 374 0.9278 77 0.8831
2016 12 27 24 74 374 374 1 77 0.961
2016 12 28 24 74 373 374 0.9973 77 0.961
2016 12 29 24 73 373 375 0.9947 79 0.9241
2016 12 30 24 75 374 376 0.9947 79 0.9494
2016 12 31 24 75 376 377 0.9973 79 0.9494
2017 1 1 24 77 377 377 1 79 0.9747
2017 1 2 24 61 254 378 0.672 81 0.7531
2017 1 3 24 80 377 378 0.9974 81 0.9877
2017 1 4 24 31 0 379 0 81 0.3827
2017 1 5 24 20 0 381 0 93 0.2151
2017 1 6 24 93 380 382 0.9948 93 1
2017 1 7 24 38 0 384 0 93 0.4086
2017 1 8 24 35 0 385 0 86 0.407
2017 1 9 24 86 385 387 0.9948 87 0.9885
2017 1 10 24 55 101 387 0.261 93 0.5914
2017 1 11 24 82 194 389 0.4987 93 0.8817
2017 1 12 24 63 158 390 0.4051 93 0.6774
2017 1 13 24 30 0 392 0 91 0.3297
2017 1 14 24 28 0 394 0 92 0.3043
2017 1 15 24 60 28 396 0.0707 92 0.6522
2017 1 16 24 83 255 400 0.6375 92 0.9022
2017 1 17 24 82 323 401 0.8055 94 0.8723
2017 1 18 24 94 397 403 0.9851 96 0.9792
2017 1 19 24 95 399 405 0.9852 99 0.9596
2017 1 20 24 97 401 408 0.9828 99 0.9798
2017 1 21 24 99 404 417 0.9688 107 0.9252
2017 1 22 24 102 403 417 0.9664 107 0.9533
2017 1 23 24 103 408 417 0.9784 107 0.9626
2017 1 24 24 102 410 417 0.9832 106 0.9623
2017 1 25 24 102 415 420 0.9881 108 0.9444
2017 1 26 24 106 417 427 0.9766 112 0.9464
2017 1 27 24 106 418 427 0.9789 112 0.9464
2017 1 28 24 76 233 429 0.5431 113 0.6726
2017 1 29 24 109 426 432 0.9861 117 0.9316
2017 1 30 24 55 37 436 0.0849 117 0.4701
2017 1 31 24 34 0 439 0 118 0.2881
2017 2 1 24 56 61 441 0.1383 119 0.4706
2017 2 2 24 90 158 444 0.3559 120 0.75
2017 2 3 24 71 140 446 0.3139 125 0.568
2017 2 4 24 60 39 449 0.0869 127 0.4724
2017 2 5 24 51 3 452 0.0066 132 0.3864
2017 2 6 24 61 0 463 0 132 0.4621
2017 2 7 24 97 162 463 0.3499 133 0.7293
2017 2 8 24 77 2 463 0.0043 133 0.5789
2017 2 9 24 130 459 461 0.9957 139 0.9353
2017 2 10 24 111 274 462 0.5931 142 0.7817
2017 2 11 24 134 412 464 0.8879 142 0.9437
2017 2 12 24 123 379 468 0.8098 143 0.8601
2017 2 13 24 140 468 472 0.9915 143 0.979
2017 2 14 24 143 472 473 0.9979 149 0.9597
2017 2 15 24 147 472 476 0.9916 149 0.9866
2017 2 16 24 147 475 500 0.95 154 0.9545
2017 2 17 24 57 53 500 0.106 158 0.3608
2017 2 18 24 152 422 500 0.844 160 0.95
2017 2 19 24 160 462 496 0.9315 162 0.9877
2017 2 20 24 144 368 507 0.7258 164 0.878
2017 2 21 24 47 0 512 0 165 0.2848
2017 2 22 24 147 360 518 0.695 170 0.8647
2017 2 23 24 141 369 520 0.7096 177 0.7966
2017 2 24 24 59 2 530 0.0038 177 0.3333
2017 2 25 24 174 519 541 0.9593 179 0.9721
2017 2 26 24 103 96 546 0.1758 180 0.5722
2017 2 27 24 180 486 546 0.8901 185 0.973
2017 2 28 24 45 0 548 0 185 0.2432
2017 3 1 24 140 144 554 0.2599 196 0.7143
2017 3 2 24 101 42 557 0.0754 196 0.5153
2017 3 3 24 148 278 558 0.4982 198 0.7475
2017 3 4 24 112 217 562 0.3861 205 0.5463
2017 3 5 24 137 217 566 0.3834 205 0.6683
2017 3 6 24 120 58 569 0.1019 208 0.5769
2017 3 7 24 131 148 571 0.2592 209 0.6268
2017 3 8 24 162 291 574 0.507 211 0.7678
2017 3 9 24 37 0 576 0 213 0.1737
2017 3 10 24 201 453 578 0.7837 213 0.9437
2017 3 11 24 211 516 579 0.8912 217 0.9724
2017 3 12 24 215 576 580 0.9931 219 0.9817
2017 3 13 24 218 576 581 0.9914 223 0.9776
2017 3 14 24 216 579 586 0.9881 226 0.9558
2017 3 15 24 212 551 587 0.9387 229 0.9258
2017 3 16 24 222 565 590 0.9576 229 0.9694
2017 3 17 24 225 577 590 0.978 234 0.9615
2017 3 18 24 69 0 594 0 236 0.2924
2017 3 19 24 93 7 597 0.0117 240 0.3875
2017 3 20 24 215 587 600 0.9783 242 0.8884
2017 3 21 24 198 415 603 0.6882 245 0.8082
2017 3 22 24 110 7 603 0.0116 245 0.449
2017 3 23 24 131 120 606 0.198 245 0.5347
2017 3 24 24 166 105 610 0.1721 249 0.6667
2017 3 25 24 244 590 612 0.9641 260 0.9385
2017 3 26 24 128 134 613 0.2186 260 0.4923
2017 3 27 24 255 606 615 0.9854 266 0.9586
2017 3 28 24 252 611 617 0.9903 266 0.9474
2017 3 29 24 252 608 617 0.9854 266 0.9474
2017 3 30 24 253 612 620 0.9871 263 0.962
2017 3 31 24 252 614 622 0.9871 282 0.8936
2017 4 1 24 207 303 623 0.4864 282 0.734
2017 4 2 24 210 383 624 0.6138 282 0.7447
2017 4 3 24 226 477 625 0.7632 277 0.8159
2017 4 4 24 69 7 625 0.0112 277 0.2491
2017 4 5 24 136 72 627 0.1148 277 0.491
2017 4 6 24 175 213 629 0.3386 291 0.6014
2017 4 7 24 232 330 629 0.5246 291 0.7973
2017 4 8 24 279 629 631 0.9968 291 0.9588
2017 4 9 24 280 630 631 0.9984 287 0.9756
2017 4 10 24 233 452 632 0.7152 296 0.7872
2017 4 11 24 198 310 633 0.4897 299 0.6622
2017 4 12 24 284 633 633 1 299 0.9498
2017 4 13 24 245 483 633 0.763 300 0.8167
2017 4 14 24 290 632 634 0.9968 303 0.9571
2017 4 15 24 133 61 634 0.0962 307 0.4332
2017 4 16 24 110 13 634 0.0205 307 0.3583
2017 4 17 24 176 38 634 0.0599 307 0.5733
2017 4 18 24 207 85 637 0.1334 309 0.6699
2017 4 19 24 238 278 637 0.4364 320 0.7438
2017 4 20 24 320 501 638 0.7853 320 1
2017 4 21 24 308 633 639 0.9906 320 0.9625
2017 4 22 24 310 591 639 0.9249 320 0.9688
2017 4 23 24 296 482 640 0.7531 320 0.925
2017 4 24 24 245 406 640 0.6344 320 0.7656
2017 4 25 24 200 226 640 0.3531 316 0.6329
2017 4 26 24 97 2 642 0.0031 316 0.307
2017 4 27 24 128 1 642 0.0016 315 0.4063
2017 4 28 24 109 0 642 0 337 0.3234
2017 4 29 24 337 641 643 0.9969 337 1
2017 4 30 24 332 643 643 1 337 0.9852
2017 5 1 24 82 28 643 0.0435 332 0.247
2017 5 2 24 298 535 642 0.8333 333 0.8949
2017 5 3 24 202 115 642 0.1791 354 0.5706
2017 5 4 24 160 25 645 0.0388 354 0.452
2017 5 5 24 317 450 645 0.6977 354 0.8955
2017 5 6 24 141 57 647 0.0881 353 0.3994
2017 5 7 24 113 0 647 0 353 0.3201
2017 5 8 24 99 1 647 0.0015 353 0.2805
2017 5 9 24 318 487 648 0.7515 344 0.9244
2017 5 10 24 344 643 648 0.9923 344 1
2017 5 11 24 193 191 649 0.2943 344 0.561
2017 5 12 24 223 267 651 0.4101 341 0.654
2017 5 13 24 215 179 654 0.2737 353 0.6091
2017 5 14 24 208 228 656 0.3476 353 0.5892
2017 5 15 24 247 258 656 0.3933 353 0.6997
2017 5 16 24 344 644 659 0.9772 355 0.969
2017 5 17 24 342 652 673 0.9688 355 0.9634
2017 5 18 24 213 250 688 0.3634 360 0.5917
2017 5 19 24 123 32 692 0.0462 360 0.3417
2017 5 20 24 127 7 692 0.0101 360 0.3528
2017 5 21 24 320 487 697 0.6987 359 0.8914
2017 5 22 24 317 589 699 0.8426 359 0.883
2017 5 23 24 306 495 702 0.7051 363 0.843
2017 5 24 24 226 257 705 0.3645 363 0.6226
2017 5 25 24 313 446 706 0.6317 363 0.8623
2017 5 26 24 355 683 706 0.9674 358 0.9916
2017 5 27 24 354 683 708 0.9647 362 0.9779
2017 5 28 24 352 685 713 0.9607 369 0.9539
2017 5 29 24 346 642 714 0.8992 369 0.9377
2017 5 30 24 320 568 715 0.7944 369 0.8672
2017 5 31 24 310 511 717 0.7127 363 0.854
2017 6 1 24 254 327 717 0.4561 363 0.6997
2017 6 2 24 305 466 718 0.649 361 0.8449
2017 6 3 24 334 556 718 0.7744 370 0.9027
2017 6 4 24 130 81 718 0.1128 370 0.3514
2017 6 5 24 158 101 698 0.1447 375 0.4213
2017 6 6 24 116 58 725 0.08 376 0.3085
2017 6 7 24 365 592 725 0.8166 376 0.9707
2017 6 8 24 339 692 727 0.9519 376 0.9016
2017 6 9 24 290 461 727 0.6341 366 0.7923
2017 6 10 24 334 528 727 0.7263 366 0.9126
2017 6 11 24 354 694 729 0.952 384 0.9219
2017 6 12 24 270 340 729 0.4664 384 0.7031
2017 6 13 24 312 589 730 0.8068 384 0.8125
2017 6 14 24 110 22 730 0.0301 363 0.303
2017 6 15 24 319 522 730 0.7151 367 0.8692
2017 6 16 24 137 79 728 0.1085 367 0.3733
2017 6 17 24 363 619 733 0.8445 367 0.9891
2017 6 18 24 363 698 733 0.9523 366 0.9918
2017 6 19 24 345 660 733 0.9004 367 0.9401
2017 6 20 24 331 587 733 0.8008 367 0.9019
2017 6 21 24 329 528 733 0.7203 368 0.894
2017 6 22 24 352 656 733 0.895 373 0.9437
2017 6 23 24 178 219 733 0.2988 373 0.4772
2017 6 24 24 282 497 733 0.678 373 0.756
2017 6 25 24 106 43 733 0.0587 367 0.2888
2017 6 26 24 316 555 733 0.7572 361 0.8753
2017 6 27 24 197 140 731 0.1915 363 0.5427
2017 6 28 24 67 32 731 0.0438 363 0.1846
2017 6 29 24 256 267 731 0.3653 363 0.7052
2017 6 30 24 286 434 728 0.5962 360 0.7944
2017 7 1 24 190 107 728 0.147 365 0.5205
2017 7 2 24 135 7 727 0.0096 365 0.3699
2017 7 3 24 301 431 727 0.5928 365 0.8247
2017 7 4 24 346 655 726 0.9022 360 0.9611
2017 7 5 24 346 654 721 0.9071 360 0.9611
2017 7 6 24 355 690 721 0.957 356 0.9972
2017 7 7 24 289 442 721 0.613 365 0.7918
2017 7 8 24 195 295 720 0.4097 365 0.5342
2017 7 9 24 194 235 719 0.3268 365 0.5315
2017 7 10 24 181 132 719 0.1836 362 0.5
2017 7 11 24 254 316 717 0.4407 357 0.7115
2017 7 12 24 248 346 717 0.4826 354 0.7006
2017 7 13 24 314 452 716 0.6313 350 0.8971
2017 7 14 24 123 53 712 0.0744 354 0.3475
2017 7 15 24 209 191 712 0.2683 354 0.5904
2017 7 16 24 343 616 750 0.8213 354 0.9689
2017 7 17 24 330 639 750 0.852 350 0.9429
2017 7 18 24 304 541 750 0.7213 348 0.8736
2017 7 19 24 281 495 705 0.7021 347 0.8098
2017 7 20 24 185 181 700 0.2586 347 0.5331
2017 7 21 24 261 425 699 0.608 346 0.7543
2017 7 22 24 307 487 697 0.6987 346 0.8873
2017 7 23 24 259 412 696 0.592 336 0.7708
2017 7 24 24 95 9 696 0.0129 334 0.2844
2017 7 25 24 97 5 684 0.0073 331 0.2931
2017 7 26 24 80 1 678 0.0015 331 0.2417
2017 7 27 24 175 76 662 0.1148 331 0.5287
2017 7 28 24 254 298 657 0.4536 330 0.7697
2017 7 29 24 308 569 673 0.8455 330 0.9333
2017 7 30 24 222 321 673 0.477 327 0.6789
2017 7 31 24 251 459 673 0.682 327 0.7676
2017 8 1 24 272 515 651 0.7911 327 0.8318
2017 8 2 24 207 344 651 0.5284 327 0.633
2017 8 3 24 227 408 648 0.6296 326 0.6963
2017 8 4 24 228 382 648 0.5895 325 0.7015
2017 8 5 24 232 351 648 0.5417 317 0.7319
2017 8 6 24 32 0 648 0 317 0.1009
2017 8 7 24 310 635 646 0.983 317 0.9779
2017 8 8 24 126 107 716 0.1494 317 0.3975
2017 8 9 24 242 358 716 0.5 314 0.7707
2017 8 10 24 112 126 716 0.176 314 0.3567
2017 8 11 24 89 1 700 0.0014 305 0.2918
2017 8 12 24 97 30 700 0.0429 315 0.3079
2017 8 13 24 284 430 700 0.6143 315 0.9016
2017 8 14 24 295 630 642 0.9813 315 0.9365
2017 8 15 24 278 619 641 0.9657 304 0.9145
2017 8 16 24 164 158 641 0.2465 300 0.5467
2017 8 17 24 246 470 640 0.7344 302 0.8146
2017 8 18 24 302 614 640 0.9594 302 1
2017 8 19 24 108 20 639 0.0313 302 0.3576
2017 8 20 24 200 249 639 0.3897 296 0.6757
2017 8 21 24 144 42 638 0.0658 302 0.4768
2017 8 22 24 229 347 638 0.5439 302 0.7583
2017 8 23 24 187 307 636 0.4827 302 0.6192
2017 8 24 24 267 538 636 0.8459 288 0.9271
2017 8 25 24 269 633 635 0.9969 288 0.934
2017 8 26 24 222 423 635 0.6661 282 0.7872
2017 8 27 24 170 273 634 0.4306 289 0.5882
2017 8 28 24 178 290 633 0.4581 289 0.6159
2017 8 29 24 269 633 633 1 289 0.9308
2017 8 30 24 251 629 633 0.9937 280 0.8964
2017 8 31 24 51 3 633 0.0047 280 0.1821
2017 9 1 24 87 44 632 0.0696 280 0.3107
2017 9 2 24 60 0 630 0 279 0.2151
2017 9 3 24 164 157 628 0.25 264 0.6212
2017 9 4 24 185 327 628 0.5207 264 0.7008
2017 9 5 24 175 297 628 0.4729 266 0.6579
2017 9 6 24 108 75 628 0.1194 266 0.406
2017 9 7 24 229 406 626 0.6486 266 0.8609
2017 9 8 24 244 618 626 0.9872 259 0.9421
2017 9 9 24 33 3 624 0.0048 259 0.1274
2017 9 10 24 96 0 624 0 250 0.384
2017 9 11 24 132 120 623 0.1926 249 0.5301
2017 9 12 24 104 36 621 0.058 249 0.4177
2017 9 13 24 157 243 620 0.3919 249 0.6305
2017 9 14 24 89 173 617 0.2804 245 0.3633
2017 9 15 24 146 266 615 0.4325 244 0.5984
2017 9 16 24 138 135 614 0.2199 241 0.5726
2017 9 17 24 147 160 612 0.2614 251 0.5857
2017 9 18 24 221 414 611 0.6776 251 0.8805
2017 9 19 24 61 0 610 0 251 0.243
2017 9 20 24 125 73 608 0.1201 236 0.5297
2017 9 21 24 228 596 604 0.9868 233 0.9785
2017 9 22 24 217 592 601 0.985 233 0.9313
2017 9 23 24 170 388 599 0.6477 224 0.7589
2017 9 24 24 141 241 596 0.4044 224 0.6295
2017 9 25 24 161 291 594 0.4899 222 0.7252
2017 9 26 24 176 386 592 0.652 214 0.8224
2017 9 27 24 113 77 590 0.1305 212 0.533
2017 9 28 24 167 428 588 0.7279 211 0.7915
2017 9 29 24 83 44 586 0.0751 211 0.3934
2017 9 30 24 144 308 581 0.5301 210 0.6857
2017 10 1 24 136 215 580 0.3707 207 0.657
2017 10 2 24 92 120 579 0.2073 204 0.451
2017 10 3 24 54 43 578 0.0744 197 0.2741
2017 10 4 24 140 258 576 0.4479 197 0.7107
2017 10 5 24 183 480 574 0.8362 195 0.9385
2017 10 6 24 93 141 572 0.2465 191 0.4869
2017 10 7 24 182 465 567 0.8201 190 0.9579
2017 10 8 24 55 7 567 0.0123 187 0.2941
2017 10 9 24 131 216 562 0.3843 185 0.7081
2017 10 10 24 153 416 559 0.7442 182 0.8407
2017 10 11 24 171 537 557 0.9641 181 0.9448
2017 10 12 24 172 544 555 0.9802 178 0.9663
2017 10 13 24 169 536 551 0.9728 178 0.9494
2017 10 14 24 166 528 548 0.9635 175 0.9486
2017 10 15 24 166 524 546 0.9597 175 0.9486
2017 10 16 24 164 517 544 0.9504 171 0.9591
2017 10 17 24 152 479 539 0.8887 169 0.8994
2017 10 18 24 159 509 529 0.9622 165 0.9636
2017 10 19 24 148 482 519 0.9287 162 0.9136
2017 10 20 24 149 486 517 0.94 162 0.9198
2017 10 21 24 120 319 510 0.6255 159 0.7547
2017 10 22 24 42 11 502 0.0219 159 0.2642
2017 10 23 24 38 0 493 0 154 0.2468
2017 10 24 24 136 437 489 0.8937 150 0.9067
2017 10 25 24 125 419 483 0.8675 150 0.8333
2017 10 26 24 124 463 480 0.9646 149 0.8322
2017 10 27 24 27 10 480 0.0208 144 0.1875
2017 10 28 24 135 449 472 0.9513 142 0.9507
2017 10 29 24 34 1 470 0.0021 138 0.2464
2017 10 30 24 133 424 465 0.9118 134 0.9925
2017 10 31 24 128 461 463 0.9957 133 0.9624
2017 11 1 24 91 223 462 0.4827 130 0.7
2017 11 2 24 89 210 461 0.4555 130 0.6846
2017 11 3 24 121 453 460 0.9848 129 0.938
2017 11 4 24 102 390 460 0.8478 125 0.816
2017 11 5 24 17 0 458 0 125 0.136
2017 11 6 24 71 59 451 0.1308 125 0.568
2017 11 7 24 77 212 449 0.4722 121 0.6364
2017 11 8 24 81 73 445 0.164 121 0.6694
2017 11 9 24 108 356 443 0.8036 118 0.9153
2017 11 10 24 68 122 441 0.2766 118 0.5763
2017 11 11 24 68 30 439 0.0683 114 0.5965
2017 11 12 24 44 19 435 0.0437 114 0.386
2017 11 13 24 43 0 431 0 108 0.3981
2017 11 14 24 106 420 428 0.9813 108 0.9815
2017 11 15 24 104 417 423 0.9858 106 0.9811
2017 11 16 24 98 391 421 0.9287 104 0.9423
2017 11 17 24 92 362 419 0.864 104 0.8846
2017 11 18 24 101 408 417 0.9784 104 0.9712
2017 11 19 24 36 2 415 0.0048 102 0.3529
2017 11 20 24 75 62 414 0.1498 99 0.7576
2017 11 21 24 45 2 410 0.0049 99 0.4545
2017 11 22 24 94 388 407 0.9533 99 0.9495
2017 11 23 24 76 254 405 0.6272 97 0.7835
2017 11 24 24 61 162 403 0.402 97 0.6289
2017 11 25 24 19 0 401 0 96 0.1979
2017 11 26 24 42 7 399 0.0175 96 0.4375
2017 11 27 24 65 182 396 0.4596 89 0.7303
2017 11 28 24 53 10 395 0.0253 89 0.5955
2017 11 29 24 39 0 392 0 86 0.4535
2017 11 30 24 34 0 391 0 102 0.3333
2017 12 1 24 78 258 389 0.6632 102 0.7647
2017 12 2 24 70 327 388 0.8428 102 0.6863
2017 12 3 24 84 380 387 0.9819 86 0.9767
2017 12 4 24 30 0 387 0 86 0.3488
2017 12 5 24 67 224 387 0.5788 86 0.7791
2017 12 6 24 79 380 386 0.9845 81 0.9753
2017 12 7 24 79 379 381 0.9948 89 0.8876
2017 12 8 24 30 0 380 0 89 0.3371
2017 12 9 24 39 46 379 0.1214 89 0.4382
2017 12 10 24 19 0 377 0 80 0.2375
2017 12 11 24 19 0 377 0 80 0.2375
2017 12 12 24 21 0 377 0 81 0.2593
2017 12 13 24 71 255 375 0.68 81 0.8765
2017 12 14 24 30 0 375 0 81 0.3704
2017 12 15 24 54 183 375 0.488 76 0.7105
2017 12 16 24 32 6 374 0.016 85 0.3765
2017 12 17 24 33 0 374 0 85 0.3882
2017 12 18 24 33 0 374 0 85 0.3882
2017 12 19 24 34 8 386 0.0207 84 0.4048
2017 12 20 24 72 286 386 0.7409 84 0.8571
2017 12 21 24 61 233 386 0.6036 84 0.7262
